<?xml version="1.0" encoding="utf-8"?>
<COLLADA xmlns="http://www.collada.org/2005/11/COLLADASchema" version="1.4.1">
  <asset />
  <library_images>
    <image id="mReBody_Alb">
      <init_from>mReBody_Alb.png</init_from>
    </image>
    <image id="mReBody_Nrm">
      <init_from>mReBody_Nrm.png</init_from>
    </image>
    <image id="mReBody_Mix">
      <init_from>mReBody_Mix.png</init_from>
    </image>
  </library_images>
  <library_materials>
    <material id="mReBody">
      <instance_effect url="#Effect_mReBody" />
    </material>
  </library_materials>
  <library_effects>
    <effect id="Effect_mReBody">
      <profile_COMMON>
        <newparam sid="surface_mReBody-diffuse">
          <surface type="2D">
            <init_from>mReBody_Alb</init_from>
            <format>A8R8G8B8</format>
          </surface>
        </newparam>
        <newparam sid="sampler_mReBody-diffuse">
          <sampler2D>
            <source>surface_mReBody-diffuse</source>
            <wrap_s>WRAP</wrap_s>
            <wrap_t>WRAP</wrap_t>
          </sampler2D>
        </newparam>
        <newparam sid="surface_mReBody-bump">
          <surface type="2D">
            <init_from>mReBody_Nrm</init_from>
            <format>A8R8G8B8</format>
          </surface>
        </newparam>
        <newparam sid="sampler_mReBody-bump">
          <sampler2D>
            <source>surface_mReBody-bump</source>
            <wrap_s>WRAP</wrap_s>
            <wrap_t>WRAP</wrap_t>
          </sampler2D>
        </newparam>
        <newparam sid="surface_mReBody-specular">
          <surface type="2D">
            <init_from>mReBody_Mix</init_from>
            <format>A8R8G8B8</format>
          </surface>
        </newparam>
        <newparam sid="sampler_mReBody-specular">
          <sampler2D>
            <source>surface_mReBody-specular</source>
            <wrap_s>WRAP</wrap_s>
            <wrap_t>WRAP</wrap_t>
          </sampler2D>
        </newparam>
        <technique sid="common">
          <phong>
            <diffuse>
              <texture texture="sampler_mReBody-diffuse" texcoord="CHANNEL0" />
            </diffuse>
            <bump>
              <texture texture="sampler_mReBody-bump" texcoord="CHANNEL0" />
            </bump>
            <specular>
              <texture texture="sampler_mReBody-specular" texcoord="CHANNEL0" />
            </specular>
            <emission>
              <color sid="emission">0 0 0 1</color>
            </emission>
          </phong>
        </technique>
      </profile_COMMON>
    </effect>
  </library_effects>
  <library_geometries>
    <geometry id="Body__mReBody-mesh" name="Body__mReBody">
      <mesh>
        <source id="Body__mReBody-position">
          <float_array id="Body__mReBody-position-array" count="2406">-2.660885 5.911278 -1.302198 -2.502324 4.999403 -1.586604 -2.625182 6.055636 -1.74702 -2.801161 6.409156 -1.160775 -2.737293 6.992072 -1.956551 -2.907713 7.118394 -1.730304 -3.103137 6.770538 -1.04722 -3.005025 8.012796 -1.998279 -2.865699 8.105461 -2.203153 -3.192402 7.312757 -1.444384 -3.764014 7.422183 -1.267713 -3.692789 6.851753 -0.9854789 -3.826959 8.011253 -1.411235 -3.283766 8.016778 -1.596436 -3.936711 8.898162 -1.356468 -3.406578 8.929067 -1.614906 -4.049548 9.384324 -1.08037 -3.120096 8.953366 -2.142916 -3.001187 9.019202 -2.399917 -3.508664 9.431323 -1.40911 -4.207207 9.971279 -0.9646139 -3.240536 9.764944 -2.279619 -3.112211 9.722037 -2.56578 -3.211283 10.32611 -2.695144 -3.387435 9.879575 -1.782421 -3.419322 10.44209 -2.371852 -3.434057 10.53143 -3.029414 -3.587327 9.937101 -1.360666 -4.309467 10.45301 -1.255152 -4.085063 10.73299 -2.600011 -3.768015 10.47794 -3.617517 -3.603354 10.27828 -1.546725 -4.252258 10.72729 -1.815541 -3.5441 10.49215 -1.898426 -3.491521 2.220588 4.241365 -3.495674 2.222306 -2.08482 -3.508207 2.154628 4.248818 -3.508207 2.154628 -2.094819 -3.508207 1.517385 4.248818 -3.508207 1.517385 -2.094819 -3.348327 1.393796 -2.094819 -3.348328 1.393796 4.248818 0 1.393796 4.248818 0 1.517385 4.387249 -3.348328 1.517385 4.387249 -3.508207 1.517385 4.248818 -3.508207 2.154628 4.248818 -3.491521 2.220588 4.241365 -3.375251 2.217368 4.366823 -3.348328 2.154628 4.387249 -2.444834 2.216623 4.379025 -2.451852 2.154628 4.387249 0 2.154628 4.387249 0 2.216532 4.379031 2.451852 2.154628 4.387249 2.444834 2.216623 4.379025 3.348328 1.517385 4.387249 3.348328 2.154628 4.387249 3.375251 2.217368 4.366823 3.491521 2.220588 4.241365 3.508207 2.154628 4.248818 3.508207 1.517385 4.248818 3.348328 1.393796 4.248818 3.348327 1.393796 -2.094819 3.508207 1.517385 -2.094819 3.508207 1.517385 4.248818 3.508207 2.154628 -2.094819 3.508207 2.154628 4.248818 3.495674 2.222306 -2.08482 3.491521 2.220588 4.241365 0 1.393796 -2.294754 1.871625 1.517385 -2.378887 -1.871625 1.517385 -2.378887 3.348327 1.517385 -2.218408 3.508207 1.517385 -2.094819 3.508207 2.154628 -2.094819 0 1.517385 -2.418342 3.348327 2.154628 -2.218408 3.495674 2.222306 -2.08482 3.338241 2.219983 -2.221586 1.871625 2.154628 -2.378887 1.872191 2.215944 -2.381109 0 2.154628 -2.418342 0 2.213381 -2.427504 -1.871625 2.154628 -2.378887 -1.872191 2.215944 -2.381109 -3.338241 2.219983 -2.221586 -3.348327 2.154628 -2.218408 -3.495674 2.222306 -2.08482 -3.508207 2.154628 -2.094819 -3.508207 1.517385 -2.094819 -3.348327 1.517385 -2.218408 -2.143473 1.426434 2.868703 -2.381937 0 3.113399 -3.033286 0 3.113399 -3.272984 1.426434 2.868703 -3.033286 0 3.790743 -3.272984 1.426434 4.038256 -2.143473 1.426434 4.038256 -3.033286 0 3.113399 -2.381937 0 3.113399 -2.381937 0 3.790743 -2.143473 1.426434 2.868703 -2.381937 0 3.113399 -2.143473 1.426434 -2.079102 -2.381937 0 -1.834406 -3.033286 0 -1.834406 -3.272984 1.426434 -2.079102 -3.033286 0 -1.157063 -3.272984 1.426434 -0.9095497 -2.143473 1.426434 -0.9095497 -3.033286 0 -1.834406 -2.381937 0 -1.834406 -2.381937 0 -1.157063 -2.143473 1.426434 -2.079102 -2.381937 0 -1.834406 2.660885 5.911278 -1.302198 2.625182 6.055636 -1.74702 2.502324 4.999403 -1.586604 2.801161 6.409156 -1.160775 2.737293 6.992072 -1.956551 2.907713 7.118394 -1.730304 3.103137 6.770538 -1.04722 3.005025 8.012796 -1.998279 2.865699 8.105461 -2.203153 3.192402 7.312757 -1.444384 3.764014 7.422183 -1.267713 3.692789 6.851753 -0.9854789 3.826959 8.011253 -1.411235 3.283766 8.016778 -1.596436 3.936711 8.898162 -1.356468 3.120096 8.953366 -2.142916 3.001187 9.019202 -2.399917 3.406578 8.929067 -1.614906 4.049548 9.384324 -1.08037 3.240536 9.764944 -2.279619 3.112211 9.722037 -2.56578 3.211283 10.32611 -2.695144 3.508664 9.431323 -1.40911 4.207207 9.971279 -0.9646139 3.387435 9.879575 -1.782421 3.587327 9.937101 -1.360666 4.309467 10.45301 -1.255152 3.603354 10.27828 -1.546725 4.252258 10.72729 -1.815541 3.5441 10.49215 -1.898426 4.085063 10.73299 -2.600011 3.419322 10.44209 -2.371852 3.434057 10.53143 -3.029414 3.768015 10.47794 -3.617517 3.024696 0 3.113399 2.373346 0 3.113399 2.134882 1.426434 2.868703 3.264394 1.426434 2.868703 3.024696 0 3.790743 3.264394 1.426434 4.038256 2.134882 1.426434 4.038256 2.373346 0 3.790743 3.024696 0 3.113399 2.373346 0 3.113399 2.134882 1.426434 2.868703 2.373346 0 3.113399 3.024696 0 -1.834406 2.373346 0 -1.834406 2.134882 1.426434 -2.079102 3.264394 1.426434 -2.079102 3.024696 0 -1.157063 3.264394 1.426434 -0.9095497 2.134882 1.426434 -0.9095497 2.373346 0 -1.157063 3.024696 0 -1.834406 2.373346 0 -1.834406 2.134882 1.426434 -2.079102 2.373346 0 -1.834406 3.764864 3.668301 4.248818 3.930678 4.460576 4.058125 3.89548 4.561517 4.207406 3.95647 4.409914 -0.8653424 3.749515 3.470551 -1.83725 3.516718 2.352241 4.248818 3.491521 2.220588 4.241365 3.495674 2.222306 -2.08482 3.516718 2.352241 -2.094819 3.56766 3.414389 -2.38261 3.845543 4.430308 -2.079278 3.618601 4.429585 -2.670401 3.986824 4.627783 -1.025423 4.099866 4.714513 -0.932592 3.995028 5.688283 -2.371448 3.708337 5.670607 -3.015206 4.151929 5.72315 -1.236944 4.097018 5.742406 -1.070183 4.144588 6.913483 -2.642516 3.782578 6.846467 -3.348913 4.308782 6.820421 -1.208849 4.28536 6.794934 -0.9300489 4.334913 6.848856 -1.467231 4.270693 7.388372 -1.292881 3.692789 6.851753 -0.9854789 3.764014 7.422183 -1.267713 4.47683 7.965011 -1.726574 4.338375 7.991554 -1.440218 3.826959 8.011253 -1.411235 4.283814 8.112165 -2.880975 3.868972 8.082067 -3.677284 4.621316 8.825421 -1.699493 4.468329 8.843251 -1.373235 3.936711 8.898162 -1.356468 4.461308 9.583115 -2.985456 3.953533 9.478286 -3.961799 3.918128 10.08458 -3.921868 4.56888 9.329665 -1.042961 4.049548 9.384324 -1.08037 4.747569 9.353265 -1.32708 4.824161 9.773082 -1.810056 4.860303 9.872987 -1.236046 4.672415 9.919255 -0.9445354 4.207207 9.971279 -0.9646139 4.882338 10.20208 -1.41889 4.714476 10.40138 -1.227479 4.309467 10.45301 -1.255152 4.856436 10.41201 -1.884986 4.643365 10.67725 -1.869672 4.252258 10.72729 -1.815541 4.085063 10.73299 -2.600011 4.532622 10.42802 -2.967153 3.768015 10.47794 -3.617517 4.384413 10.65267 -2.838307 2.993378 3.860755 4.168776 2.916322 3.866023 4.2952 3.069389 3.866023 4.2952 2.997514 4.613231 4.205041 2.917873 4.626487 4.32866 3.005909 5.325535 4.259338 2.619371 3.882136 4.2952 2.929835 5.32498 4.373199 3.053709 5.769943 4.246886 2.667138 4.684782 4.31533 2.520856 3.87687 4.172938 2.993937 5.844885 4.407479 3.201697 6.080181 4.246886 2.533646 4.73667 4.194403 2.483668 3.87687 3.90963 3.131147 6.16312 4.429179 3.519415 6.267743 4.246886 2.809659 5.898807 4.41101 2.714991 5.320188 4.364398 2.577199 5.330941 4.332074 2.658405 5.93152 4.372979 2.519011 5.33628 4.196188 2.483321 5.032722 3.90963 2.485941 3.81479 2.105083 2.55187 5.989572 4.173764 2.483321 5.032722 -1.357186 2.488213 3.799366 0.3005371 2.490486 3.783941 -1.504009 2.502324 4.999403 -1.586604 2.660885 5.911278 -1.302198 2.522177 6.016479 -1.111381 2.801161 6.409156 -1.160775 2.522177 6.016479 3.909628 2.708424 6.530636 -0.9842017 3.103137 6.770538 -1.04722 2.665451 6.429604 4.177974 3.086345 6.93024 -0.8769841 2.652407 6.530636 3.909628 3.692789 6.851753 -0.9854789 2.713505 6.23985 4.393227 3.051546 6.37776 4.442734 3.049386 6.693563 4.406497 3.53244 6.411676 4.441479 3.884317 6.26605 4.246886 3.537306 6.607987 4.4618 3.95469 6.379749 4.438492 4.154877 6.072954 4.246886 3.5672 6.859393 4.418765 3.060121 6.85136 4.193006 4.047447 6.562486 4.459729 3.086345 6.93024 3.909627 3.610892 7.017345 4.215865 4.177882 6.765341 4.415596 3.713656 7.075315 -0.8174801 3.634274 7.075315 3.909628 4.287794 6.957485 -0.7813495 4.28536 6.794934 -0.9300489 4.259625 6.904922 4.21125 4.308712 6.957485 3.909628 4.783433 6.56916 -0.785926 4.703112 6.521654 4.193406 4.783433 6.56916 3.909628 4.591466 6.425611 4.402822 4.935661 5.974748 4.160313 4.998721 5.997138 3.909628 4.661498 6.479647 -0.9325421 4.097018 5.742406 -1.070183 4.998721 5.997138 -0.7859979 4.85165 5.974619 -0.9326864 4.824659 5.493425 -0.9327444 4.527534 5.057374 -0.9326675 4.099866 4.714513 -0.932592 4.967711 5.444893 -0.7860267 4.184056 4.595361 -0.7859508 3.95647 4.409914 -0.8653424 4.635593 4.95741 -0.7859879 4.184056 4.595361 3.909628 3.930678 4.460576 4.058125 4.635593 4.95741 3.909628 4.967711 5.444893 3.909628 4.904871 5.44662 4.143926 4.590741 4.939985 4.117188 4.142002 4.593146 4.066661 4.020963 4.60057 4.213146 3.89548 4.561517 4.207406 4.470001 4.968707 4.300456 4.024352 4.761516 4.275463 3.961457 4.991204 4.243321 4.760615 5.436871 4.354546 4.022006 4.925342 4.279086 4.782392 5.923755 4.384883 4.311784 5.063188 4.350314 4.173234 5.148842 4.352608 4.076035 5.238874 4.246886 4.254927 5.485231 4.246886 4.364718 5.455698 4.383945 4.282483 5.79663 4.246886 4.555269 5.436757 4.397832 4.385343 5.833939 4.407894 4.563577 5.866456 4.423512 4.26334 6.158229 4.42635 4.400879 6.286232 4.447757 -3.764864 3.668301 4.248818 -3.89548 4.561517 4.207406 -3.930678 4.460576 4.058125 -3.95647 4.409914 -0.8653424 -3.749515 3.470551 -1.83725 -3.516718 2.352241 4.248818 -3.516718 2.352241 -2.094819 -3.491521 2.220588 4.241365 -3.495674 2.222306 -2.08482 -3.56766 3.414389 -2.38261 -3.845543 4.430308 -2.079278 -3.618601 4.429585 -2.670401 -3.985382 4.617972 -1.024072 -4.099866 4.714513 -0.932592 -3.995028 5.688283 -2.371448 -3.708337 5.670607 -3.015206 -4.151929 5.72315 -1.236944 -4.097018 5.742406 -1.070183 -4.144588 6.913483 -2.642516 -3.782578 6.846467 -3.348913 -4.308782 6.820421 -1.208849 -4.28536 6.794934 -0.9300489 -4.334913 6.848856 -1.467231 -4.270693 7.388372 -1.292881 -3.692789 6.851753 -0.9854789 -3.764014 7.422183 -1.267713 -4.47683 7.965011 -1.726574 -4.338375 7.991554 -1.440218 -3.826959 8.011253 -1.411235 -4.283814 8.112165 -2.880975 -3.868972 8.082067 -3.677284 -4.621316 8.825421 -1.699493 -4.468329 8.843251 -1.373235 -3.936711 8.898162 -1.356468 -4.461308 9.583115 -2.985456 -3.953533 9.478286 -3.961799 -3.918128 10.08458 -3.921868 -4.56888 9.329665 -1.042961 -4.049548 9.384324 -1.08037 -4.747569 9.353265 -1.32708 -4.824161 9.773082 -1.810056 -4.860303 9.872987 -1.236046 -4.672415 9.919255 -0.9445354 -4.207207 9.971279 -0.9646139 -4.882338 10.20208 -1.41889 -4.714476 10.40138 -1.227479 -4.309467 10.45301 -1.255152 -4.856436 10.41201 -1.884986 -4.643365 10.67725 -1.869672 -4.252258 10.72729 -1.815541 -4.085063 10.73299 -2.600011 -4.532622 10.42802 -2.967153 -3.768015 10.47794 -3.617517 -4.384413 10.65267 -2.838307 -2.993378 3.860755 4.168776 -3.069389 3.866023 4.2952 -2.916322 3.866023 4.2952 -2.997514 4.613231 4.205041 -2.917873 4.626487 4.32866 -2.619371 3.882136 4.2952 -3.005909 5.325535 4.259338 -2.667138 4.684782 4.31533 -2.520856 3.87687 4.172938 -2.929835 5.32498 4.373199 -3.053709 5.769943 4.246886 -2.533646 4.73667 4.194403 -2.483668 3.87687 3.90963 -2.993937 5.844885 4.407479 -3.201697 6.080181 4.246886 -2.714991 5.320188 4.364398 -3.131147 6.16312 4.429179 -3.519415 6.267743 4.246886 -2.809659 5.898807 4.41101 -3.53244 6.411676 4.441479 -3.884317 6.26605 4.246886 -3.051546 6.37776 4.442734 -3.95469 6.379749 4.438492 -4.154877 6.072954 4.246886 -3.537306 6.607987 4.4618 -2.713505 6.23985 4.393227 -4.26334 6.158229 4.42635 -2.658405 5.93152 4.372979 -4.385343 5.833939 4.407894 -4.282483 5.79663 4.246886 -2.577199 5.330941 4.332074 -2.519011 5.33628 4.196188 -2.55187 5.989572 4.173764 -2.483321 5.032722 3.90963 -2.485941 3.81479 2.105083 -2.522177 6.016479 3.909628 -2.665451 6.429604 4.177974 -2.483321 5.032722 -1.357186 -2.488213 3.799366 0.3005372 -2.490486 3.783941 -1.504009 -2.502324 4.999403 -1.586604 -2.660885 5.911278 -1.302198 -2.522177 6.016479 -1.111381 -2.801161 6.409156 -1.160775 -2.708424 6.530636 -0.9842017 -3.103137 6.770538 -1.04722 -2.652407 6.530636 3.909628 -3.086345 6.93024 -0.8769841 -3.692789 6.851753 -0.9854789 -3.060121 6.85136 4.193006 -3.713656 7.075315 -0.8174801 -3.086345 6.93024 3.909627 -4.287794 6.957485 -0.7813495 -4.28536 6.794934 -0.9300489 -3.634274 7.075315 3.909628 -3.610892 7.017345 4.215865 -3.049386 6.693563 4.406497 -3.5672 6.859393 4.418765 -4.047447 6.562486 4.459729 -4.177882 6.765341 4.415596 -4.400879 6.286232 4.447757 -4.259625 6.904922 4.21125 -4.591466 6.425611 4.402822 -4.563577 5.866456 4.423512 -4.782392 5.923755 4.384883 -4.703112 6.521654 4.193406 -4.308712 6.957485 3.909628 -4.935661 5.974748 4.160313 -4.783433 6.56916 3.909628 -4.783433 6.56916 -0.7859259 -4.661498 6.479647 -0.9325421 -4.097018 5.742406 -1.070183 -4.998721 5.997138 -0.7859979 -4.85165 5.974619 -0.9326864 -4.824659 5.493425 -0.9327444 -4.998721 5.997138 3.909628 -4.967711 5.444893 -0.7860267 -4.967711 5.444893 3.909628 -4.527534 5.057374 -0.9326675 -4.099866 4.714513 -0.932592 -4.635593 4.95741 -0.7859879 -4.184056 4.595361 -0.7859508 -3.95647 4.409914 -0.8653424 -4.635593 4.95741 3.909628 -4.184056 4.595361 3.909628 -3.930678 4.460576 4.058125 -4.904871 5.44662 4.143926 -4.590741 4.939985 4.117188 -4.760615 5.436871 4.354546 -4.142002 4.593146 4.066661 -4.470001 4.968707 4.300456 -4.555269 5.436757 4.397832 -4.020963 4.60057 4.213146 -3.89548 4.561517 4.207406 -4.024352 4.761516 4.275463 -3.961457 4.991204 4.243321 -4.311784 5.063188 4.350314 -4.022006 4.925342 4.279086 -4.173234 5.148842 4.352608 -4.076035 5.238874 4.246886 -4.254927 5.485231 4.246886 -4.364718 5.455698 4.383945 2.993378 3.860755 4.168776 3.069389 3.866023 4.2952 2.997514 4.613231 4.205041 3.065312 4.608952 4.289935 3.661009 3.835481 4.2952 3.005909 5.325535 4.259338 3.764864 3.668301 4.248818 3.89548 4.561517 4.207406 3.81284 4.588112 4.291258 3.961457 4.991204 4.243321 3.923285 5.041657 4.291258 4.076035 5.238874 4.246886 3.061443 5.332384 4.289935 3.085487 5.747266 4.289935 3.053709 5.769943 4.246886 3.672402 5.689509 4.289934 3.224953 6.037827 4.289935 3.201697 6.080181 4.246886 3.522448 6.226236 4.289935 3.519415 6.267743 4.246886 3.864943 6.223002 4.289935 3.884317 6.26605 4.246886 4.115221 6.049517 4.289935 4.154877 6.072954 4.246886 4.228465 5.784526 4.289935 4.282483 5.79663 4.246886 4.254927 5.485231 4.246886 4.198657 5.498184 4.289935 4.028687 5.279049 4.289935 3.434057 10.53143 -3.029414 3.768015 10.47794 -3.617517 3.701447 10.5122 -3.678557 3.35447 10.57558 -3.053545 3.211283 10.32611 -2.695144 3.071632 11.09792 -3.794949 3.146799 10.34412 -2.717679 3.017593 11.09899 -3.193213 2.485284 11.61082 -3.244871 2.485284 11.58954 -3.908532 2.485283 11.23792 -2.700833 3.029918 9.749066 -2.561049 3.112211 9.722037 -2.56578 2.408232 10.58764 -2.274738 2.92755 9.08818 -2.390887 3.001187 9.019202 -2.399917 2.292655 9.612206 -1.977258 2.782454 8.138885 -2.172056 2.865699 8.105461 -2.203153 2.177077 8.636778 -1.679779 2.656595 7.01846 -1.928961 2.737293 6.992072 -1.956551 2.625182 6.055636 -1.74702 2.091359 7.336206 -1.424911 2.587441 6.028867 -1.773563 2.502324 4.999403 -1.586604 2.00564 6.035635 -1.268131 2.467501 4.984135 -1.625509 2.429968 3.915585 -1.516679 2.490486 3.783941 -1.504009 2.411782 3.843159 -1.515527 1.945801 3.934256 -1.374601 1.25547 3.839205 -1.281178 1.077046 6.042404 -1.238636 1.248652 3.963669 -1.220217 0.5709113 3.954515 -1.223489 0 3.840748 -1.279721 1.127688 7.466165 -1.323326 0 3.946805 -1.214901 1.17833 8.889925 -1.601449 -0.5709113 3.954515 -1.223489 -1.25547 3.839205 -1.281178 0 6.036355 -1.197984 -1.248652 3.963669 -1.220217 0 7.491675 -1.250245 -1.077046 6.042404 -1.238636 -1.945801 3.934256 -1.374601 -2.411782 3.843159 -1.515527 -2.429968 3.915585 -1.516679 -2.490486 3.783941 -1.504009 -2.502324 4.999403 -1.586604 -2.467501 4.984135 -1.625509 -2.00564 6.035635 -1.268131 -2.587441 6.028867 -1.773563 -2.625182 6.055636 -1.74702 -2.656595 7.01846 -1.928961 -2.737293 6.992072 -1.956551 -2.865699 8.105461 -2.203153 -2.091359 7.336206 -1.424911 -2.782454 8.138885 -2.172056 -3.001187 9.019202 -2.399917 -1.127688 7.466165 -1.323326 -2.177077 8.636778 -1.679779 -2.92755 9.08818 -2.390887 -3.112211 9.722037 -2.56578 -1.17833 8.889925 -1.601449 -2.292655 9.612206 -1.977258 -3.029918 9.749066 -2.561049 -3.211283 10.32611 -2.695144 0 8.946997 -1.503417 -1.231805 9.957746 -1.894959 -2.408232 10.58764 -2.274738 -3.146799 10.34412 -2.717679 -3.35447 10.57558 -3.053545 -3.434057 10.53143 -3.029414 -3.768015 10.47794 -3.617517 -3.701447 10.5122 -3.678557 -3.071632 11.09792 -3.794949 -3.017593 11.09899 -3.193213 -2.485283 11.23792 -2.700833 -2.485284 11.61082 -3.244871 -2.485284 11.58954 -3.908532 -1.28528 11.02557 -2.33405 -1.556464 11.73745 -2.743249 -1.575562 12.11969 -3.236689 -1.575562 12.12318 -3.990696 -0.7095673 11.95032 -2.747848 -0.7095681 12.34663 -3.220623 -0.7095683 12.34961 -4.048035 0 12.40223 -4.046278 0 11.24526 -2.28228 0 12.39976 -3.206627 0 11.98939 -2.752188 0.7095681 12.34663 -3.220623 0.7095683 12.34961 -4.048035 1.575562 12.12318 -3.990696 0.7095673 11.95032 -2.747848 1.575562 12.11969 -3.236689 1.556464 11.73745 -2.743249 1.28528 11.02557 -2.33405 0 10.09613 -1.815971 1.231805 9.957746 -1.894959 -2.993378 3.860755 4.168776 -2.997514 4.613231 4.205041 -3.069389 3.866023 4.2952 -3.065312 4.608952 4.289935 -3.005909 5.325535 4.259338 -3.661009 3.835481 4.2952 -3.89548 4.561517 4.207406 -3.764864 3.668301 4.248818 -3.81284 4.588112 4.291258 -3.961457 4.991204 4.243321 -3.923285 5.041657 4.291258 -4.076035 5.238874 4.246886 -3.061443 5.332384 4.289935 -3.085487 5.747266 4.289935 -3.053709 5.769943 4.246886 -3.672402 5.689509 4.289934 -3.224953 6.037827 4.289935 -3.201697 6.080181 4.246886 -3.522448 6.226236 4.289935 -3.519415 6.267743 4.246886 -3.864943 6.223002 4.289935 -3.884317 6.26605 4.246886 -4.115221 6.049517 4.289935 -4.154877 6.072954 4.246886 -4.228465 5.784526 4.289935 -4.282483 5.79663 4.246886 -4.254927 5.485231 4.246886 -4.198657 5.498184 4.289935 -4.028687 5.279049 4.289935 3.375251 2.217368 4.366823 3.491521 2.220588 4.241365 3.516718 2.352241 4.248818 3.384619 2.352241 4.433475 2.437582 2.352241 4.433475 2.444834 2.216623 4.379025 0 2.216532 4.379031 3.612212 3.68116 4.433475 3.764864 3.668301 4.248818 3.661009 3.835481 4.2952 3.069389 3.866023 4.2952 2.437582 3.727815 4.433475 2.916322 3.866023 4.2952 2.619371 3.882136 4.2952 0 2.352241 4.433475 -2.437582 2.352241 4.433475 -2.444834 2.216623 4.379025 -3.375251 2.217368 4.366823 2.43436 3.882136 4.2952 2.520856 3.87687 4.172938 -3.516718 2.352241 4.248818 -3.491521 2.220588 4.241365 2.405768 3.884392 3.892802 2.483668 3.87687 3.90963 -3.384619 2.352241 4.433475 -3.612212 3.68116 4.433475 -3.764864 3.668301 4.248818 -3.661009 3.835481 4.2952 -3.069389 3.866023 4.2952 -2.437582 3.727815 4.433475 -2.916322 3.866023 4.2952 -2.619371 3.882136 4.2952 0 3.807838 4.433475 -2.43436 3.882136 4.2952 -2.520856 3.87687 4.172938 -1.758029 3.928951 4.2952 -2.405768 3.884392 3.892802 -2.483668 3.87687 3.90963 0 3.962159 4.2952 -2.406771 3.838641 3.011065 -2.485941 3.81479 2.105083 -1.926931 4.105059 3.43817 -2.408775 3.840448 1.247589 -2.488213 3.799366 0.3005372 -2.063282 4.163004 1.247589 -2.41078 3.842256 -0.5158871 -2.490486 3.783941 -1.504009 -2.411782 3.843159 -1.515527 -1.890203 4.108019 -0.7725313 -1.25547 3.839205 -1.281178 0 3.840748 -1.279721 0 4.221066 -0.8425595 -1.127738 4.371125 -0.1388098 -1.285662 4.468092 1.22367 1.890203 4.108019 -0.7725313 1.25547 3.839205 -1.281178 2.411782 3.843159 -1.515527 0 4.440881 -0.1949573 2.41078 3.842256 -0.5158871 2.490486 3.783941 -1.504009 2.488213 3.799366 0.3005371 1.128575 4.371005 -0.1396513 2.408775 3.840448 1.247588 2.485941 3.81479 2.105083 2.063282 4.163004 1.24759 2.406771 3.838641 3.011064 1.926931 4.105059 3.43817 1.758029 3.928951 4.2952 0 4.24072 3.45023 1.16134 4.372155 2.476712 1.285662 4.468092 1.223671 0 4.44488 2.479771 0 4.537619 1.223671 -1.164245 4.371732 2.479722 3.516718 2.352241 -2.094819 3.495674 2.222306 -2.08482 3.383589 2.352241 -2.217665 3.56766 3.414389 -2.38261 3.338241 2.219983 -2.221586 3.450915 3.414389 -2.478822 3.618601 4.429585 -2.670401 1.877056 2.352241 -2.425017 1.872191 2.215944 -2.381109 0 2.213381 -2.427504 1.888008 3.414389 -2.709328 0 2.352241 -2.47607 -1.872191 2.215944 -2.381109 3.518241 4.43947 -2.73998 3.708337 5.670607 -3.015206 -1.877056 2.352241 -2.425017 -3.338241 2.219983 -2.221586 3.60591 5.670165 -3.081893 3.782578 6.846467 -3.348913 -3.383589 2.352241 -2.217665 -3.495674 2.222306 -2.08482 -3.516718 2.352241 -2.094819 -3.56766 3.414389 -2.38261 -1.888008 3.414389 -2.709328 -3.450915 3.414389 -2.478822 -3.618601 4.429585 -2.670401 0 3.414389 -2.768936 -3.518241 4.43947 -2.73998 -3.708337 5.670607 -3.015206 0 4.336214 -3.043608 -1.897828 4.374446 -2.982349 1.897828 4.374446 -2.982349 0 5.608641 -3.391473 1.910533 5.634413 -3.321416 -1.910533 5.634413 -3.321416 0 6.745888 -3.7135 1.922099 6.779708 -3.651423 -3.60591 5.670165 -3.081893 -3.782578 6.846467 -3.348913 -1.922099 6.779708 -3.651423 -3.693658 6.834428 -3.410042 -3.779195 8.066917 -3.739043 -3.868972 8.082067 -3.677284 0 8.155963 -4.069039 -1.941684 8.134606 -4.017694 -3.851497 9.46749 -4.029693 -3.953533 9.478286 -3.961799 -3.918128 10.08458 -3.921868 -2.042333 9.603675 -4.362141 -3.831922 10.10186 -3.986477 -3.768015 10.47794 -3.617517 -3.701447 10.5122 -3.678557 -3.042097 10.61649 -4.221016 -3.071632 11.09792 -3.794949 -2.389691 11.03885 -4.318815 -2.485284 11.58954 -3.908532 -1.523421 11.36399 -4.418625 -1.575562 12.12318 -3.990696 0 9.71007 -4.454546 -0.692188 11.50234 -4.455036 -0.7095683 12.34961 -4.048035 0 11.55782 -4.4618 0 12.40223 -4.046278 0.7095683 12.34961 -4.048035 0.692188 11.50234 -4.455036 1.575562 12.12318 -3.990696 1.523421 11.36399 -4.418625 2.485284 11.58954 -3.908532 2.042333 9.603675 -4.362141 2.389691 11.03885 -4.318815 3.071632 11.09792 -3.794949 3.042097 10.61649 -4.221016 3.701447 10.5122 -3.678557 1.941684 8.134606 -4.017694 3.831922 10.10186 -3.986477 3.768015 10.47794 -3.617517 3.918128 10.08458 -3.921868 3.851497 9.46749 -4.029693 3.953533 9.478286 -3.961799 3.868972 8.082067 -3.677284 3.779195 8.066917 -3.739043 3.693658 6.834428 -3.410042</float_array>
          <technique_common>
            <accessor source="#Body__mReBody-position-array" count="802" stride="3">
              <param name="X" type="float" />
              <param name="Y" type="float" />
              <param name="Z" type="float" />
            </accessor>
          </technique_common>
        </source>
        <source id="Body__mReBody-normal">
          <float_array id="Body__mReBody-normal-array" count="2406">0.9432485 0.2563601 -0.2113503 0.9452055 0.1448141 0.2915851 0.8317025 0.2250489 0.5068493 0.8864971 0.4540117 -0.0998043 0.4285714 0.2622309 0.8649706 0.8317025 0.3013699 0.4657534 0.5264188 0.8277887 0.2015656 0.8121331 0.2093934 0.5440313 0.2857143 0.2387476 0.9275929 0.5322896 0.3796478 0.7573385 0.1076321 0.3776908 0.9197652 0.001956947 0.9236791 0.3816047 0.1409002 0.09589041 0.9863014 0.5675147 0.146771 0.8101761 0.2270059 -0.2465753 0.9412916 0.7318982 -0.037182 0.6810176 0.297456 -0.2465753 0.9217221 0.8708415 0.1741683 0.4598826 0.3679061 0.2485323 0.8962818 0.7201566 -0.02348337 0.6927593 0.2857143 0.2446184 0.9275929 0.9080235 0.2191781 0.3561644 0.481409 0.2778865 0.8317025 0.369863 0.6692759 0.6438356 0.9197652 0.1819961 0.3483366 0.7201566 0.6575342 0.2191781 0.01565558 0.9823875 0.183953 0.6908023 0.2837573 0.6653621 0.183953 0.7416829 0.6457925 0.1545988 0.9863014 -0.0704501 -0.3131115 0.9001957 -0.3033268 0.6320939 0.5596869 0.5342466 0.1545988 0.9432485 0.295499 0.7005871 0.6399217 0.3131115 -0.9315069 -0.0332681 0.3620352 -0.9080235 0 -0.4187867 -0.9099804 0.08610567 0.4050881 -0.8962818 0.0998043 -0.4324853 -0.816047 -0.4246575 0.3933464 -0.8043053 -0.4207436 -0.4207436 -0.2641879 -0.8727984 -0.4090019 -0.3091977 -0.8864971 0.3463796 0 -0.9334638 0.3561644 0 -0.4090019 0.9119374 -0.2622309 -0.3170255 0.9119374 -0.816047 -0.4246575 0.3933464 -0.9099804 0.08610567 0.4050881 -0.9315069 -0.0332681 0.3620352 -0.4109589 -0.09784736 0.9060665 -0.3620352 0.08806262 0.9275929 -0.003913894 -0.111546 0.9941292 -0.001956947 0.08806262 0.9960861 0 0.0665362 0.9980431 0 -0.1252446 0.9921722 0.001956947 0.08806262 0.9960861 0.003913894 -0.111546 0.9941292 0.2622309 -0.3170255 0.9119374 0.3620352 0.08806262 0.9275929 0.4109589 -0.09784736 0.9060665 0.9315069 -0.0332681 0.3620352 0.9099804 0.08610567 0.4050881 0.816047 -0.4246575 0.3933464 0.3091977 -0.8864971 0.3463796 0.2641879 -0.8727984 -0.4090019 0.8043053 -0.4207436 -0.4207436 0.816047 -0.4246575 0.3933464 0.8962818 0.0998043 -0.4324853 0.9099804 0.08610567 0.4050881 0.9080235 0 -0.4187867 0.9315069 -0.0332681 0.3620352 0 -0.9001957 -0.4363992 0.05479452 -0.4970646 -0.8669276 -0.05479452 -0.4970646 -0.8669276 0.3522505 -0.3659491 -0.8610567 0.8043053 -0.4207436 -0.4207436 0.8962818 0.0998043 -0.4324853 0 -0.3835616 -0.9236791 0.3796478 0.02935421 -0.925636 0.9080235 0 -0.4187867 0.3992172 -0.06262231 -0.9158513 0.06457926 -0.03131115 -0.9980431 0.0704501 -0.1545988 -0.9863014 0 -0.04696673 -0.9980431 0 -0.2074364 -0.9784736 -0.06457926 -0.03131115 -0.9980431 -0.0704501 -0.1545988 -0.9863014 -0.3992172 -0.06262231 -0.9158513 -0.3796478 0.02935421 -0.925636 -0.9080235 0 -0.4187867 -0.8962818 0.0998043 -0.4324853 -0.8043053 -0.4207436 -0.4207436 -0.3522505 -0.3659491 -0.8610567 0.8727984 -0.221135 -0.4363992 0.5107632 -0.6908023 -0.5107632 -0.5107632 -0.6908023 -0.5107632 -0.6868885 -0.2328767 -0.6868885 -0.5107632 -0.6927593 0.5107632 -0.6868885 -0.2348337 0.6868885 0.6868885 -0.2348337 0.6868885 -0.5107632 -0.6908023 -0.5107632 0.5107632 -0.6908023 -0.5107632 0.739726 -0.5636008 0.369863 0.8727984 -0.221135 -0.4363992 0.5107632 -0.6908023 -0.5107632 0.8727984 -0.221135 -0.4363992 0.5107632 -0.6908023 -0.5107632 -0.5107632 -0.6908023 -0.5107632 -0.6868885 -0.2328767 -0.6868885 -0.5107632 -0.6927593 0.5107632 -0.6868885 -0.2348337 0.6868885 0.6868885 -0.2348337 0.6868885 -0.5107632 -0.6908023 -0.5107632 0.5107632 -0.6908023 -0.5107632 0.739726 -0.5636008 0.369863 0.8727984 -0.221135 -0.4363992 0.5107632 -0.6908023 -0.5107632 -0.9432485 0.2563601 -0.2113503 -0.8317025 0.2250489 0.5068493 -0.9452055 0.1448141 0.2915851 -0.8864971 0.4540117 -0.0998043 -0.4285714 0.2622309 0.8649706 -0.8317025 0.3013699 0.4657534 -0.5264188 0.8277887 0.2015656 -0.8121331 0.2093934 0.5440313 -0.2857143 0.2387476 0.9275929 -0.5322896 0.3796478 0.7573385 -0.1076321 0.3776908 0.9197652 -0.001956947 0.9236791 0.3816047 -0.1409002 0.09589041 0.9863014 -0.5675147 0.146771 0.8101761 -0.2270059 -0.2465753 0.9412916 -0.8708415 0.1741683 0.4598826 -0.3679061 0.2485323 0.8962818 -0.7318982 -0.037182 0.6810176 -0.297456 -0.2465753 0.9217221 -0.9080235 0.2191781 0.3561644 -0.481409 0.2778865 0.8317025 -0.369863 0.6692759 0.6438356 -0.7201566 -0.02348337 0.6927593 -0.2857143 0.2446184 0.9275929 -0.9197652 0.1819961 0.3483366 -0.6908023 0.2837573 0.6653621 -0.183953 0.7416829 0.6457925 -0.6320939 0.5596869 0.5342466 -0.1545988 0.9432485 0.295499 -0.7005871 0.6399217 0.3131115 -0.1545988 0.9863014 -0.0704501 -0.7201566 0.6575342 0.2191781 -0.01565558 0.9823875 0.183953 0.3131115 0.9001957 -0.3033268 0.5107632 -0.6908023 -0.5107632 -0.5107632 -0.6908023 -0.5107632 -0.6888454 -0.2328767 -0.6868885 0.8727984 -0.221135 -0.4363992 0.739726 -0.5636008 0.369863 0.6868885 -0.2348337 0.6868885 -0.6868885 -0.2348337 0.6868885 -0.5107632 -0.6927593 0.5107632 0.5107632 -0.6908023 -0.5107632 -0.5107632 -0.6908023 -0.5107632 -0.6888454 -0.2328767 -0.6868885 -0.5107632 -0.6908023 -0.5107632 0.5107632 -0.6908023 -0.5107632 -0.5107632 -0.6908023 -0.5107632 -0.6888454 -0.2328767 -0.6868885 0.8727984 -0.221135 -0.4363992 0.739726 -0.5636008 0.369863 0.6868885 -0.2348337 0.6868885 -0.6868885 -0.2348337 0.6868885 -0.5107632 -0.6927593 0.5107632 0.5107632 -0.6908023 -0.5107632 -0.5107632 -0.6908023 -0.5107632 -0.6888454 -0.2328767 -0.6868885 -0.5107632 -0.6908023 -0.5107632 0.9001957 -0.08023483 0.4305284 0.7534246 -0.6242661 0.2074364 0.4305284 -0.3072407 0.849315 0.8786693 -0.4109589 -0.2446184 0.9765166 -0.1643836 -0.1448141 0.925636 -0.2035225 0.3189824 0.9315069 -0.0332681 0.3620352 0.9080235 0 -0.4187867 0.9041096 -0.1937378 -0.3796478 0.8082192 -0.1956947 -0.555773 0.9667319 -0.1624266 -0.1996086 0.7710372 -0.221135 -0.5968689 0.9549902 -0.221135 -0.2015656 0.6360078 -0.37182 -0.6751468 0.9569471 -0.1722113 -0.2367906 0.7475538 -0.2328767 -0.6223092 0.9863014 -0.148728 -0.06849315 0.5949119 -0.08219178 -0.7984344 0.9373777 -0.1761252 -0.297456 0.7455969 -0.2270059 -0.6262231 0.9921722 -0.04109589 0.1135029 0.7632094 0.4970646 -0.4129159 0.9941292 -0.08219178 0.07827789 0.6399217 0.2857143 0.7123288 -0.001956947 0.9236791 0.3816047 -0.1076321 0.3776908 0.9197652 0.9823875 -0.1291585 0.1291585 0.4618395 0.04500978 0.8864971 -0.1409002 0.09589041 0.9863014 0.9432485 -0.1545988 -0.2915851 0.7455969 -0.1976517 -0.6360078 0.9706458 -0.2387476 0.0332681 0.4011742 -0.3131115 0.8610567 -0.2270059 -0.2465753 0.9412916 0.9373777 -0.111546 -0.3307241 0.7455969 -0.0665362 -0.6614481 0.6868885 0.3522505 -0.6360078 0.3150685 -0.4383562 0.8414873 -0.297456 -0.2465753 0.9217221 0.925636 -0.295499 0.2328767 0.9823875 -0.148728 -0.1213307 0.962818 -0.08610567 0.2544031 0.3659491 0.037182 0.9295499 -0.2857143 0.2446184 0.9275929 0.9726027 0.1722113 0.148728 0.4090019 0.6399217 0.6516634 -0.183953 0.7416829 0.6457925 0.9667319 0.2113503 -0.148728 0.4383562 0.8845401 0.1585127 -0.1545988 0.9432485 0.295499 -0.1545988 0.9863014 -0.0704501 0.8434442 0.3248532 -0.4266145 0.3131115 0.9001957 -0.3033268 0.4031311 0.8669276 -0.2935421 0.01369863 0.6731898 0.739726 0.2270059 0.5812133 0.7827789 -0.1976517 0.5949119 0.778865 0.07240704 -0.04892368 0.9960861 0.4598826 -0.05088063 0.8864971 0.1545988 -0.04892368 0.9863014 -0.1800391 0.5772994 0.7964775 0.4755382 -0.08806262 0.8747554 0.1526419 -0.04305284 0.9882583 -0.3679061 -0.05675147 0.9275929 -0.6027398 0.7436399 0.2896282 0.481409 -0.1819961 0.8571429 0.08219178 -0.08023483 0.9941292 -0.9197652 -0.02544031 0.3933464 -0.8219178 0.5636008 0.07436399 0.3581213 -0.3639922 0.8590998 0.01565558 -0.0998043 0.9941292 -0.1330724 -0.037182 0.9902152 -0.1389433 -0.05870841 0.9882583 -0.6477495 -0.03522505 0.7612525 -0.6223092 0.05675147 0.7808219 -0.9706458 0.02348337 0.2426614 -0.9980431 0.007827789 0.0665362 -0.4227006 0.9060665 -0.01565558 -0.9471624 0.1409002 0.2896282 -0.9941292 0.04892368 -0.0998043 -0.2152642 0.9765166 -0.003913894 -0.6868885 0.3385518 0.6438356 -0.9452055 0.1448141 0.2915851 -0.9432485 0.2563601 -0.2113503 -0.9275929 0.2446184 -0.2798434 -0.8864971 0.4540117 -0.0998043 -0.9882583 0.1350294 0.0665362 -0.7592955 0.5459883 -0.3542074 -0.5264188 0.8277887 0.2015656 -0.8356164 0.4344423 0.334638 -0.4090019 0.8258317 -0.3894325 -0.8590998 0.5048923 0.08806262 -0.001956947 0.9236791 0.3816047 -0.4755382 0.183953 0.8610567 -0.08414873 0.02348337 0.9960861 -0.334638 0.4363992 0.8356164 0.1154599 -0.4931507 0.8610567 -0.03522505 -0.08219178 0.9960861 -0.01369863 0.0332681 1 -0.1506849 -0.4735812 0.8669276 -0.08023483 -0.06066536 0.9941292 -0.05283757 0.5146771 0.8551859 -0.4970646 0.776908 0.3855186 0.02935421 0.02348337 1 -0.4951076 0.8630137 0.1037182 -0.06066536 0.9099804 0.4090019 0.223092 0.4598826 0.8590998 0.01369863 0.9060665 -0.4246575 -0.04109589 0.9941292 0.0998043 0.3953033 0.8238748 -0.4050881 0.7632094 0.4970646 -0.4129159 0.3835616 0.81409 0.4383562 0.4168297 0.9001957 0.1193738 0.7455969 0.5440313 -0.3855186 0.7338552 0.5127202 0.444227 0.8023483 0.5792564 0.1428571 0.4422701 0.2837573 0.851272 0.8943248 0.1311155 0.4285714 0.9784736 0.1506849 0.1369863 0.3639922 0.2661448 -0.8923679 0.5949119 -0.08219178 -0.7984344 0.9119374 0.1389433 -0.3874756 0.4520548 0.06849315 -0.888454 0.4305284 -0.146771 -0.890411 0.3385518 -0.3131115 -0.888454 0.6360078 -0.37182 -0.6751468 0.8708415 -0.295499 -0.3933464 0.6007828 -0.704501 -0.3757339 0.8786693 -0.4109589 -0.2446184 0.6771037 -0.6262231 -0.3855186 0.5812133 -0.8121331 0.05870841 0.7534246 -0.6242661 0.2074364 0.7318982 -0.6771037 0.07240704 0.9412916 -0.3170255 0.111546 0.8708415 -0.3013699 0.3894325 0.6849315 -0.6536204 0.3209393 0.516634 -0.8023483 0.2994129 0.2857143 -0.5949119 0.7514677 0.4305284 -0.3072407 0.849315 0.4109589 -0.4853229 0.7710372 -0.1252446 -0.2191781 0.9686888 0.06457926 -0.07827789 0.9941292 0.5264188 -0.2328767 0.8180039 -0.4129159 0.01565558 0.9099804 0.5401174 0.04892368 0.8395303 0.01369863 -0.1976517 0.9804305 -0.37182 0.09197652 0.9236791 -0.03913894 -0.02348337 0.9980431 -0.1135029 -0.003913894 0.9941292 -0.4285714 0.07436399 0.9001957 -0.1272016 -0.03131115 0.9921722 0.06262231 -0.109589 0.9921722 -0.4735812 -0.1193738 0.8727984 0.05870841 -0.04696673 0.9980431 -0.3659491 -0.3268102 0.8708415 0.05283757 -0.007827789 0.9980431 -0.9001957 -0.08023483 0.4305284 -0.4305284 -0.3072407 0.849315 -0.7534246 -0.6242661 0.2074364 -0.8786693 -0.4109589 -0.2407045 -0.9765166 -0.1643836 -0.1448141 -0.925636 -0.2035225 0.3189824 -0.9041096 -0.1937378 -0.3796478 -0.9315069 -0.0332681 0.3620352 -0.9080235 0 -0.4187867 -0.8082192 -0.1956947 -0.555773 -0.9667319 -0.1624266 -0.1996086 -0.7710372 -0.221135 -0.5968689 -0.9549902 -0.221135 -0.1976517 -0.6399217 -0.3737769 -0.6712329 -0.9569471 -0.1722113 -0.2367906 -0.7475538 -0.2328767 -0.6223092 -0.9863014 -0.148728 -0.0704501 -0.5949119 -0.08219178 -0.7984344 -0.9373777 -0.1761252 -0.297456 -0.7455969 -0.2270059 -0.6262231 -0.9921722 -0.04109589 0.1135029 -0.7632094 0.4970646 -0.4129159 -0.9941292 -0.08219178 0.07827789 -0.6399217 0.2857143 0.7123288 0.001956947 0.9236791 0.3816047 0.1076321 0.3776908 0.9197652 -0.9823875 -0.1291585 0.1291585 -0.4618395 0.04500978 0.8864971 0.1409002 0.09589041 0.9863014 -0.9432485 -0.1545988 -0.2915851 -0.7455969 -0.1976517 -0.6360078 -0.9706458 -0.2387476 0.0332681 -0.4011742 -0.3131115 0.8610567 0.2270059 -0.2465753 0.9412916 -0.9373777 -0.111546 -0.3307241 -0.7455969 -0.0665362 -0.6614481 -0.6868885 0.3522505 -0.6360078 -0.3150685 -0.4383562 0.8414873 0.297456 -0.2465753 0.9217221 -0.925636 -0.295499 0.2328767 -0.9823875 -0.148728 -0.1213307 -0.962818 -0.08610567 0.2544031 -0.3659491 0.037182 0.9295499 0.2857143 0.2446184 0.9275929 -0.9726027 0.1722113 0.148728 -0.4090019 0.6399217 0.6516634 0.183953 0.7416829 0.6457925 -0.9667319 0.2113503 -0.148728 -0.4383562 0.8845401 0.1585127 0.1545988 0.9432485 0.295499 0.1545988 0.9863014 -0.0704501 -0.8434442 0.3248532 -0.4266145 -0.3131115 0.9001957 -0.3033268 -0.4031311 0.8669276 -0.2935421 -0.01369863 0.6731898 0.739726 0.1976517 0.5949119 0.778865 -0.2270059 0.5812133 0.7827789 -0.07240704 -0.04892368 0.9960861 -0.4598826 -0.05088063 0.8864971 0.1800391 0.5772994 0.7964775 -0.1545988 -0.04892368 0.9863014 0.3679061 -0.05675147 0.9275929 0.6027398 0.7436399 0.2896282 -0.4755382 -0.08806262 0.8747554 -0.1526419 -0.04305284 0.9882583 0.9197652 -0.02544031 0.3933464 0.8219178 0.5636008 0.07436399 -0.481409 -0.1819961 0.8571429 -0.08219178 -0.08023483 0.9941292 0.1389433 -0.05870841 0.9882583 -0.3581213 -0.3639922 0.8590998 -0.01565558 -0.0998043 0.9941292 0.1330724 -0.037182 0.9902152 -0.1154599 -0.4931507 0.8610567 0.03522505 -0.08219178 0.9960861 0.08414873 0.02348337 0.9960861 0.1506849 -0.4735812 0.8669276 0.08023483 -0.06066536 0.9941292 0.01369863 0.0332681 1 0.4755382 0.183953 0.8610567 0.3659491 -0.3268102 0.8708415 0.6223092 0.05675147 0.7808219 0.4735812 -0.1193738 0.8727984 0.1272016 -0.03131115 0.9921722 0.6477495 -0.03522505 0.7612525 0.9706458 0.02348337 0.2426614 0.9471624 0.1409002 0.2896282 0.9980431 0.007827789 0.0665362 0.4227006 0.9060665 -0.01565558 0.9882583 0.1350294 0.0665362 0.8356164 0.4344423 0.334638 0.9941292 0.04892368 -0.0998043 0.2152642 0.9765166 -0.003913894 0.6868885 0.3385518 0.6438356 0.9452055 0.1448141 0.2915851 0.9432485 0.2563601 -0.2113503 0.9275929 0.2446184 -0.2798434 0.8864971 0.4540117 -0.0998043 0.7592955 0.5459883 -0.3542074 0.5264188 0.8277887 0.2015656 0.8590998 0.5048923 0.08806262 0.4090019 0.8258317 -0.3894325 0.001956947 0.9236791 0.3816047 0.4970646 0.776908 0.3855186 -0.01369863 0.9060665 -0.4246575 0.4951076 0.8630137 0.1037182 -0.3953033 0.8238748 -0.4050881 -0.7632094 0.4970646 -0.4129159 0.04109589 0.9941292 0.0998043 0.06066536 0.9099804 0.4090019 0.334638 0.4363992 0.8356164 0.05283757 0.5146771 0.8551859 -0.02935421 0.02348337 1 -0.223092 0.4598826 0.8590998 -0.05283757 -0.007827789 0.9980431 -0.3835616 0.81409 0.4383562 -0.4422701 0.2837573 0.851272 -0.05870841 -0.04696673 0.9980431 -0.5401174 0.04892368 0.8395303 -0.7338552 0.5127202 0.444227 -0.4168297 0.9001957 0.1193738 -0.8943248 0.1311155 0.4285714 -0.8023483 0.5792564 0.1428571 -0.7455969 0.5440313 -0.3855186 -0.3639922 0.2661448 -0.8923679 -0.5949119 -0.08219178 -0.7984344 -0.9119374 0.1389433 -0.3874756 -0.4520548 0.06849315 -0.888454 -0.4305284 -0.146771 -0.890411 -0.9784736 0.1506849 0.1369863 -0.8708415 -0.295499 -0.3933464 -0.9412916 -0.3170255 0.111546 -0.3385518 -0.3131115 -0.888454 -0.6399217 -0.3737769 -0.6712329 -0.6771037 -0.6262231 -0.3855186 -0.6007828 -0.704501 -0.3757339 -0.8786693 -0.4109589 -0.2407045 -0.7318982 -0.6771037 0.07240704 -0.5812133 -0.8121331 0.05870841 -0.7534246 -0.6242661 0.2074364 -0.8708415 -0.3013699 0.3894325 -0.6849315 -0.6536204 0.3209393 -0.5264188 -0.2328767 0.8180039 -0.516634 -0.8023483 0.2994129 -0.4109589 -0.4853229 0.7710372 -0.06262231 -0.109589 0.9921722 -0.2857143 -0.5949119 0.7514677 -0.4305284 -0.3072407 0.849315 0.1252446 -0.2191781 0.9686888 -0.06457926 -0.07827789 0.9941292 -0.01369863 -0.1976517 0.9804305 0.4129159 0.01565558 0.9099804 0.37182 0.09197652 0.9236791 0.03913894 -0.02348337 0.9980431 0.1135029 -0.003913894 0.9941292 0.4285714 0.07436399 0.9001957 0.01369863 0.6731898 0.739726 -0.1976517 0.5949119 0.778865 0.07240704 -0.04892368 0.9960861 -0.4168297 -0.007827789 0.9080235 0.3659491 0.2524462 0.8962818 0.1545988 -0.04892368 0.9863014 0.9001957 -0.08023483 0.4305284 0.4305284 -0.3072407 0.849315 0.3189824 -0.05870841 0.9471624 0.06457926 -0.07827789 0.9941292 0.2641879 -0.08806262 0.960861 -0.03913894 -0.02348337 0.9980431 -0.2818004 0.007827789 0.9589041 -0.3522505 0.1037182 0.9295499 0.1526419 -0.04305284 0.9882583 0 0 1 -0.2857143 0.2544031 0.9236791 0.08219178 -0.08023483 0.9941292 -0.0998043 0.3600783 0.9275929 0.01565558 -0.0998043 0.9941292 0.111546 0.3502935 0.9295499 -0.03522505 -0.08219178 0.9960861 0.2681018 0.2250489 0.9373777 -0.08023483 -0.06066536 0.9941292 0.3228963 0.05479452 0.9452055 -0.1272016 -0.03131115 0.9921722 -0.1135029 -0.003913894 0.9941292 0.2896282 -0.111546 0.9510763 0.2759295 -0.1624266 0.9471624 -0.01565558 0.9823875 0.183953 0.3131115 0.9001957 -0.3033268 0.6320939 0.7455969 -0.2093934 0.4755382 0.7671233 0.4324853 -0.369863 0.6692759 0.6438356 0.6712329 0.6790606 -0.297456 0.3953033 0.4931507 0.7749511 0.6575342 0.6399217 0.4011742 0.5616438 0.7847358 0.2622309 0.5479452 0.7240704 -0.4187867 0.4461839 0.5440313 0.7103718 0.3444227 0.2250489 0.9119374 -0.481409 0.2778865 0.8317025 0.3757339 0.3307241 0.8649706 0.4579256 0.1585127 0.8747554 -0.3679061 0.2485323 0.8962818 0.3953033 0.221135 0.8923679 0.5205479 0.1311155 0.8434442 -0.2857143 0.2387476 0.9275929 0.4187867 0.1702544 0.8923679 0.4559687 0.1272016 0.8806262 -0.4285714 0.2622309 0.8649706 -0.8317025 0.2250489 0.5068493 0.4090019 0.109589 0.9060665 0.1898239 0.1409002 0.9726027 -0.9452055 0.1448141 0.2915851 0.4109589 0.01369863 0.9119374 0.08610567 0.07827789 0.9941292 0.01565558 0.04305284 0.9980431 -0.6868885 0.3385518 0.6438356 0.3639922 0.6203523 0.6947162 0.2504892 -0.1350294 0.9589041 0.1037182 0.01956947 0.9941292 0.06849315 0.01956947 0.9980431 0.1017613 -0.2152642 0.9706458 0.01174168 -0.2426614 0.9706458 0 0.7299413 0.6829746 0.08219178 0.1232877 0.9882583 0 -0.2739726 0.960861 0.111546 0.223092 0.9686888 -0.01174168 -0.2426614 0.9706458 -0.1037182 0.01956947 0.9941292 0 0.01174168 1 -0.1017613 -0.2152642 0.9706458 0 0.1135029 0.9941292 -0.06849315 0.01956947 0.9980431 -0.2504892 -0.1350294 0.9589041 -0.3639922 0.6203523 0.6947162 -0.01565558 0.04305284 0.9980431 0.6868885 0.3385518 0.6438356 0.9452055 0.1448141 0.2915851 -0.08610567 0.07827789 0.9941292 -0.4109589 0.01369863 0.9119374 -0.1898239 0.1409002 0.9726027 0.8317025 0.2250489 0.5068493 -0.4559687 0.1272016 0.8806262 0.4285714 0.2622309 0.8649706 0.2857143 0.2387476 0.9275929 -0.4090019 0.109589 0.9060665 -0.5205479 0.1311155 0.8434442 0.3679061 0.2485323 0.8962818 -0.08219178 0.1232877 0.9882583 -0.4187867 0.1702544 0.8923679 -0.4579256 0.1585127 0.8747554 0.481409 0.2778865 0.8317025 -0.111546 0.223092 0.9686888 -0.3953033 0.221135 0.8923679 -0.3444227 0.2250489 0.9119374 0.369863 0.6692759 0.6438356 0 0.221135 0.9745597 -0.1174168 0.3072407 0.9452055 -0.3757339 0.3307241 0.8649706 -0.3953033 0.4931507 0.7749511 -0.4755382 0.7671233 0.4324853 0.01565558 0.9823875 0.183953 -0.3131115 0.9001957 -0.3033268 -0.6320939 0.7455969 -0.2093934 -0.6712329 0.6790606 -0.297456 -0.6575342 0.6399217 0.4011742 -0.4461839 0.5440313 0.7103718 -0.5616438 0.7847358 0.2622309 -0.5479452 0.7240704 -0.4187867 -0.1350294 0.4324853 0.890411 -0.2309198 0.6164383 0.7514677 -0.3561644 0.8825831 0.3052838 -0.3502935 0.7984344 -0.4892368 -0.1017613 0.6066536 0.7886497 -0.1545988 0.9275929 0.3405088 -0.1506849 0.8395303 -0.5225049 0 0.8473581 -0.5303327 0 0.4598826 0.888454 0 0.9354208 0.3522505 0 0.6516634 0.7592955 0.1545988 0.9275929 0.3405088 0.1506849 0.8395303 -0.5225049 0.3502935 0.7984344 -0.4892368 0.1017613 0.6066536 0.7886497 0.3561644 0.8825831 0.3052838 0.2309198 0.6164383 0.7514677 0.1350294 0.4324853 0.890411 0 0.3189824 0.9471624 0.1174168 0.3072407 0.9452055 -0.01369863 0.6731898 0.739726 -0.07240704 -0.04892368 0.9960861 0.1976517 0.5949119 0.778865 0.4168297 -0.007827789 0.9080235 -0.1545988 -0.04892368 0.9863014 -0.3659491 0.2524462 0.8962818 -0.4305284 -0.3072407 0.849315 -0.9001957 -0.08023483 0.4305284 -0.3189824 -0.05870841 0.9471624 -0.06457926 -0.07827789 0.9941292 -0.2641879 -0.08806262 0.960861 0.03913894 -0.02348337 0.9980431 0.2818004 0.007827789 0.9589041 0.3522505 0.1037182 0.9295499 -0.1526419 -0.04305284 0.9882583 0 0 1 0.2857143 0.2544031 0.9236791 -0.08219178 -0.08023483 0.9941292 0.0998043 0.3600783 0.9275929 -0.01565558 -0.0998043 0.9941292 -0.111546 0.3502935 0.9295499 0.03522505 -0.08219178 0.9960861 -0.2681018 0.2250489 0.9373777 0.08023483 -0.06066536 0.9941292 -0.3228963 0.05479452 0.9452055 0.1272016 -0.03131115 0.9921722 0.1135029 -0.003913894 0.9941292 -0.2896282 -0.111546 0.9510763 -0.2759295 -0.1624266 0.9471624 0.4109589 -0.09784736 0.9060665 0.9315069 -0.0332681 0.3620352 0.925636 -0.2035225 0.3189824 0.4305284 -0.2270059 0.8727984 0.001956947 -0.1996086 0.9804305 0.003913894 -0.111546 0.9941292 0 -0.1252446 0.9921722 0.369863 0.3424658 0.8649706 0.9001957 -0.08023483 0.4305284 0.3659491 0.2524462 0.8962818 -0.1976517 0.5949119 0.778865 0.01956947 0.4872798 0.8727984 0.2270059 0.5812133 0.7827789 -0.1800391 0.5772994 0.7964775 0 -0.1898239 0.9823875 -0.001956947 -0.1996086 0.9804305 -0.003913894 -0.111546 0.9941292 -0.4109589 -0.09784736 0.9060665 0.04109589 0.9471624 0.3150685 -0.6027398 0.7436399 0.2896282 -0.925636 -0.2035225 0.3189824 -0.9315069 -0.0332681 0.3620352 0.1604697 0.9863014 0.02935421 -0.8219178 0.5636008 0.07436399 -0.4305284 -0.2270059 0.8727984 -0.369863 0.3424658 0.8649706 -0.9001957 -0.08023483 0.4305284 -0.3659491 0.2524462 0.8962818 0.1976517 0.5949119 0.778865 -0.01956947 0.4872798 0.8727984 -0.2270059 0.5812133 0.7827789 0.1800391 0.5772994 0.7964775 0 0.4500979 0.8923679 -0.04109589 0.9471624 0.3150685 0.6027398 0.7436399 0.2896282 -0.07240704 0.8649706 0.4951076 -0.1604697 0.9863014 0.02935421 0.8219178 0.5636008 0.07436399 0 0.851272 0.5244619 -0.3405088 0.9393346 -0.01369863 0.4227006 0.9060665 -0.01565558 -0.2876712 0.9491194 0.1311155 -0.4677104 0.8825831 -0.001956947 0.2152642 0.9765166 -0.003913894 -0.4540117 0.890411 -0.003913894 -0.5146771 0.8571429 -0.009784736 0.6868885 0.3385518 0.6438356 -0.3639922 0.6203523 0.6947162 -0.2113503 0.9315069 -0.2915851 -0.1037182 0.01956947 0.9941292 0 0.7299413 0.6829746 0 0.8688846 -0.4951076 -0.1526419 0.9765166 -0.1565558 -0.1878669 0.9823875 0 0.2113503 0.9315069 -0.2915851 0.1037182 0.01956947 0.9941292 0.3639922 0.6203523 0.6947162 0 0.9804305 -0.1956947 0.5146771 0.8571429 -0.009784736 -0.6868885 0.3385518 0.6438356 -0.2152642 0.9765166 -0.003913894 0.1526419 0.9765166 -0.1565558 0.4677104 0.8825831 -0.001956947 -0.4227006 0.9060665 -0.01565558 0.4540117 0.890411 -0.003913894 0.3405088 0.9393346 -0.01369863 0.2876712 0.9491194 0.1311155 0.07240704 0.8649706 0.4951076 0 0.9706458 0.2367906 0.146771 0.9823875 0.1193738 0.1878669 0.9823875 0 0 0.9902152 0.1448141 0 1 0.001956947 -0.146771 0.9823875 0.1193738 0.9041096 -0.1937378 -0.3796478 0.9080235 0 -0.4187867 0.407045 -0.2152642 -0.888454 0.8082192 -0.1956947 -0.555773 0.3992172 -0.06262231 -0.9158513 0.3894325 -0.2544031 -0.8845401 0.7710372 -0.221135 -0.5968689 0.07827789 -0.2504892 -0.964775 0.0704501 -0.1545988 -0.9863014 0 -0.2074364 -0.9784736 0.08610567 -0.2641879 -0.960861 0 -0.2915851 -0.9569471 -0.0704501 -0.1545988 -0.9863014 0.3600783 -0.2641879 -0.8943248 0.7475538 -0.2328767 -0.6223092 -0.07827789 -0.2504892 -0.964775 -0.3992172 -0.06262231 -0.9158513 0.3483366 -0.2739726 -0.8962818 0.7455969 -0.2270059 -0.6262231 -0.407045 -0.2152642 -0.888454 -0.9080235 0 -0.4187867 -0.9041096 -0.1937378 -0.3796478 -0.8082192 -0.1956947 -0.555773 -0.08610567 -0.2641879 -0.960861 -0.3894325 -0.2544031 -0.8845401 -0.7710372 -0.221135 -0.5968689 0 -0.2700587 -0.962818 -0.3600783 -0.2641879 -0.8943248 -0.7475538 -0.2328767 -0.6223092 0 -0.2700587 -0.962818 -0.09197652 -0.2681018 -0.9589041 0.09197652 -0.2681018 -0.9589041 0 -0.2681018 -0.962818 0.09001957 -0.2700587 -0.9589041 -0.09001957 -0.2700587 -0.9589041 0 -0.2641879 -0.964775 0.09589041 -0.2661448 -0.9589041 -0.3483366 -0.2739726 -0.8962818 -0.7455969 -0.2270059 -0.6262231 -0.09589041 -0.2661448 -0.9589041 -0.3600783 -0.2700587 -0.8923679 -0.3209393 -0.2446184 -0.9138943 -0.7455969 -0.1976517 -0.6360078 0 -0.2446184 -0.9706458 -0.08610567 -0.2426614 -0.9667319 -0.369863 -0.06262231 -0.9275929 -0.7455969 -0.0665362 -0.6614481 -0.6868885 0.3522505 -0.6360078 -0.109589 -0.08610567 -0.9902152 -0.555773 0.3463796 -0.7553816 -0.3131115 0.9001957 -0.3033268 -0.6320939 0.7455969 -0.2093934 -0.3679061 0.2348337 -0.9001957 -0.6712329 0.6790606 -0.297456 -0.2837573 0.2622309 -0.9236791 -0.5479452 0.7240704 -0.4187867 -0.1369863 0.1878669 -0.9726027 -0.3502935 0.7984344 -0.4892368 0 -0.06849315 -0.9980431 -0.06066536 0.223092 -0.9726027 -0.1506849 0.8395303 -0.5225049 0 0.223092 -0.9745597 0 0.8473581 -0.5303327 0.1506849 0.8395303 -0.5225049 0.06066536 0.223092 -0.9726027 0.3502935 0.7984344 -0.4892368 0.1369863 0.1878669 -0.9726027 0.5479452 0.7240704 -0.4187867 0.109589 -0.08610567 -0.9902152 0.2837573 0.2622309 -0.9236791 0.6712329 0.6790606 -0.297456 0.3679061 0.2348337 -0.9001957 0.6320939 0.7455969 -0.2093934 0.08610567 -0.2426614 -0.9667319 0.555773 0.3463796 -0.7553816 0.3131115 0.9001957 -0.3033268 0.6868885 0.3522505 -0.6360078 0.369863 -0.06262231 -0.9275929 0.7455969 -0.0665362 -0.6614481 0.7455969 -0.1976517 -0.6360078 0.3209393 -0.2446184 -0.9138943 0.3600783 -0.2700587 -0.8923679</float_array>
          <technique_common>
            <accessor source="#Body__mReBody-normal-array" count="802" stride="3">
              <param name="X" type="float" />
              <param name="Y" type="float" />
              <param name="Z" type="float" />
            </accessor>
          </technique_common>
        </source>
        <source id="Body__mReBody-texcoord">
          <float_array id="Body__mReBody-texcoord-array" count="1604">0.2351568 0.2240482 0.245304 0.1883726 0.245304 0.2367437 0.2296941 0.2423133 0.245304 0.2805524 0.2375982 0.2831311 0.222858 0.255848 0.2389258 0.3258716 0.245304 0.3316701 0.2264591 0.287953 0.2144503 0.2917525 0.2124819 0.2607767 0.2132448 0.3208514 0.2260166 0.3224537 0.2062257 0.3647364 0.2221714 0.3652552 0.2001068 0.3877928 0.2380407 0.3699855 0.245304 0.3746853 0.2157626 0.3879148 0.1969329 0.4149081 0.2375982 0.4099489 0.245304 0.4100862 0.245304 0.4421454 0.2246738 0.4100404 0.2344854 0.4437934 0.245304 0.4706492 0.2131685 0.4104524 0.1977111 0.4402533 0.224567 0.4806897 0.245304 0.4990463 0.2157626 0.4266422 0.2068208 0.4594187 0.2227054 0.4389257 0.5374991 0.3940948 0.5376364 0.07447928 0.5403982 0.3940948 0.5403982 0.07447928 0.5555505 0.3940948 0.5555505 0.07447928 0.560296 0.07447928 0.560296 0.3940948 0.641825 0.3940948 0.641825 0.4032502 0.560296 0.4030365 0.5555505 0.4030365 0.5555505 0.4336461 0.5570001 0.4394293 0.560296 0.4394293 0.560296 0.4336461 0.5821012 0.4394293 0.5820096 0.4336461 0.641825 0.4336461 0.641825 0.4394293 0.7016251 0.4336461 0.7015336 0.4394293 0.7233387 0.4030365 0.7233387 0.4336461 0.7233387 0.4394293 0.7266346 0.4394293 0.7280842 0.4336461 0.7280842 0.4030365 0.7233387 0.3940948 0.7233387 0.07447928 0.7280842 0.07447928 0.7280842 0.3940948 0.7432364 0.07447928 0.7432364 0.3940948 0.7460136 0.07447928 0.7461357 0.3940948 0.641825 0.07447928 0.687129 0.06529337 0.5965057 0.06529337 0.7233387 0.06529337 0.7280842 0.06529337 0.7280842 0.03364617 0.641825 0.06529337 0.7233387 0.03364617 0.7270771 0.02815288 0.7233387 0.02815288 0.687129 0.03364617 0.687129 0.02815288 0.641825 0.03364617 0.641825 0.02815288 0.5965057 0.03364617 0.5965057 0.02815288 0.560296 0.02815288 0.560296 0.03364617 0.5565575 0.02815288 0.5555505 0.03364617 0.5555505 0.06529337 0.560296 0.06529337 0.4800336 0.9313954 0.5010757 0.8927748 0.5110552 0.9084458 0.4973373 0.9585412 0.5235218 0.9170825 0.5188525 0.9734645 0.5408407 0.9734645 0.5235218 0.8906996 0.536202 0.8906996 0.536202 0.9170825 0.5623713 0.958587 0.5486686 0.9084612 0.4800336 0.7950256 0.5010757 0.7564203 0.5110552 0.772076 0.4973373 0.8221866 0.5235218 0.7807126 0.5188525 0.8370947 0.5408407 0.8370947 0.5235218 0.7543297 0.536202 0.7543297 0.536202 0.7807126 0.5623713 0.8222171 0.5486686 0.7720913 0.283772 0.2240482 0.2736248 0.2367437 0.2736248 0.1883726 0.2892348 0.2423133 0.2736248 0.2805524 0.2813306 0.2831311 0.2960708 0.255848 0.280003 0.3258716 0.2736248 0.3316701 0.2924697 0.287953 0.3044785 0.2917525 0.3064469 0.2607767 0.305684 0.3208514 0.2928969 0.3224537 0.3127031 0.3647364 0.2808881 0.3699855 0.2736248 0.3746853 0.2967575 0.3652552 0.3188373 0.3877928 0.2813306 0.4099489 0.2736248 0.4100862 0.2736248 0.4421454 0.3031662 0.3879148 0.3220417 0.4149081 0.294255 0.4100404 0.3057603 0.4104524 0.3212634 0.4402686 0.3031662 0.4266422 0.3122149 0.4594644 0.2962234 0.4389257 0.2945449 0.4808728 0.2844434 0.4437934 0.2736248 0.4706492 0.2736248 0.4990463 0.5313497 0.6370642 0.5413291 0.6214084 0.5623713 0.6600137 0.5450675 0.6871595 0.518883 0.6457008 0.5235523 0.7020829 0.501564 0.7020829 0.5062028 0.6457008 0.518883 0.6193179 0.5062028 0.6193179 0.4800336 0.6872053 0.4937362 0.6370794 0.5313497 0.5014267 0.5413291 0.4857709 0.5623713 0.5243915 0.5450675 0.5515373 0.518883 0.5100633 0.5235523 0.5664454 0.501564 0.5664454 0.5062028 0.5100633 0.518883 0.4836957 0.5062028 0.4836957 0.4800336 0.5515679 0.4937362 0.5014572 0.2882887 0.1038072 0.29308 0.1406271 0.2882887 0.1456626 0.4162203 0.1406271 0.4407416 0.09521627 0.2882887 0.04000914 0.2882887 0.03443962 0.4467842 0.03443962 0.447776 0.04000914 0.4545663 0.09321737 0.4461433 0.1421378 0.4614481 0.1421378 0.4201724 0.1520867 0.4170596 0.1577477 0.4530404 0.2035859 0.4713054 0.2036164 0.4251927 0.2066529 0.4209201 0.2074922 0.4599832 0.2662547 0.4795758 0.262562 0.4247196 0.2607309 0.4179599 0.2594186 0.4310216 0.2622263 0.4263981 0.2884871 0.4061952 0.2740215 0.4147249 0.2962234 0.4377966 0.3144732 0.430045 0.3139849 0.4174411 0.3155871 0.4665751 0.3240101 0.488365 0.3241932 0.4376745 0.3595026 0.428397 0.3613489 0.4144655 0.3545281 0.4682841 0.3914549 0.4970016 0.3833219 0.4976272 0.413489 0.4217594 0.3850309 0.4094301 0.3824369 0.429633 0.3880674 0.4419776 0.4059205 0.4287328 0.4139315 0.4204929 0.4176547 0.410956 0.4237125 0.433753 0.4283513 0.4295262 0.4417487 0.4244602 0.4565042 0.4449226 0.4360266 0.4444953 0.4519875 0.4441138 0.4701762 0.4679484 0.4659342 0.4677653 0.4324254 0.4934157 0.438941 0.4676585 0.4463264 0.2780957 0.5924163 0.278706 0.5998169 0.2751202 0.5970703 0.2972763 0.5901732 0.2982071 0.5974823 0.3172198 0.585977 0.2796826 0.6144351 0.3176471 0.5928283 0.3322194 0.5815824 0.3000382 0.6101778 0.2797894 0.6221104 0.3343709 0.5901427 0.3464256 0.5790493 0.3012589 0.6196231 0.2800641 0.6351415 0.3468681 0.5894255 0.3630732 0.5763028 0.3337758 0.5995575 0.3170672 0.6041352 0.3168841 0.6115968 0.3328145 0.6082551 0.3163958 0.6194094 0.3080186 0.6351415 0.2753033 0.7261769 0.3321431 0.6207981 0.3014725 0.8982071 0.272633 0.8150302 0.2704356 0.9047379 0.300679 0.9097276 0.3241627 0.8964218 0.3256581 0.8841535 0.3375601 0.889128 0.3311208 0.6351415 0.3390097 0.8778821 0.3503319 0.884123 0.3422904 0.6218967 0.3523613 0.8732281 0.342855 0.6351415 0.3677882 0.8870222 0.3404135 0.6095064 0.3495842 0.5986114 0.3540246 0.6097505 0.3650874 0.5876096 0.3807126 0.5756314 0.3663539 0.5963988 0.3818112 0.5869993 0.3970703 0.5765622 0.3675746 0.6081941 0.3553063 0.6214389 0.3824826 0.5971313 0.3556878 0.6351415 0.3682918 0.6204471 0.3836118 0.6083772 0.3677882 0.8714733 0.3677882 0.6354619 0.3816129 0.869688 0.3849546 0.8810102 0.3841459 0.6207218 0.3852293 0.6351415 0.3963989 0.8656138 0.3976654 0.6209354 0.3985199 0.6351415 0.3973297 0.6085145 0.4115053 0.622263 0.4123445 0.6351415 0.3976349 0.8747845 0.4171817 0.9133135 0.410666 0.8645914 0.4110017 0.8735943 0.4226139 0.8750896 0.4348821 0.8811017 0.4482185 0.8903029 0.4234836 0.8660716 0.4505226 0.8665141 0.4578164 0.869749 0.4370031 0.8662852 0.4505837 0.6351415 0.4571756 0.6282445 0.4368505 0.6351415 0.4238651 0.6351415 0.4233158 0.6231022 0.4369421 0.6242161 0.4511177 0.6279087 0.4531167 0.6201572 0.456733 0.6208286 0.4373541 0.6132296 0.4498054 0.6114748 0.4471504 0.5976043 0.4234073 0.6107576 0.4467384 0.6028839 0.4110323 0.6087434 0.4375982 0.6041199 0.4378881 0.5964293 0.4381323 0.5881895 0.4260014 0.5841764 0.4252689 0.5927825 0.4118715 0.5797207 0.4243839 0.6014649 0.4107271 0.5890135 0.4109102 0.5977874 0.3970397 0.5881895 0.3967803 0.5967956 0.2279393 0.1038072 0.2279393 0.1456626 0.2231479 0.1406271 0.1000076 0.1406271 0.07548638 0.09521627 0.2279393 0.04000914 0.06845197 0.04000914 0.2279393 0.03443962 0.06944381 0.03443962 0.06166171 0.09321737 0.07006943 0.1421378 0.05477989 0.1421378 0.09605554 0.1520867 0.09916838 0.1577477 0.06318761 0.2035859 0.04492256 0.2036164 0.09103532 0.2066529 0.09530785 0.2074922 0.05624475 0.2662547 0.03665217 0.262562 0.09150835 0.2607309 0.0982681 0.2594186 0.08520638 0.2622263 0.08982986 0.2884871 0.1100938 0.2740215 0.1015488 0.2962387 0.07843138 0.3144732 0.08616769 0.3139849 0.09883268 0.3155871 0.04965286 0.3240101 0.02786297 0.3241932 0.07855345 0.3595026 0.08783093 0.3613489 0.1018082 0.3545129 0.04794385 0.3914549 0.01922637 0.3833219 0.01860075 0.413489 0.0944686 0.3850309 0.1068437 0.3824369 0.08659495 0.3880674 0.0742504 0.4059205 0.08749523 0.4139315 0.0957351 0.4176547 0.1053178 0.423743 0.08247501 0.4283513 0.08670177 0.4417487 0.09178302 0.4565805 0.07130541 0.4360266 0.07173266 0.4519875 0.07211414 0.4702525 0.04827955 0.4659342 0.04846266 0.4324254 0.02281224 0.438941 0.04856947 0.4463264 0.2193027 0.5924163 0.2222782 0.5970703 0.218677 0.5998169 0.2001221 0.5901732 0.199176 0.5974823 0.2177157 0.6144351 0.1801633 0.585977 0.1973602 0.6101778 0.2176089 0.6221104 0.1797513 0.5928283 0.1651789 0.5815824 0.1961395 0.6196231 0.2173343 0.6351415 0.1630121 0.5901427 0.1509728 0.5790493 0.1803311 0.6041504 0.1505302 0.5894255 0.1343252 0.5763028 0.1636225 0.5995575 0.132311 0.5876096 0.1166705 0.5756314 0.1478141 0.5986267 0.1155718 0.5869993 0.1003128 0.5765622 0.1310445 0.5963988 0.1569696 0.6095064 0.1003586 0.5881895 0.1645838 0.6082551 0.08667125 0.5890135 0.08552682 0.5797207 0.1805142 0.6115968 0.1809873 0.6194094 0.1652552 0.6207981 0.1893797 0.6351415 0.2220951 0.7261769 0.1662776 0.6351415 0.155108 0.6218967 0.1959258 0.8982071 0.2247501 0.8150302 0.2269627 0.9047379 0.1967193 0.9097276 0.1732204 0.8964218 0.1717403 0.8841535 0.159823 0.889128 0.1583886 0.8778821 0.1470665 0.884123 0.1545434 0.6351415 0.1450218 0.8732281 0.1295949 0.8870222 0.1420767 0.6214389 0.1295949 0.8714733 0.1417105 0.6351415 0.1157855 0.869688 0.1124437 0.8810102 0.1295949 0.6354619 0.1290913 0.6204471 0.1433585 0.6097505 0.1298238 0.6081941 0.1149004 0.5971313 0.1137865 0.6083772 0.1006027 0.5968109 0.1132372 0.6207218 0.1000687 0.6085145 0.08647288 0.5977874 0.08636606 0.6087434 0.09971771 0.6209354 0.1121538 0.6351415 0.08589303 0.622263 0.09887847 0.6351415 0.1009995 0.8656138 0.09976348 0.8747845 0.08020142 0.9133135 0.08671702 0.8645914 0.08638132 0.8735943 0.07478447 0.8750896 0.08503853 0.6351415 0.0739147 0.8660716 0.07353323 0.6351415 0.06250095 0.8811017 0.04917983 0.8903029 0.06039521 0.8662852 0.04687572 0.8665141 0.03956664 0.869749 0.0605478 0.6351415 0.04679942 0.6351415 0.04022278 0.6282445 0.07408255 0.6231022 0.06045625 0.6242161 0.073991 0.6107576 0.04628062 0.6279087 0.06004425 0.6132296 0.07301442 0.6014649 0.04428168 0.6201572 0.04066529 0.6208286 0.04757763 0.6114748 0.0502327 0.5976043 0.05980011 0.6041199 0.05065995 0.6028839 0.05951019 0.5964293 0.05925078 0.5881895 0.07139696 0.5841764 0.0721294 0.5927825 0.3549401 0.24271 0.3585107 0.2429694 0.3557336 0.2791638 0.3583734 0.2789654 0.3728542 0.2415503 0.3566186 0.3136034 0.3755093 0.2332952 0.3793698 0.2764325 0.3765621 0.2780651 0.3806516 0.2974594 0.3792782 0.300145 0.3832456 0.3098344 0.3581445 0.3138933 0.3586786 0.3340353 0.3574426 0.3354086 0.3728389 0.3313039 0.361944 0.348043 0.3610437 0.3506523 0.3689479 0.35729 0.368719 0.3601739 0.3771267 0.3575342 0.377676 0.3604486 0.3832151 0.3495689 0.3844663 0.3513542 0.3861601 0.337026 0.3878081 0.3378805 0.3873808 0.3224384 0.3856565 0.3231098 0.3817502 0.3119555 0.7746242 0.8685588 0.7884337 0.8907301 0.787274 0.8950637 0.7726253 0.8712749 0.768307 0.8465858 0.7698482 0.9224689 0.766598 0.847776 0.7616541 0.8961928 0.7462272 0.9180896 0.7454337 0.9527123 0.744625 0.885008 0.7650111 0.8125124 0.7671778 0.8115206 0.7434195 0.8460364 0.7633325 0.7745022 0.765362 0.7712368 0.7420005 0.7935607 0.7603723 0.7213702 0.7626917 0.7200885 0.7390249 0.7407492 0.7565576 0.6600443 0.7587548 0.6589303 0.7548333 0.608072 0.7366446 0.6725414 0.7535515 0.6070039 0.7499199 0.5522088 0.7340505 0.6053712 0.7485466 0.5518578 0.7461051 0.4962844 0.7474174 0.4892958 0.7455863 0.492607 0.7330892 0.4977035 0.7149462 0.4921798 0.7096514 0.604364 0.71458 0.4992294 0.69691 0.4980392 0.6819715 0.4911116 0.7108873 0.6760204 0.6819715 0.4975051 0.7122148 0.7485161 0.6670482 0.4980392 0.649012 0.4921798 0.6819715 0.6035858 0.6493782 0.4992294 0.6819715 0.6761578 0.6543069 0.604364 0.6308537 0.4977035 0.6183718 0.492607 0.617853 0.4962844 0.6165408 0.4892958 0.6140383 0.5522088 0.6154116 0.5518578 0.6298924 0.6053712 0.6103914 0.6070039 0.6091249 0.608072 0.6074006 0.6600443 0.6051881 0.6589303 0.6012665 0.7200885 0.6273137 0.6725414 0.6035859 0.7213702 0.5985962 0.7712368 0.6530709 0.6760204 0.6249332 0.7407492 0.6006256 0.7745022 0.5967804 0.8115206 0.6517434 0.7485161 0.6219577 0.7935607 0.5989318 0.8125124 0.5956359 0.8465858 0.6819715 0.7493401 0.6506905 0.8035096 0.6205387 0.8460364 0.5973602 0.847776 0.5913329 0.8712749 0.5893187 0.8685588 0.5755093 0.8907301 0.5766842 0.8950637 0.5940948 0.9224689 0.6023041 0.8961928 0.6193332 0.885008 0.6177157 0.9180896 0.6185092 0.9527123 0.650019 0.8607004 0.6433204 0.9069047 0.6421301 0.9381857 0.6393378 0.9745174 0.6644388 0.9159533 0.6641947 0.9468375 0.6617075 0.9880522 0.6819715 0.9907988 0.6819715 0.8687114 0.6819715 0.9482567 0.6819715 0.9177997 0.6997482 0.9468375 0.7022507 0.9880522 0.7246205 0.9745174 0.6995193 0.9159533 0.721828 0.9381857 0.7206378 0.9069047 0.7139391 0.8607004 0.6819715 0.8077821 0.7132677 0.8034943 0.1542077 0.24271 0.1533989 0.2791638 0.1506371 0.2429694 0.1507744 0.2789654 0.1525292 0.3136034 0.1362936 0.2415503 0.129778 0.2764325 0.1336385 0.2332952 0.1325856 0.2780651 0.1284962 0.2974594 0.1298695 0.300145 0.1259022 0.3098344 0.150988 0.3138933 0.1504692 0.3340353 0.1517052 0.3354086 0.1363088 0.3313039 0.1472038 0.348043 0.1481041 0.3506523 0.1401846 0.35729 0.1404135 0.3601739 0.1320211 0.3575342 0.1314717 0.3604486 0.1259174 0.3495689 0.1246662 0.3513542 0.1229877 0.337026 0.1213397 0.3378805 0.121767 0.3224384 0.1234913 0.3231098 0.1273976 0.3119555 0.972137 0.5974975 0.9755856 0.5974975 0.977554 0.6056764 0.9722286 0.6056764 0.950164 0.6056764 0.950164 0.5974975 0.8901961 0.5974975 0.9779202 0.6717784 0.9836118 0.6717784 0.9801022 0.6812238 0.9652857 0.6812238 0.950164 0.6717784 0.9615167 0.6812238 0.9540703 0.6812238 0.8901961 0.6056764 0.8302434 0.6056764 0.8302434 0.5974975 0.8082551 0.5974975 0.950164 0.6812238 0.9522393 0.688838 0.8028535 0.6056764 0.8048218 0.5974975 0.950164 0.7028153 0.9522393 0.7018998 0.8081636 0.6056764 0.8024872 0.6717784 0.7967956 0.6717784 0.8003052 0.6812238 0.8151065 0.6812238 0.8302434 0.6717784 0.8188907 0.6812238 0.8263371 0.6812238 0.8901961 0.6717784 0.8302434 0.6812238 0.8281529 0.688838 0.8472419 0.6816357 0.8302434 0.7028153 0.8281529 0.7018998 0.8901961 0.6812238 0.8302434 0.747097 0.8281529 0.7902952 0.8436103 0.7257038 0.8302434 0.8325627 0.8281529 0.877821 0.840116 0.833402 0.8302434 0.9232166 0.8281529 0.9640498 0.8302434 0.9640498 0.8449073 0.9294575 0.8618754 0.9640498 0.8901961 0.9640498 0.8901961 0.9313802 0.8646525 0.8977035 0.8607767 0.834638 0.9352865 0.9295033 0.9185321 0.9640498 0.950164 0.9640498 0.8902571 0.8986191 0.950164 0.9232166 0.9522393 0.9640498 0.9522393 0.877821 0.9158007 0.8977798 0.950164 0.8325627 0.9522393 0.7902952 0.9401541 0.8333409 0.950164 0.747097 0.9367971 0.7257038 0.9331655 0.6816357 0.8902113 0.7237812 0.9170215 0.7732815 0.9196307 0.8346227 0.8902266 0.7727169 0.8902113 0.8339056 0.8633555 0.7731136 0.7996948 0.03678948 0.8017395 0.02970934 0.8041352 0.03678948 0.7979858 0.09036392 0.8057526 0.02970934 0.8017853 0.09036392 0.7967803 0.1414511 0.8425727 0.03678948 0.8426795 0.02970934 0.8901961 0.02970934 0.8420691 0.09036392 0.8901961 0.03678948 0.9377279 0.02970934 0.7998169 0.1414511 0.7944915 0.2029145 0.9378347 0.03678948 0.9746395 0.02970934 0.7975585 0.2029145 0.7926909 0.2615244 0.9762722 0.03678948 0.9786679 0.02970934 0.9807126 0.03678948 0.9824216 0.09036392 0.9383383 0.09036392 0.9786221 0.09036392 0.9836271 0.1414511 0.8901961 0.09036392 0.9805905 0.1414511 0.9859159 0.2029145 0.8901961 0.1399405 0.9386892 0.1399405 0.8417181 0.1399405 0.8901961 0.2029145 0.8413214 0.2029145 0.939086 0.2029145 0.8901961 0.2615244 0.8410468 0.2615244 0.9828336 0.2029145 0.9877165 0.2615244 0.9393606 0.2615244 0.9849546 0.2615244 0.9868467 0.3231556 0.9896544 0.3231556 0.8901961 0.3272603 0.939559 0.3272603 0.9880827 0.389807 0.9912108 0.3900054 0.9909362 0.4243687 0.9416495 0.4022431 0.9881743 0.4250248 0.9917907 0.4500191 0.9893492 0.4509041 0.9674373 0.4506142 0.972427 0.4804303 0.9508201 0.4713817 0.9542077 0.5071641 0.9287709 0.4872664 0.9306325 0.5299916 0.8901961 0.4077516 0.9077592 0.4942855 0.9076524 0.5410696 0.8901961 0.4969253 0.8901961 0.5436332 0.872755 0.5410696 0.8726482 0.4942855 0.849775 0.5299916 0.8516213 0.4872664 0.8261998 0.5071641 0.8387427 0.4022431 0.829572 0.4713817 0.8079805 0.4804303 0.8129702 0.4506142 0.7910582 0.4509041 0.8408484 0.3272603 0.7922332 0.4250248 0.7886168 0.4500191 0.7894713 0.4243687 0.7923247 0.389807 0.7891966 0.3900054 0.790753 0.3231556 0.7935607 0.3231556 0.7954528 0.2615244</float_array>
          <technique_common>
            <accessor source="#Body__mReBody-texcoord-array" count="802" stride="2">
              <param name="S" type="float" />
              <param name="T" type="float" />
            </accessor>
          </technique_common>
        </source>
        <vertices id="Body__mReBody-vertex">
          <input semantic="POSITION" source="#Body__mReBody-position" />
        </vertices>
        <triangles material="mReBody" count="1188">
          <input semantic="VERTEX" source="#Body__mReBody-vertex" offset="0" />
          <input semantic="NORMAL" source="#Body__mReBody-normal" offset="1" />
          <input semantic="TEXCOORD" source="#Body__mReBody-texcoord" offset="2" set="0" />
          <p>0 0 0 1 1 1 2 2 2 2 2 2 3 3 3 0 0 0 3 3 3 2 2 2 4 4 4 5 5 5 3 3 3 4 4 4 3 3 3 5 5 5 6 6 6 7 7 7 5 5 5 4 4 4 8 8 8 7 7 7 4 4 4 5 5 5 9 9 9 6 6 6 9 9 9 5 5 5 7 7 7 6 6 6 10 10 10 11 11 11 10 10 10 6 6 6 9 9 9 9 9 9 12 12 12 10 10 10 12 12 12 9 9 9 13 13 13 13 13 13 9 9 9 7 7 7 13 13 13 14 14 14 12 12 12 14 14 14 13 13 13 15 15 15 13 13 13 7 7 7 15 15 15 15 15 15 16 16 16 14 14 14 17 17 17 7 7 7 8 8 8 7 7 7 17 17 17 15 15 15 18 18 18 17 17 17 8 8 8 16 16 16 15 15 15 19 19 19 19 19 19 20 20 20 16 16 16 21 21 21 17 17 17 18 18 18 22 22 22 21 21 21 18 18 18 22 22 22 23 23 23 21 21 21 24 24 24 15 15 15 17 17 17 21 21 21 24 24 24 17 17 17 19 19 19 15 15 15 24 24 24 23 23 23 25 25 25 21 21 21 21 21 21 25 25 25 24 24 24 25 25 25 23 23 23 26 26 26 20 20 20 19 19 19 27 27 27 24 24 24 27 27 27 19 19 19 27 27 27 28 28 28 20 20 20 29 29 29 25 25 25 26 26 26 30 30 30 29 29 29 26 26 26 31 31 31 28 28 28 27 27 27 27 27 27 24 24 24 31 31 31 28 28 28 31 31 31 32 32 32 25 25 25 33 33 33 24 24 24 24 24 24 33 33 33 31 31 31 33 33 33 25 25 25 29 29 29 32 32 32 31 31 31 33 33 33 32 32 32 33 33 33 29 29 29 34 34 34 35 35 35 36 36 36 35 35 35 37 37 37 36 36 36 38 38 38 36 36 36 37 37 37 39 39 39 38 38 38 37 37 37 38 38 38 39 39 39 40 40 40 41 41 41 38 38 38 40 40 40 42 42 42 41 41 41 40 40 40 42 42 42 43 43 43 41 41 41 43 43 43 44 44 44 41 41 41 44 44 44 45 45 45 41 41 41 45 45 45 44 44 44 46 46 46 47 47 47 46 46 46 48 48 48 46 46 46 49 49 49 48 48 48 44 44 44 49 49 49 46 46 46 48 48 48 49 49 49 50 50 50 49 49 49 44 44 44 51 51 51 49 49 49 51 51 51 50 50 50 51 51 51 44 44 44 43 43 43 50 50 50 51 51 51 52 52 52 52 52 52 51 51 51 43 43 43 53 53 53 50 50 50 52 52 52 53 53 53 52 52 52 54 54 54 52 52 52 43 43 43 54 54 54 55 55 55 53 53 53 54 54 54 43 43 43 56 56 56 54 54 54 56 56 56 43 43 43 42 42 42 55 55 55 54 54 54 57 57 57 54 54 54 56 56 56 57 57 57 58 58 58 55 55 55 57 57 57 59 59 59 58 58 58 60 60 60 58 58 58 57 57 57 60 60 60 61 61 61 60 60 60 57 57 57 56 56 56 61 61 61 57 57 57 62 62 62 61 61 61 56 56 56 62 62 62 56 56 56 42 42 42 62 62 62 42 42 42 63 63 63 62 62 62 63 63 63 64 64 64 65 65 65 62 62 62 64 64 64 64 64 64 66 66 66 65 65 65 66 66 66 67 67 67 65 65 65 66 66 66 68 68 68 67 67 67 68 68 68 69 69 69 67 67 67 42 42 42 70 70 70 63 63 63 70 70 70 42 42 42 40 40 40 71 71 71 63 63 63 70 70 70 72 72 72 70 70 70 40 40 40 63 63 63 71 71 71 73 73 73 73 73 73 74 74 74 63 63 63 75 75 75 74 74 74 73 73 73 70 70 70 76 76 76 71 71 71 70 70 70 72 72 72 76 76 76 77 77 77 75 75 75 73 73 73 78 78 78 75 75 75 77 77 77 79 79 79 78 78 78 77 77 77 80 80 80 77 77 77 73 73 73 79 79 79 77 77 77 80 80 80 71 71 71 80 80 80 73 73 73 81 81 81 79 79 79 80 80 80 82 82 82 80 80 80 71 71 71 81 81 81 80 80 80 82 82 82 76 76 76 82 82 82 71 71 71 83 83 83 81 81 81 82 82 82 84 84 84 82 82 82 76 76 76 83 83 83 82 82 82 84 84 84 72 72 72 84 84 84 76 76 76 85 85 85 83 83 83 84 84 84 85 85 85 84 84 84 86 86 86 84 84 84 87 87 87 86 86 86 87 87 87 84 84 84 72 72 72 86 86 86 87 87 87 88 88 88 87 87 87 89 89 89 88 88 88 89 89 89 87 87 87 90 90 90 91 91 91 87 87 87 72 72 72 87 87 87 91 91 91 90 90 90 40 40 40 91 91 91 72 72 72 40 40 40 90 90 90 91 91 91 92 92 92 93 93 93 94 94 94 95 95 95 92 92 92 94 94 94 95 95 95 94 94 94 96 96 96 97 97 97 95 95 95 96 96 96 97 97 97 96 96 96 98 98 98 96 96 96 99 99 99 100 100 100 101 101 101 96 96 96 100 100 100 96 96 96 101 101 101 98 98 98 101 101 101 102 102 102 98 98 98 103 103 103 102 102 102 101 101 101 104 104 104 105 105 105 106 106 106 107 107 107 104 104 104 106 106 106 107 107 107 106 106 106 108 108 108 109 109 109 107 107 107 108 108 108 109 109 109 108 108 108 110 110 110 108 108 108 111 111 111 112 112 112 113 113 113 108 108 108 112 112 112 108 108 108 113 113 113 110 110 110 113 113 113 114 114 114 110 110 110 115 115 115 114 114 114 113 113 113 116 116 116 117 117 117 118 118 118 117 117 117 116 116 116 119 119 119 117 117 117 119 119 119 120 120 120 119 119 119 121 121 121 120 120 120 119 119 119 122 122 122 121 121 121 120 120 120 121 121 121 123 123 123 124 124 124 120 120 120 123 123 123 122 122 122 125 125 125 121 121 121 123 123 123 121 121 121 125 125 125 126 126 126 122 122 122 127 127 127 122 122 122 126 126 126 125 125 125 128 128 128 125 125 125 126 126 126 125 125 125 128 128 128 129 129 129 129 129 129 123 123 123 125 125 125 130 130 130 129 129 129 128 128 128 124 124 124 123 123 123 131 131 131 132 132 132 124 124 124 131 131 131 123 123 123 129 129 129 133 133 133 129 129 129 130 130 130 133 133 133 131 131 131 123 123 123 133 133 133 134 134 134 133 133 133 130 130 130 132 132 132 131 131 131 135 135 135 136 136 136 132 132 132 135 135 135 136 136 136 135 135 135 137 137 137 133 133 133 134 134 134 138 138 138 139 139 139 138 138 138 134 134 134 131 131 131 133 133 133 140 140 140 133 133 133 138 138 138 140 140 140 135 135 135 131 131 131 140 140 140 138 138 138 139 139 139 141 141 141 140 140 140 138 138 138 141 141 141 139 139 139 142 142 142 141 141 141 141 141 141 142 142 142 143 143 143 141 141 141 143 143 143 140 140 140 144 144 144 143 143 143 142 142 142 145 145 145 143 143 143 144 144 144 140 140 140 143 143 143 145 145 145 144 144 144 146 146 146 145 145 145 140 140 140 145 145 145 147 147 147 146 146 146 147 147 147 145 145 145 135 135 135 140 140 140 147 147 147 135 135 135 147 147 147 137 137 137 148 148 148 137 137 137 147 147 147 146 146 146 148 148 148 147 147 147 146 146 146 149 149 149 148 148 148 150 150 150 151 151 151 152 152 152 153 153 153 150 150 150 152 152 152 150 150 150 153 153 153 154 154 154 154 154 154 153 153 153 155 155 155 154 154 154 155 155 155 156 156 156 157 157 157 154 154 154 156 156 156 158 158 158 154 154 154 157 157 157 159 159 159 158 158 158 157 157 157 156 156 156 160 160 160 157 157 157 160 160 160 161 161 161 157 157 157 162 162 162 163 163 163 164 164 164 165 165 165 162 162 162 164 164 164 162 162 162 165 165 165 166 166 166 166 166 166 165 165 165 167 167 167 166 166 166 167 167 167 168 168 168 169 169 169 166 166 166 168 168 168 170 170 170 166 166 166 169 169 169 171 171 171 170 170 170 169 169 169 168 168 168 172 172 172 169 169 169 172 172 172 173 173 173 169 169 169 174 174 174 175 175 175 176 176 176 177 177 177 175 175 175 174 174 174 178 178 178 177 177 177 174 174 174 174 174 174 179 179 179 178 178 178 180 180 180 181 181 181 179 179 179 181 181 181 182 182 182 179 179 179 179 179 179 182 182 182 178 178 178 183 183 183 178 178 178 182 182 182 178 178 178 183 183 183 184 184 184 177 177 177 178 178 178 184 184 184 183 183 183 185 185 185 184 184 184 184 184 184 186 186 186 177 177 177 187 187 187 177 177 177 186 186 186 188 188 188 184 184 184 185 185 185 188 188 188 186 186 186 184 184 184 189 189 189 188 188 188 185 185 185 187 187 187 186 186 186 190 190 190 186 186 186 188 188 188 190 190 190 191 191 191 187 187 187 190 190 190 192 192 192 188 188 188 189 189 189 193 193 193 192 192 192 189 189 189 194 194 194 191 191 191 190 190 190 191 191 191 194 194 194 195 195 195 196 196 196 190 190 190 188 188 188 196 196 196 194 194 194 190 190 190 192 192 192 196 196 196 188 188 188 195 195 195 194 194 194 197 197 197 197 197 197 194 194 194 196 196 196 195 195 195 197 197 197 198 198 198 198 198 198 197 197 197 199 199 199 196 196 196 192 192 192 200 200 200 197 197 197 196 196 196 200 200 200 201 201 201 199 199 199 197 197 197 201 201 201 197 197 197 200 200 200 199 199 199 201 201 201 202 202 202 192 192 192 203 203 203 200 200 200 203 203 203 192 192 192 193 193 193 204 204 204 203 203 203 193 193 193 200 200 200 205 205 205 201 201 201 203 203 203 205 205 205 200 200 200 206 206 206 202 202 202 201 201 201 205 205 205 206 206 206 201 201 201 202 202 202 206 206 206 207 207 207 208 208 208 203 203 203 204 204 204 203 203 203 208 208 208 205 205 205 209 209 209 208 208 208 204 204 204 208 208 208 209 209 209 210 210 210 211 211 211 207 207 207 206 206 206 207 207 207 211 211 211 212 212 212 206 206 206 205 205 205 213 213 213 211 211 211 206 206 206 213 213 213 213 213 213 205 205 205 214 214 214 208 208 208 214 214 214 205 205 205 211 211 211 213 213 213 215 215 215 213 213 213 214 214 214 215 215 215 216 216 216 212 212 212 211 211 211 216 216 216 211 211 211 215 215 215 212 212 212 216 216 216 217 217 217 214 214 214 218 218 218 215 215 215 216 216 216 219 219 219 217 217 217 216 216 216 215 215 215 219 219 219 215 215 215 218 218 218 219 219 219 217 217 217 219 219 219 220 220 220 214 214 214 221 221 221 218 218 218 218 218 218 221 221 221 219 219 219 208 208 208 221 221 221 214 214 214 222 222 222 220 220 220 219 219 219 221 221 221 222 222 222 219 219 219 223 223 223 220 220 220 222 222 222 224 224 224 223 223 223 222 222 222 208 208 208 225 225 225 221 221 221 225 225 225 208 208 208 210 210 210 225 225 225 210 210 210 226 226 226 227 227 227 222 222 222 221 221 221 225 225 225 227 227 227 221 221 221 227 227 227 224 224 224 222 222 222 227 227 227 225 225 225 226 226 226 227 227 227 226 226 226 224 224 224 228 228 228 229 229 229 230 230 230 228 228 228 231 231 231 229 229 229 231 231 231 232 232 232 229 229 229 232 232 232 231 231 231 233 233 233 234 234 234 229 229 229 232 232 232 235 235 235 232 232 232 233 233 233 233 233 233 236 236 236 235 235 235 237 237 237 234 234 234 232 232 232 237 237 237 232 232 232 235 235 235 238 238 238 234 234 234 237 237 237 236 236 236 239 239 239 235 235 235 236 236 236 240 240 240 239 239 239 241 241 241 238 238 238 237 237 237 241 241 241 242 242 242 238 238 238 240 240 240 243 243 243 239 239 239 243 243 243 240 240 240 244 244 244 235 235 235 239 239 239 245 245 245 239 239 239 243 243 243 245 245 245 246 246 246 237 237 237 235 235 235 246 246 246 235 235 235 245 245 245 237 237 237 246 246 246 247 247 247 247 247 247 241 241 241 237 237 237 248 248 248 247 247 247 246 246 246 245 245 245 248 248 248 246 246 246 247 247 247 249 249 249 241 241 241 249 249 249 247 247 247 248 248 248 250 250 250 242 242 242 241 241 241 249 249 249 250 250 250 241 241 241 250 250 250 251 251 251 242 242 242 252 252 252 249 249 249 248 248 248 250 250 250 253 253 253 251 251 251 253 253 253 254 254 254 251 251 251 253 253 253 255 255 255 254 254 254 255 255 255 253 253 253 256 256 256 257 257 257 256 256 256 253 253 253 258 258 258 257 257 257 253 253 253 258 258 258 253 253 253 250 250 250 259 259 259 257 257 257 258 258 258 249 249 249 260 260 260 250 250 250 260 260 260 258 258 258 250 250 250 252 252 252 260 260 260 249 249 249 261 261 261 259 259 259 258 258 258 258 258 258 260 260 260 261 261 261 262 262 262 259 259 259 261 261 261 260 260 260 252 252 252 263 263 263 264 264 264 262 262 262 261 261 261 260 260 260 265 265 265 261 261 261 261 261 261 265 265 265 264 264 264 265 265 265 260 260 260 263 263 263 262 262 262 264 264 264 266 266 266 263 263 263 252 252 252 267 267 267 252 252 252 248 248 248 267 267 267 245 245 245 267 267 267 248 248 248 245 245 245 268 268 268 267 267 267 243 243 243 268 268 268 245 245 245 263 263 263 267 267 267 269 269 269 267 267 267 268 268 268 269 269 269 268 268 268 243 243 243 270 270 270 270 270 270 243 243 243 244 244 244 244 244 244 271 271 271 270 270 270 272 272 272 268 268 268 270 270 270 269 269 269 268 268 268 272 272 272 271 271 271 273 273 273 270 270 270 270 270 270 273 273 273 272 272 272 271 271 271 274 274 274 273 273 273 275 275 275 269 269 269 272 272 272 276 276 276 263 263 263 269 269 269 269 269 269 275 275 275 276 276 276 263 263 263 276 276 276 265 265 265 275 275 275 272 272 272 277 277 277 273 273 273 277 277 277 272 272 272 276 276 276 278 278 278 265 265 265 265 265 265 278 278 278 264 264 264 275 275 275 279 279 279 276 276 276 276 276 276 279 279 279 278 278 278 280 280 280 275 275 275 277 277 277 275 275 275 280 280 280 279 279 279 264 264 264 278 278 278 281 281 281 264 264 264 281 281 281 266 266 266 279 279 279 282 282 282 278 278 278 278 278 278 282 282 282 281 281 281 266 266 266 281 281 281 283 283 283 281 281 281 282 282 282 283 283 283 284 284 284 266 266 266 283 283 283 279 279 279 285 285 285 282 282 282 280 280 280 285 285 285 279 279 279 282 282 282 286 286 286 283 283 283 285 285 285 286 286 286 282 282 282 284 284 284 283 283 283 287 287 287 286 286 286 285 285 285 288 288 288 283 283 283 286 286 286 289 289 289 289 289 289 286 286 286 288 288 288 287 287 287 283 283 283 289 289 289 288 288 288 285 285 285 290 290 290 285 285 285 280 280 280 290 290 290 289 289 289 288 288 288 291 291 291 291 291 291 288 288 288 290 290 290 287 287 287 289 289 289 292 292 292 292 292 292 289 289 289 291 291 291 293 293 293 284 284 284 287 287 287 284 284 284 293 293 293 294 294 294 295 295 295 287 287 287 292 292 292 287 287 287 295 295 295 293 293 293 293 293 293 296 296 296 294 294 294 295 295 295 296 296 296 293 293 293 296 296 296 297 297 297 294 294 294 297 297 297 296 296 296 295 295 295 297 297 297 298 298 298 294 294 294 298 298 298 299 299 299 294 294 294 300 300 300 297 297 297 295 295 295 301 301 301 299 299 299 298 298 298 299 299 299 301 301 301 302 302 302 298 298 298 297 297 297 303 303 303 303 303 303 301 301 301 298 298 298 297 297 297 300 300 300 303 303 303 301 301 301 304 304 304 302 302 302 301 301 301 303 303 303 304 304 304 304 304 304 305 305 305 302 302 302 303 303 303 300 300 300 306 306 306 303 303 303 306 306 306 304 304 304 300 300 300 295 295 295 307 307 307 300 300 300 307 307 307 306 306 306 295 295 295 292 292 292 307 307 307 307 307 307 292 292 292 291 291 291 306 306 306 307 307 307 308 308 308 308 308 308 307 307 307 291 291 291 306 306 306 309 309 309 304 304 304 309 309 309 306 306 306 308 308 308 304 304 304 310 310 310 305 305 305 309 309 309 310 310 310 304 304 304 310 310 310 311 311 311 305 305 305 311 311 311 312 312 312 305 305 305 309 309 309 313 313 313 310 310 310 313 313 313 311 311 311 310 310 310 311 311 311 314 314 314 312 312 312 314 314 314 311 311 311 313 313 313 312 312 312 314 314 314 315 315 315 313 313 313 309 309 309 316 316 316 309 309 309 308 308 308 316 316 316 314 314 314 317 317 317 315 315 315 308 308 308 291 291 291 318 318 318 316 316 316 308 308 308 318 318 318 318 318 318 291 291 291 290 290 290 314 314 314 319 319 319 317 317 317 319 319 319 314 314 314 313 313 313 315 315 315 317 317 317 320 320 320 319 319 319 320 320 320 317 317 317 321 321 321 315 315 315 320 320 320 322 322 322 321 321 321 320 320 320 323 323 323 322 322 322 320 320 320 320 320 320 319 319 319 323 323 323 324 324 324 322 322 322 323 323 323 319 319 319 313 313 313 325 325 325 319 319 319 325 325 325 323 323 323 313 313 313 316 316 316 325 325 325 326 326 326 324 324 324 323 323 323 326 326 326 323 323 323 325 325 325 274 274 274 324 324 324 326 326 326 325 325 325 316 316 316 327 327 327 327 327 327 326 326 326 325 325 325 316 316 316 318 318 318 327 327 327 328 328 328 274 274 274 326 326 326 328 328 328 326 326 326 327 327 327 274 274 274 328 328 328 273 273 273 327 327 327 318 318 318 329 329 329 329 329 329 328 328 328 327 327 327 273 273 273 328 328 328 329 329 329 318 318 318 290 290 290 329 329 329 277 277 277 273 273 273 329 329 329 329 329 329 290 290 290 280 280 280 277 277 277 329 329 329 280 280 280 330 330 330 331 331 331 332 332 332 330 330 330 332 332 332 333 333 333 334 334 334 330 330 330 333 333 333 330 330 330 334 334 334 335 335 335 334 334 334 336 336 336 335 335 335 335 335 335 336 336 336 337 337 337 336 336 336 338 338 338 337 337 337 334 334 334 339 339 339 336 336 336 339 339 339 334 334 334 340 340 340 334 334 334 333 333 333 340 340 340 341 341 341 339 339 339 340 340 340 342 342 342 340 340 340 333 333 333 333 333 333 343 343 343 342 342 342 340 340 340 344 344 344 341 341 341 342 342 342 344 344 344 340 340 340 344 344 344 345 345 345 341 341 341 346 346 346 342 342 342 343 343 343 342 342 342 346 346 346 344 344 344 347 347 347 346 346 346 343 343 343 345 345 345 344 344 344 348 348 348 349 349 349 345 345 345 348 348 348 346 346 346 347 347 347 350 350 350 350 350 350 347 347 347 351 351 351 344 344 344 346 346 346 352 352 352 352 352 352 346 346 346 350 350 350 348 348 348 344 344 344 352 352 352 351 351 351 353 353 353 350 350 350 350 350 350 353 353 353 352 352 352 354 354 354 353 353 353 351 351 351 355 355 355 353 353 353 354 354 354 348 348 348 352 352 352 356 356 356 356 356 356 352 352 352 353 353 353 355 355 355 357 357 357 353 353 353 357 357 357 356 356 356 353 353 353 357 357 357 355 355 355 358 358 358 359 359 359 348 348 348 356 356 356 349 349 349 348 348 348 359 359 359 360 360 360 349 349 349 359 359 359 356 356 356 357 357 357 361 361 361 361 361 361 359 359 359 356 356 356 358 358 358 362 362 362 357 357 357 357 357 357 362 362 362 361 361 361 362 362 362 358 358 358 363 363 363 360 360 360 359 359 359 364 364 364 359 359 359 361 361 361 364 364 364 365 365 365 360 360 360 364 364 364 365 365 365 364 364 364 366 366 366 363 363 363 367 367 367 362 362 362 367 367 367 363 363 363 368 368 368 361 361 361 362 362 362 369 369 369 362 362 362 367 367 367 369 369 369 361 361 361 369 369 369 370 370 370 364 364 364 361 361 361 370 370 370 371 371 371 369 369 369 367 367 367 369 369 369 371 371 371 370 370 370 368 368 368 372 372 372 367 367 367 372 372 372 371 371 371 367 367 367 372 372 372 368 368 368 373 373 373 370 370 370 371 371 371 374 374 374 372 372 372 373 373 373 375 375 375 371 371 371 372 372 372 375 375 375 374 374 374 371 371 371 375 375 375 375 375 375 373 373 373 376 376 376 370 370 370 374 374 374 377 377 377 377 377 377 374 374 374 375 375 375 364 364 364 370 370 370 377 377 377 376 376 376 378 378 378 375 375 375 378 378 378 377 377 377 375 375 375 379 379 379 378 378 378 376 376 376 379 379 379 380 380 380 378 378 378 364 364 364 377 377 377 381 381 381 364 364 364 381 381 381 366 366 366 366 366 366 381 381 381 382 382 382 378 378 378 383 383 383 377 377 377 383 383 383 381 381 381 377 377 377 380 380 380 383 383 383 378 378 378 381 381 381 383 383 383 382 382 382 383 383 383 380 380 380 382 382 382 384 384 384 385 385 385 386 386 386 387 387 387 384 384 384 386 386 386 388 388 388 387 387 387 386 386 386 386 386 386 389 389 389 388 388 388 387 387 387 388 388 388 390 390 390 389 389 389 391 391 391 388 388 388 389 389 389 392 392 392 391 391 391 388 388 388 393 393 393 390 390 390 388 388 388 391 391 391 393 393 393 394 394 394 390 390 390 393 393 393 392 392 392 395 395 395 391 391 391 395 395 395 392 392 392 396 396 396 397 397 397 394 394 394 393 393 393 398 398 398 394 394 394 397 397 397 391 391 391 399 399 399 393 393 393 400 400 400 398 398 398 397 397 397 401 401 401 398 398 398 400 400 400 402 402 402 397 397 397 393 393 393 400 400 400 397 397 397 402 402 402 399 399 399 402 402 402 393 393 393 403 403 403 401 401 401 400 400 400 404 404 404 401 401 401 403 403 403 405 405 405 400 400 400 402 402 402 400 400 400 405 405 405 403 403 403 406 406 406 404 404 404 403 403 403 407 407 407 404 404 404 406 406 406 405 405 405 408 408 408 403 403 403 406 406 406 403 403 403 408 408 408 402 402 402 409 409 409 405 405 405 410 410 410 407 407 407 406 406 406 402 402 402 411 411 411 409 409 409 411 411 411 402 402 402 399 399 399 410 410 410 412 412 412 407 407 407 412 412 412 413 413 413 407 407 407 414 414 414 411 411 411 399 399 399 391 391 391 414 414 414 399 399 399 414 414 414 391 391 391 395 395 395 414 414 414 415 415 415 411 411 411 414 414 414 395 395 395 415 415 415 415 415 415 416 416 416 411 411 411 411 411 411 416 416 416 409 409 409 415 415 415 395 395 395 417 417 417 417 417 417 395 395 395 396 396 396 396 396 396 418 418 418 417 417 417 416 416 416 415 415 415 419 419 419 415 415 415 417 417 417 419 419 419 416 416 416 420 420 420 409 409 409 416 416 416 419 419 419 420 420 420 421 421 421 417 417 417 418 418 418 422 422 422 421 421 421 418 418 418 423 423 423 421 421 421 422 422 422 423 423 423 424 424 424 421 421 421 421 421 421 424 424 424 425 425 425 421 421 421 426 426 426 417 417 417 426 426 426 421 421 421 425 425 425 426 426 426 419 419 419 417 417 417 426 426 426 425 425 425 427 427 427 428 428 428 426 426 426 427 427 427 426 426 426 428 428 428 419 419 419 428 428 428 427 427 427 429 429 429 428 428 428 430 430 430 419 419 419 419 419 419 430 430 430 420 420 420 431 431 431 428 428 428 429 429 429 428 428 428 431 431 431 430 430 430 429 429 429 432 432 432 431 431 431 433 433 433 420 420 420 430 430 430 432 432 432 434 434 434 431 431 431 431 431 431 435 435 435 430 430 430 431 431 431 434 434 434 435 435 435 435 435 435 433 433 433 430 430 430 434 434 434 432 432 432 436 436 436 432 432 432 437 437 437 436 436 436 434 434 434 438 438 438 435 435 435 434 434 434 436 436 436 438 438 438 439 439 439 433 433 433 435 435 435 438 438 438 439 439 439 435 435 435 420 420 420 433 433 433 440 440 440 409 409 409 420 420 420 440 440 440 409 409 409 440 440 440 405 405 405 405 405 405 440 440 440 408 408 408 441 441 441 440 440 440 433 433 433 440 440 440 441 441 441 408 408 408 439 439 439 441 441 441 433 433 433 408 408 408 441 441 441 442 442 442 442 442 442 406 406 406 408 408 408 443 443 443 441 441 441 439 439 439 441 441 441 443 443 443 442 442 442 406 406 406 442 442 442 444 444 444 442 442 442 443 443 443 444 444 444 410 410 410 406 406 406 444 444 444 445 445 445 443 443 443 439 439 439 445 445 445 439 439 439 438 438 438 443 443 443 446 446 446 444 444 444 443 443 443 445 445 445 446 446 446 410 410 410 444 444 444 447 447 447 412 412 412 410 410 410 447 447 447 446 446 446 448 448 448 444 444 444 448 448 448 447 447 447 444 444 444 445 445 445 449 449 449 446 446 446 450 450 450 445 445 445 438 438 438 445 445 445 450 450 450 449 449 449 436 436 436 450 450 450 438 438 438 449 449 449 451 451 451 446 446 446 451 451 451 448 448 448 446 446 446 450 450 450 452 452 452 449 449 449 451 451 451 449 449 449 452 452 452 436 436 436 453 453 453 450 450 450 453 453 453 452 452 452 450 450 450 453 453 453 436 436 436 437 437 437 454 454 454 453 453 453 437 437 437 437 437 437 455 455 455 454 454 454 453 453 453 456 456 456 452 452 452 453 453 453 454 454 454 456 456 456 454 454 454 455 455 455 457 457 457 454 454 454 457 457 457 456 456 456 457 457 457 455 455 455 458 458 458 456 456 456 457 457 457 458 458 458 456 456 456 459 459 459 452 452 452 459 459 459 451 451 451 452 452 452 456 456 456 460 460 460 459 459 459 460 460 460 456 456 456 458 458 458 459 459 459 461 461 461 451 451 451 460 460 460 461 461 461 459 459 459 458 458 458 455 455 455 462 462 462 462 462 462 455 455 455 463 463 463 464 464 464 460 460 460 458 458 458 462 462 462 464 464 464 458 458 458 460 460 460 464 464 464 461 461 461 462 462 462 463 463 463 465 465 465 464 464 464 462 462 462 465 465 465 465 465 465 463 463 463 466 466 466 464 464 464 467 467 467 461 461 461 464 464 464 465 465 465 467 467 467 465 465 465 466 466 466 468 468 468 465 465 465 468 468 468 467 467 467 466 466 466 469 469 469 468 468 468 461 461 461 467 467 467 470 470 470 461 461 461 470 470 470 451 451 451 451 451 451 470 470 470 448 448 448 467 467 467 468 468 468 471 471 471 467 467 467 471 471 471 470 470 470 470 470 470 472 472 472 448 448 448 470 470 470 471 471 471 472 472 472 448 448 448 472 472 472 447 447 447 468 468 468 473 473 473 471 471 471 468 468 468 469 469 469 473 473 473 471 471 471 474 474 474 472 472 472 471 471 471 473 473 473 474 474 474 472 472 472 475 475 475 447 447 447 472 472 472 474 474 474 475 475 475 412 412 412 447 447 447 475 475 475 473 473 473 469 469 469 476 476 476 473 473 473 476 476 476 474 474 474 469 469 469 477 477 477 476 476 476 476 476 476 477 477 477 478 478 478 476 476 476 478 478 478 474 474 474 477 477 477 479 479 479 478 478 478 478 478 478 480 480 480 474 474 474 474 474 474 480 480 480 475 475 475 479 479 479 481 481 481 478 478 478 478 478 478 481 481 481 480 480 480 481 481 481 479 479 479 482 482 482 481 481 481 482 482 482 480 480 480 479 479 479 483 483 483 482 482 482 482 482 482 483 483 483 484 484 484 475 475 475 480 480 480 485 485 485 480 480 480 482 482 482 485 485 485 485 485 485 482 482 482 484 484 484 485 485 485 412 412 412 475 475 475 485 485 485 484 484 484 413 413 413 412 412 412 485 485 485 413 413 413 486 486 486 487 487 487 488 488 488 487 487 487 489 489 489 488 488 488 489 489 489 487 487 487 490 490 490 491 491 491 488 488 488 489 489 489 490 490 490 492 492 492 493 493 493 494 494 494 490 490 490 493 493 493 494 494 494 489 489 489 490 490 490 494 494 494 493 493 493 495 495 495 496 496 496 494 494 494 495 495 495 489 489 489 494 494 494 496 496 496 496 496 496 495 495 495 497 497 497 498 498 498 491 491 491 489 489 489 498 498 498 489 489 489 496 496 496 498 498 498 499 499 499 491 491 491 499 499 499 500 500 500 491 491 491 501 501 501 498 498 498 496 496 496 498 498 498 501 501 501 499 499 499 499 499 499 502 502 502 500 500 500 499 499 499 501 501 501 502 502 502 502 502 502 503 503 503 500 500 500 502 502 502 504 504 504 503 503 503 504 504 504 502 502 502 501 501 501 504 504 504 505 505 505 503 503 503 505 505 505 504 504 504 506 506 506 506 506 506 504 504 504 501 501 501 507 507 507 505 505 505 506 506 506 507 507 507 506 506 506 508 508 508 508 508 508 506 506 506 501 501 501 509 509 509 507 507 507 508 508 508 509 509 509 508 508 508 510 510 510 510 510 510 508 508 508 501 501 501 511 511 511 509 509 509 510 510 510 512 512 512 511 511 511 510 510 510 513 513 513 512 512 512 510 510 510 513 513 513 510 510 510 501 501 501 497 497 497 512 512 512 513 513 513 514 514 514 513 513 513 501 501 501 514 514 514 497 497 497 513 513 513 496 496 496 514 514 514 501 501 501 514 514 514 496 496 496 497 497 497 515 515 515 516 516 516 517 517 517 518 518 518 515 515 515 517 517 517 515 515 515 518 518 518 519 519 519 517 517 517 520 520 520 518 518 518 518 518 518 521 521 521 519 519 519 520 520 520 522 522 522 518 518 518 521 521 521 518 518 518 522 522 522 522 522 522 520 520 520 523 523 523 520 520 520 524 524 524 523 523 523 522 522 522 525 525 525 521 521 521 525 525 525 522 522 522 523 523 523 519 519 519 521 521 521 526 526 526 527 527 527 519 519 519 526 526 526 525 525 525 528 528 528 521 521 521 528 528 528 526 526 526 521 521 521 527 527 527 526 526 526 529 529 529 530 530 530 527 527 527 529 529 529 528 528 528 531 531 531 526 526 526 531 531 531 529 529 529 526 526 526 530 530 530 529 529 529 532 532 532 533 533 533 530 530 530 532 532 532 531 531 531 534 534 534 529 529 529 534 534 534 532 532 532 529 529 529 533 533 533 532 532 532 535 535 535 536 536 536 533 533 533 535 535 535 536 536 536 535 535 535 537 537 537 532 532 532 534 534 534 538 538 538 535 535 535 532 532 532 538 538 538 535 535 535 539 539 539 537 537 537 537 537 537 539 539 539 540 540 540 539 539 539 535 535 535 541 541 541 535 535 535 538 538 538 541 541 541 539 539 539 542 542 542 540 540 540 541 541 541 542 542 542 539 539 539 540 540 540 542 542 542 543 543 543 544 544 544 540 540 540 543 543 543 543 543 543 545 545 545 544 544 544 543 543 543 542 542 542 546 546 546 546 546 546 545 545 545 543 543 543 541 541 541 546 546 546 542 542 542 547 547 547 545 545 545 546 546 546 548 548 548 546 546 546 541 541 541 548 548 548 541 541 541 538 538 538 547 547 547 546 546 546 549 549 549 549 549 549 546 546 546 548 548 548 550 550 550 547 547 547 549 549 549 548 548 548 550 550 550 549 549 549 551 551 551 547 547 547 550 550 550 552 552 552 548 548 548 538 538 538 552 552 552 538 538 538 534 534 534 551 551 551 550 550 550 553 553 553 554 554 554 552 552 552 534 534 534 554 554 554 534 534 534 531 531 531 551 551 551 553 553 553 555 555 555 551 551 551 555 555 555 556 556 556 553 553 553 550 550 550 557 557 557 553 553 553 557 557 557 555 555 555 550 550 550 548 548 548 557 557 557 555 555 555 558 558 558 556 556 556 559 559 559 557 557 557 548 548 548 552 552 552 559 559 559 548 548 548 559 559 559 552 552 552 554 554 554 557 557 557 560 560 560 555 555 555 555 555 555 560 560 560 558 558 558 560 560 560 557 557 557 559 559 559 556 556 556 558 558 558 561 561 561 558 558 558 560 560 560 561 561 561 556 556 556 561 561 561 562 562 562 561 561 561 563 563 563 562 562 562 563 563 563 564 564 564 562 562 562 564 564 564 563 563 563 565 565 565 563 563 563 561 561 561 566 566 566 563 563 563 566 566 566 565 565 565 561 561 561 567 567 567 566 566 566 561 561 561 560 560 560 567 567 567 566 566 566 568 568 568 565 565 565 566 566 566 567 567 567 568 568 568 568 568 568 569 569 569 565 565 565 568 568 568 570 570 570 569 569 569 570 570 570 568 568 568 567 567 567 570 570 570 571 571 571 569 569 569 572 572 572 571 571 571 570 570 570 573 573 573 570 570 570 567 567 567 567 567 567 560 560 560 573 573 573 574 574 574 572 572 572 570 570 570 570 570 570 573 573 573 574 574 574 572 572 572 574 574 574 575 575 575 560 560 560 576 576 576 573 573 573 576 576 576 560 560 560 559 559 559 573 573 573 577 577 577 574 574 574 573 573 573 576 576 576 577 577 577 574 574 574 578 578 578 575 575 575 574 574 574 577 577 577 578 578 578 575 575 575 578 578 578 579 579 579 576 576 576 580 580 580 577 577 577 580 580 580 576 576 576 559 559 559 577 577 577 581 581 581 578 578 578 577 577 577 580 580 580 581 581 581 578 578 578 582 582 582 579 579 579 582 582 582 578 578 578 581 581 581 579 579 579 582 582 582 583 583 583 584 584 584 580 580 580 559 559 559 584 584 584 559 559 559 554 554 554 580 580 580 585 585 585 581 581 581 585 585 585 580 580 580 584 584 584 586 586 586 582 582 582 581 581 581 581 581 581 585 585 585 586 586 586 582 582 582 587 587 587 583 583 583 587 587 587 582 582 582 586 586 586 587 587 587 588 588 588 583 583 583 588 588 588 589 589 589 583 583 583 590 590 590 589 589 589 591 591 591 589 589 589 588 588 588 591 591 591 592 592 592 591 591 591 588 588 588 587 587 587 593 593 593 588 588 588 593 593 593 592 592 592 588 588 588 593 593 593 587 587 587 594 594 594 594 594 594 587 587 587 586 586 586 593 593 593 595 595 595 592 592 592 594 594 594 595 595 595 593 593 593 595 595 595 596 596 596 592 592 592 594 594 594 586 586 586 597 597 597 585 585 585 597 597 597 586 586 586 594 594 594 598 598 598 595 595 595 594 594 594 597 597 597 598 598 598 595 595 595 599 599 599 596 596 596 598 598 598 599 599 599 595 595 595 599 599 599 600 600 600 596 596 596 598 598 598 601 601 601 599 599 599 597 597 597 601 601 601 598 598 598 599 599 599 602 602 602 600 600 600 601 601 601 602 602 602 599 599 599 602 602 602 603 603 603 600 600 600 603 603 603 602 602 602 604 604 604 601 601 601 597 597 597 605 605 605 602 602 602 606 606 606 604 604 604 601 601 601 607 607 607 602 602 602 607 607 607 606 606 606 602 602 602 605 605 605 607 607 607 601 601 601 604 604 604 606 606 606 608 608 608 608 608 608 606 606 606 607 607 607 609 609 609 604 604 604 608 608 608 609 609 609 608 608 608 610 610 610 611 611 611 608 608 608 607 607 607 605 605 605 611 611 611 607 607 607 608 608 608 612 612 612 610 610 610 612 612 612 608 608 608 611 611 611 524 524 524 610 610 610 612 612 612 523 523 523 524 524 524 612 612 612 523 523 523 612 612 612 613 613 613 613 613 613 612 612 612 611 611 611 525 525 525 523 523 523 613 613 613 611 611 611 614 614 614 613 613 613 525 525 525 613 613 613 614 614 614 611 611 611 605 605 605 614 614 614 525 525 525 614 614 614 528 528 528 605 605 605 615 615 615 614 614 614 605 605 605 597 597 597 615 615 615 597 597 597 585 585 585 615 615 615 615 615 615 585 585 585 584 584 584 614 614 614 616 616 616 528 528 528 615 615 615 616 616 616 614 614 614 615 615 615 584 584 584 616 616 616 616 616 616 531 531 531 528 528 528 584 584 584 554 554 554 616 616 616 616 616 616 554 554 554 531 531 531 617 617 617 618 618 618 619 619 619 618 618 618 620 620 620 619 619 619 620 620 620 618 618 618 621 621 621 622 622 622 619 619 619 620 620 620 623 623 623 624 624 624 622 622 622 625 625 625 623 623 623 622 622 622 625 625 625 622 622 622 620 620 620 623 623 623 625 625 625 626 626 626 625 625 625 627 627 627 626 626 626 625 625 625 620 620 620 627 627 627 628 628 628 626 626 626 627 627 627 629 629 629 620 620 620 621 621 621 620 620 620 629 629 629 627 627 627 630 630 630 629 629 629 621 621 621 631 631 631 630 630 630 621 621 621 632 632 632 627 627 627 629 629 629 629 629 629 630 630 630 632 632 632 633 633 633 630 630 630 631 631 631 630 630 630 633 633 633 632 632 632 634 634 634 633 633 633 631 631 631 635 635 635 633 633 633 634 634 634 635 635 635 632 632 632 633 633 633 636 636 636 635 635 635 634 634 634 635 635 635 636 636 636 637 637 637 637 637 637 632 632 632 635 635 635 636 636 636 638 638 638 637 637 637 637 637 637 638 638 638 639 639 639 639 639 639 632 632 632 637 637 637 638 638 638 640 640 640 639 639 639 639 639 639 640 640 640 641 641 641 641 641 641 632 632 632 639 639 639 640 640 640 642 642 642 641 641 641 642 642 642 643 643 643 641 641 641 643 643 643 644 644 644 641 641 641 644 644 644 632 632 632 641 641 641 643 643 643 628 628 628 644 644 644 645 645 645 632 632 632 644 644 644 628 628 628 645 645 645 644 644 644 627 627 627 632 632 632 645 645 645 645 645 645 628 628 628 627 627 627 646 646 646 647 647 647 648 648 648 649 649 649 646 646 646 648 648 648 649 649 649 650 650 650 646 646 646 650 650 650 651 651 651 646 646 646 652 652 652 651 651 651 650 650 650 649 649 649 648 648 648 653 653 653 648 648 648 654 654 654 653 653 653 654 654 654 655 655 655 653 653 653 653 653 653 655 655 655 656 656 656 653 653 653 657 657 657 649 649 649 653 653 653 656 656 656 657 657 657 657 657 657 650 650 650 649 649 649 656 656 656 658 658 658 657 657 657 657 657 657 658 658 658 659 659 659 660 660 660 652 652 652 650 650 650 660 660 660 650 650 650 657 657 657 660 660 660 661 661 661 652 652 652 661 661 661 662 662 662 652 652 652 663 663 663 662 662 662 661 661 661 657 657 657 659 659 659 664 664 664 665 665 665 664 664 664 659 659 659 666 666 666 667 667 667 663 663 663 664 664 664 665 665 665 668 668 668 665 665 665 669 669 669 668 668 668 670 670 670 666 666 666 663 663 663 670 670 670 663 663 663 661 661 661 670 670 670 671 671 671 666 666 666 671 671 671 672 672 672 666 666 666 672 672 672 671 671 671 673 673 673 671 671 671 674 674 674 673 673 673 670 670 670 661 661 661 675 675 675 671 671 671 670 670 670 675 675 675 674 674 674 671 671 671 675 675 675 675 675 675 661 661 661 660 660 660 676 676 676 674 674 674 675 675 675 675 675 675 677 677 677 676 676 676 678 678 678 675 675 675 660 660 660 678 678 678 660 660 660 657 657 657 675 675 675 679 679 679 677 677 677 680 680 680 677 677 677 679 679 679 681 681 681 675 675 675 678 678 678 675 675 675 681 681 681 679 679 679 680 680 680 679 679 679 682 682 682 681 681 681 682 682 682 679 679 679 683 683 683 680 680 680 682 682 682 684 684 684 681 681 681 678 678 678 683 683 683 682 682 682 685 685 685 686 686 686 683 683 683 685 685 685 681 681 681 687 687 687 682 682 682 682 682 682 687 687 687 685 685 685 686 686 686 685 685 685 688 688 688 688 688 688 689 689 689 686 686 686 688 688 688 685 685 685 690 690 690 685 685 685 687 687 687 690 690 690 688 688 688 691 691 691 689 689 689 691 691 691 688 688 688 690 690 690 692 692 692 689 689 689 691 691 691 693 693 693 692 692 692 691 691 691 694 694 694 693 693 693 691 691 691 694 694 694 691 691 691 690 690 690 695 695 695 693 693 693 694 694 694 694 694 694 696 696 696 695 695 695 696 696 696 694 694 694 697 697 697 698 698 698 694 694 694 690 690 690 694 694 694 698 698 698 697 697 697 699 699 699 698 698 698 690 690 690 700 700 700 696 696 696 697 697 697 696 696 696 700 700 700 701 701 701 701 701 701 700 700 700 702 702 702 698 698 698 703 703 703 697 697 697 702 702 702 700 700 700 704 704 704 702 702 702 704 704 704 705 705 705 704 704 704 706 706 706 705 705 705 700 700 700 697 697 697 707 707 707 697 697 697 703 703 703 707 707 707 708 708 708 706 706 706 704 704 704 708 708 708 709 709 709 706 706 706 700 700 700 710 710 710 704 704 704 710 710 710 708 708 708 704 704 704 710 710 710 700 700 700 707 707 707 709 709 709 708 708 708 711 711 711 708 708 708 710 710 710 711 711 711 709 709 709 711 711 711 669 669 669 711 711 711 668 668 668 669 669 669 712 712 712 668 668 668 711 711 711 710 710 710 712 712 712 711 711 711 713 713 713 668 668 668 712 712 712 668 668 668 713 713 713 664 664 664 713 713 713 657 657 657 664 664 664 713 713 713 678 678 678 657 657 657 684 684 684 678 678 678 713 713 713 684 684 684 713 713 713 714 714 714 713 713 713 712 712 712 714 714 714 684 684 684 714 714 714 681 681 681 714 714 714 687 687 687 681 681 681 712 712 712 710 710 710 715 715 715 714 714 714 712 712 712 715 715 715 710 710 710 716 716 716 715 715 715 716 716 716 710 710 710 707 707 707 717 717 717 714 714 714 715 715 715 718 718 718 716 716 716 707 707 707 716 716 716 718 718 718 715 715 715 718 718 718 717 717 717 715 715 715 703 703 703 718 718 718 707 707 707 703 703 703 698 698 698 718 718 718 698 698 698 699 699 699 718 718 718 714 714 714 717 717 717 719 719 719 719 719 719 717 717 717 718 718 718 699 699 699 719 719 719 718 718 718 687 687 687 714 714 714 719 719 719 719 719 719 699 699 699 690 690 690 687 687 687 719 719 719 690 690 690 720 720 720 721 721 721 722 722 722 723 723 723 720 720 720 722 722 722 721 721 721 724 724 724 722 722 722 725 725 725 723 723 723 722 722 722 726 726 726 723 723 723 725 725 725 722 722 722 724 724 724 727 727 727 724 724 724 728 728 728 727 727 727 727 727 727 728 728 728 729 729 729 722 722 722 727 727 727 730 730 730 725 725 725 722 722 722 730 730 730 731 731 731 727 727 727 729 729 729 730 730 730 727 727 727 731 731 731 731 731 731 729 729 729 732 732 732 733 733 733 726 726 726 725 725 725 734 734 734 726 726 726 733 733 733 735 735 735 731 731 731 732 732 732 735 735 735 732 732 732 736 736 736 737 737 737 734 734 734 733 733 733 738 738 738 734 734 734 737 737 737 739 739 739 735 735 735 736 736 736 739 739 739 736 736 736 740 740 740 741 741 741 739 739 739 740 740 740 739 739 739 741 741 741 742 742 742 743 743 743 735 735 735 739 739 739 731 731 731 735 735 735 743 743 743 744 744 744 739 739 739 742 742 742 744 744 744 743 743 743 739 739 739 744 744 744 742 742 742 745 745 745 746 746 746 731 731 731 743 743 743 746 746 746 730 730 730 731 731 731 747 747 747 744 744 744 745 745 745 747 747 747 745 745 745 748 748 748 746 746 746 749 749 749 730 730 730 749 749 749 746 746 746 743 743 743 750 750 750 743 743 743 744 744 744 750 750 750 749 749 749 743 743 743 747 747 747 750 750 750 744 744 744 749 749 749 751 751 751 730 730 730 725 725 725 730 730 730 751 751 751 733 733 733 725 725 725 751 751 751 752 752 752 749 749 749 750 750 750 749 749 749 752 752 752 751 751 751 751 751 751 753 753 753 733 733 733 752 752 752 753 753 753 751 751 751 753 753 753 737 737 737 733 733 733 754 754 754 752 752 752 750 750 750 754 754 754 750 750 750 747 747 747 752 752 752 755 755 755 753 753 753 752 752 752 754 754 754 755 755 755 753 753 753 756 756 756 737 737 737 755 755 755 756 756 756 753 753 753 757 757 757 754 754 754 747 747 747 757 757 757 747 747 747 748 748 748 757 757 757 748 748 748 758 758 758 754 754 754 759 759 759 755 755 755 759 759 759 754 754 754 757 757 757 760 760 760 757 757 757 758 758 758 760 760 760 759 759 759 757 757 757 760 760 760 758 758 758 761 761 761 760 760 760 761 761 761 759 759 759 758 758 758 762 762 762 761 761 761 755 755 755 759 759 759 763 763 763 755 755 755 763 763 763 756 756 756 759 759 759 761 761 761 764 764 764 759 759 759 764 764 764 763 763 763 761 761 761 762 762 762 765 765 765 761 761 761 765 765 765 764 764 764 762 762 762 766 766 766 765 765 765 766 766 766 767 767 767 765 765 765 765 765 765 768 768 768 764 764 764 764 764 764 768 768 768 763 763 763 767 767 767 769 769 769 765 765 765 767 767 767 770 770 770 769 769 769 770 770 770 771 771 771 769 769 769 772 772 772 765 765 765 769 769 769 769 769 769 771 771 771 772 772 772 768 768 768 765 765 765 772 772 772 771 771 771 773 773 773 772 772 772 772 772 772 773 773 773 774 774 774 774 774 774 768 768 768 772 772 772 773 773 773 775 775 775 774 774 774 776 776 776 774 774 774 775 775 775 776 776 776 768 768 768 774 774 774 777 777 777 776 776 776 775 775 775 776 776 776 778 778 778 768 768 768 768 768 768 778 778 778 763 763 763 776 776 776 777 777 777 779 779 779 779 779 779 778 778 778 776 776 776 777 777 777 780 780 780 779 779 779 779 779 779 780 780 780 781 781 781 778 778 778 779 779 779 781 781 781 780 780 780 782 782 782 781 781 781 782 782 782 783 783 783 781 781 781 783 783 783 784 784 784 781 781 781 781 781 781 784 784 784 778 778 778 783 783 783 785 785 785 784 784 784 785 785 785 786 786 786 784 784 784 784 784 784 786 786 786 778 778 778 786 786 786 785 785 785 787 787 787 778 778 778 786 786 786 788 788 788 778 778 778 788 788 788 763 763 763 789 789 789 786 786 786 787 787 787 786 786 786 789 789 789 788 788 788 789 789 789 787 787 787 790 790 790 791 791 791 789 789 789 790 790 790 789 789 789 791 791 791 788 788 788 791 791 791 790 790 790 792 792 792 788 788 788 793 793 793 763 763 763 763 763 763 793 793 793 756 756 756 794 794 794 791 791 791 792 792 792 794 794 794 792 792 792 795 795 795 796 796 796 794 794 794 795 795 795 788 788 788 791 791 791 797 797 797 797 797 797 791 791 791 794 794 794 797 797 797 794 794 794 796 796 796 793 793 793 788 788 788 797 797 797 798 798 798 797 797 797 796 796 796 798 798 798 799 799 799 797 797 797 800 800 800 793 793 793 797 797 797 799 799 799 800 800 800 797 797 797 800 800 800 756 756 756 793 793 793 799 799 799 738 738 738 800 800 800 801 801 801 756 756 756 800 800 800 738 738 738 801 801 801 800 800 800 756 756 756 801 801 801 737 737 737 801 801 801 738 738 738 737 737 737 </p>
        </triangles>
      </mesh>
    </geometry>
  </library_geometries>
  <library_controllers>
    <controller id="Armature_Body__mReBody-mesh">
      <skin source="#Body__mReBody-mesh">
        <bind_shape_matrix>1 0 0 0 0 1 0 0 0 0 1 0 0 0 0 1</bind_shape_matrix>
        <source id="Body__mReBody-mesh-joint">
          <Name_array id="Body__mReBody-mesh-joint-array" count="1">Root</Name_array>
          <technique_common>
            <accessor source="#Body__mReBody-mesh-joint-array" count="1" stride="1">
              <param name="JOINT" type="name" />
            </accessor>
          </technique_common>
        </source>
        <source id="Body__mReBody-mesh-inv_bind_matrix">
          <float_array id="Body__mReBody-mesh-inv_bind_matrix-array" count="16">1 0 0 0 0 1 0 0 0 0 1 0 0 0 0 1</float_array>
          <technique_common>
            <accessor source="#Body__mReBody-mesh-inv_bind_matrix-array" count="1" stride="16">
              <param name="TRANSFORM" type="float4x4" />
            </accessor>
          </technique_common>
        </source>
        <source id="Body__mReBody-mesh-weight">
          <float_array id="Body__mReBody-mesh-weight-array" count="1">1</float_array>
          <technique_common>
            <accessor source="#Body__mReBody-mesh-weight-array" count="1" stride="1">
              <param name="WEIGHT" type="float" />
            </accessor>
          </technique_common>
        </source>
        <joints>
          <input semantic="JOINT" source="#Body__mReBody-mesh-joint" />
          <input semantic="INV_BIND_MATRIX" source="#Body__mReBody-mesh-inv_bind_matrix" />
        </joints>
        <vertex_weights count="802">
          <input semantic="JOINT" source="#Body__mReBody-mesh-joint" offset="0" />
          <input semantic="WEIGHT" source="#Body__mReBody-mesh-weight" offset="1" />
          <vcount>1 1 1 1 1 1 1 1 1 1 1 1 1 1 1 1 1 1 1 1 1 1 1 1 1 1 1 1 1 1 1 1 1 1 1 1 1 1 1 1 1 1 1 1 1 1 1 1 1 1 1 1 1 1 1 1 1 1 1 1 1 1 1 1 1 1 1 1 1 1 1 1 1 1 1 1 1 1 1 1 1 1 1 1 1 1 1 1 1 1 1 1 1 1 1 1 1 1 1 1 1 1 1 1 1 1 1 1 1 1 1 1 1 1 1 1 1 1 1 1 1 1 1 1 1 1 1 1 1 1 1 1 1 1 1 1 1 1 1 1 1 1 1 1 1 1 1 1 1 1 1 1 1 1 1 1 1 1 1 1 1 1 1 1 1 1 1 1 1 1 1 1 1 1 1 1 1 1 1 1 1 1 1 1 1 1 1 1 1 1 1 1 1 1 1 1 1 1 1 1 1 1 1 1 1 1 1 1 1 1 1 1 1 1 1 1 1 1 1 1 1 1 1 1 1 1 1 1 1 1 1 1 1 1 1 1 1 1 1 1 1 1 1 1 1 1 1 1 1 1 1 1 1 1 1 1 1 1 1 1 1 1 1 1 1 1 1 1 1 1 1 1 1 1 1 1 1 1 1 1 1 1 1 1 1 1 1 1 1 1 1 1 1 1 1 1 1 1 1 1 1 1 1 1 1 1 1 1 1 1 1 1 1 1 1 1 1 1 1 1 1 1 1 1 1 1 1 1 1 1 1 1 1 1 1 1 1 1 1 1 1 1 1 1 1 1 1 1 1 1 1 1 1 1 1 1 1 1 1 1 1 1 1 1 1 1 1 1 1 1 1 1 1 1 1 1 1 1 1 1 1 1 1 1 1 1 1 1 1 1 1 1 1 1 1 1 1 1 1 1 1 1 1 1 1 1 1 1 1 1 1 1 1 1 1 1 1 1 1 1 1 1 1 1 1 1 1 1 1 1 1 1 1 1 1 1 1 1 1 1 1 1 1 1 1 1 1 1 1 1 1 1 1 1 1 1 1 1 1 1 1 1 1 1 1 1 1 1 1 1 1 1 1 1 1 1 1 1 1 1 1 1 1 1 1 1 1 1 1 1 1 1 1 1 1 1 1 1 1 1 1 1 1 1 1 1 1 1 1 1 1 1 1 1 1 1 1 1 1 1 1 1 1 1 1 1 1 1 1 1 1 1 1 1 1 1 1 1 1 1 1 1 1 1 1 1 1 1 1 1 1 1 1 1 1 1 1 1 1 1 1 1 1 1 1 1 1 1 1 1 1 1 1 1 1 1 1 1 1 1 1 1 1 1 1 1 1 1 1 1 1 1 1 1 1 1 1 1 1 1 1 1 1 1 1 1 1 1 1 1 1 1 1 1 1 1 1 1 1 1 1 1 1 1 1 1 1 1 1 1 1 1 1 1 1 1 1 1 1 1 1 1 1 1 1 1 1 1 1 1 1 1 1 1 1 1 1 1 1 1 1 1 1 1 1 1 1 1 1 1 1 1 1 1 1 1 1 1 1 1 1 1 1 1 1 1 1 1 1 1 1 1 1 1 1 1 1 1 1 1 1 1 1 1 1 1 1 1 1 1 1 1 1 1 1 1 1 1 1 1 1 1 1 1 1 1 1 1 1 1 1 1 1 1 1 1 1 1 1 1 1 1 1 1 1 1 1 1 1 1 1 1 1 1 1 1 1 1 1 1 1 1 1 1 1 1 1 1 1 1 1 1 1 1 1 1 1 1 1 1 1 1 1 1 1 1 1 1 1 1 1 1 1 1 1 1 1 1 1 1 1 1 </vcount>
          <v>0 0 0 0 0 0 0 0 0 0 0 0 0 0 0 0 0 0 0 0 0 0 0 0 0 0 0 0 0 0 0 0 0 0 0 0 0 0 0 0 0 0 0 0 0 0 0 0 0 0 0 0 0 0 0 0 0 0 0 0 0 0 0 0 0 0 0 0 0 0 0 0 0 0 0 0 0 0 0 0 0 0 0 0 0 0 0 0 0 0 0 0 0 0 0 0 0 0 0 0 0 0 0 0 0 0 0 0 0 0 0 0 0 0 0 0 0 0 0 0 0 0 0 0 0 0 0 0 0 0 0 0 0 0 0 0 0 0 0 0 0 0 0 0 0 0 0 0 0 0 0 0 0 0 0 0 0 0 0 0 0 0 0 0 0 0 0 0 0 0 0 0 0 0 0 0 0 0 0 0 0 0 0 0 0 0 0 0 0 0 0 0 0 0 0 0 0 0 0 0 0 0 0 0 0 0 0 0 0 0 0 0 0 0 0 0 0 0 0 0 0 0 0 0 0 0 0 0 0 0 0 0 0 0 0 0 0 0 0 0 0 0 0 0 0 0 0 0 0 0 0 0 0 0 0 0 0 0 0 0 0 0 0 0 0 0 0 0 0 0 0 0 0 0 0 0 0 0 0 0 0 0 0 0 0 0 0 0 0 0 0 0 0 0 0 0 0 0 0 0 0 0 0 0 0 0 0 0 0 0 0 0 0 0 0 0 0 0 0 0 0 0 0 0 0 0 0 0 0 0 0 0 0 0 0 0 0 0 0 0 0 0 0 0 0 0 0 0 0 0 0 0 0 0 0 0 0 0 0 0 0 0 0 0 0 0 0 0 0 0 0 0 0 0 0 0 0 0 0 0 0 0 0 0 0 0 0 0 0 0 0 0 0 0 0 0 0 0 0 0 0 0 0 0 0 0 0 0 0 0 0 0 0 0 0 0 0 0 0 0 0 0 0 0 0 0 0 0 0 0 0 0 0 0 0 0 0 0 0 0 0 0 0 0 0 0 0 0 0 0 0 0 0 0 0 0 0 0 0 0 0 0 0 0 0 0 0 0 0 0 0 0 0 0 0 0 0 0 0 0 0 0 0 0 0 0 0 0 0 0 0 0 0 0 0 0 0 0 0 0 0 0 0 0 0 0 0 0 0 0 0 0 0 0 0 0 0 0 0 0 0 0 0 0 0 0 0 0 0 0 0 0 0 0 0 0 0 0 0 0 0 0 0 0 0 0 0 0 0 0 0 0 0 0 0 0 0 0 0 0 0 0 0 0 0 0 0 0 0 0 0 0 0 0 0 0 0 0 0 0 0 0 0 0 0 0 0 0 0 0 0 0 0 0 0 0 0 0 0 0 0 0 0 0 0 0 0 0 0 0 0 0 0 0 0 0 0 0 0 0 0 0 0 0 0 0 0 0 0 0 0 0 0 0 0 0 0 0 0 0 0 0 0 0 0 0 0 0 0 0 0 0 0 0 0 0 0 0 0 0 0 0 0 0 0 0 0 0 0 0 0 0 0 0 0 0 0 0 0 0 0 0 0 0 0 0 0 0 0 0 0 0 0 0 0 0 0 0 0 0 0 0 0 0 0 0 0 0 0 0 0 0 0 0 0 0 0 0 0 0 0 0 0 0 0 0 0 0 0 0 0 0 0 0 0 0 0 0 0 0 0 0 0 0 0 0 0 0 0 0 0 0 0 0 0 0 0 0 0 0 0 0 0 0 0 0 0 0 0 0 0 0 0 0 0 0 0 0 0 0 0 0 0 0 0 0 0 0 0 0 0 0 0 0 0 0 0 0 0 0 0 0 0 0 0 0 0 0 0 0 0 0 0 0 0 0 0 0 0 0 0 0 0 0 0 0 0 0 0 0 0 0 0 0 0 0 0 0 0 0 0 0 0 0 0 0 0 0 0 0 0 0 0 0 0 0 0 0 0 0 0 0 0 0 0 0 0 0 0 0 0 0 0 0 0 0 0 0 0 0 0 0 0 0 0 0 0 0 0 0 0 0 0 0 0 0 0 0 0 0 0 0 0 0 0 0 0 0 0 0 0 0 0 0 0 0 0 0 0 0 0 0 0 0 0 0 0 0 0 0 0 0 0 0 0 0 0 0 0 0 0 0 0 0 0 0 0 0 0 0 0 0 0 0 0 0 0 0 0 0 0 0 0 0 0 0 0 0 0 0 0 0 0 0 0 0 0 0 0 0 0 0 0 0 0 0 0 0 0 0 0 0 0 0 0 0 0 0 0 0 0 0 0 0 0 0 0 0 0 0 0 0 0 0 0 0 0 0 0 0 0 0 0 0 0 0 0 0 0 0 0 0 0 0 0 0 0 0 0 0 0 0 0 0 0 0 0 0 0 0 0 0 0 0 0 0 0 0 0 0 0 0 0 0 0 0 0 0 0 0 0 0 0 0 0 0 0 0 0 0 0 0 0 0 0 0 0 0 0 0 0 0 0 0 0 0 0 0 0 0 0 0 0 0 0 0 0 0 0 0 0 0 0 0 0 0 0 0 0 0 0 0 0 0 0 0 0 0 0 0 0 0 0 0 0 0 0 0 0 0 0 0 0 0 0 0 0 0 0 0 0 0 0 0 0 0 0 0 0 0 0 0 0 0 0 0 0 0 0 0 0 0 0 0 0 0 0 0 0 0 0 0 0 0 0 0 0 0 0 0 0 0 0 0 0 0 0 0 0 0 0 0 0 0 0 0 0 0 0 0 0 0 0 0 0 0 0 0 0 0 0 0 0 0 0 0 0 0 0 0 0 0 0 0 0 0 0 0 0 0 0 0 0 0 0 0 0 0 0 0 0 0 0 0 0 0 0 0 0 0 0 0 0 0 0 0 0 0 0 0 0 0 0 0 0 0 0 0 0 0 0 0 0 0 0 0 0 0 0 0 0 0 0 0 0 0 0 0 0 0 0 0 0 0 0 0 0 0 0 0 0 0 0 0 0 0 0 0 0 0 0 0 0 0 0 0 0 0 0 0 0 0 0 0 0 0 0 0 0 0 0 0 0 0 0 0 0 0 0 0 0 0 0 0 0 0 0 0 0 0 0 0 0 0 0 0 0 0 0 0 0 0 0 0 0 0 0 0 0 0 0 0 0 0 0 0 0 0 0 0 0 0 0 0 0 0 0 0 0 0 0 0 0 0 0 0 0 0 0 0 0 0 0 0 0 0 0 0 0 0 0 0 0 0 0 0 0 0 0 0 0 0 0 0 0 0 0 0 0 0 0 0 0 0 0 0 0 0 0 0 0 0 0 0 0 0 0 0 0 0 0 0 0 0 0 0 0 0 0 0 0 0 0 0 0 0 0 0 0 0 0 0 0 0 0 0 0 0 0 0 0 0 0 0 0 0 0 0 0 0 0 0 0 0 0 0 0 0 0 0 0 0 0 0 0 0 0 0 0 0 0 0 0 0 0 0 0 0 0 0 0 0 0 0 0 0 0 0 0 0 0 0 0 0 0 0 0 0 0 0 0 0 0 0 0 0 0 0 0 0 0 0 0 0 0 0 0 0 0 0 0 0 0 0 0 0 0 0 0 0 0 0 0 0 0 0 0 0 0 0 0 0 0 0 0 0 0 0 0 0 0 0 0 0 </v>
        </vertex_weights>
      </skin>
    </controller>
  </library_controllers>
  <library_visual_scenes>
    <visual_scene id="Scene" name="Scene">
      <node id="Armature" name="Armature" type="NODE">
        <matrix sid="transform">1 0 0 0 0 1 0 0 0 0 1 0 0 0 0 1</matrix>
        <node id="Armature_Root" name="Root" sid="Root" type="JOINT">
          <matrix sid="transform">1 0 0 0 0 1 0 0 0 0 1 0 0 0 0 1</matrix>
        </node>
      </node>
      <node id="Body__mReBody" name="Body__mReBody" type="NODE">
        <instance_controller url="#Armature_Body__mReBody-mesh">
          <skeleton>#Armature_Root</skeleton>
          <bind_material>
            <technique_common>
              <instance_material symbol="mReBody" target="#mReBody" />
              <bind_vertex_input semantic="CHANNEL0" input_semantic="TEXCOORD" input_set="0" />
              <bind_vertex_input semantic="CHANNEL1" input_semantic="TEXCOORD" input_set="1" />
              <bind_vertex_input semantic="CHANNEL2" input_semantic="TEXCOORD" input_set="2" />
            </technique_common>
          </bind_material>
        </instance_controller>
      </node>
    </visual_scene>
  </library_visual_scenes>
  <scene>
    <instance_visual_scene url="#Scene" />
  </scene>
</COLLADA>