<?xml version="1.0" encoding="utf-8"?>
<COLLADA xmlns="http://www.collada.org/2005/11/COLLADASchema" version="1.4.1">
  <asset />
  <library_images>
    <image id="mReBody_Alb">
      <init_from>mReBody_Alb.png</init_from>
    </image>
    <image id="mReBody_Nrm">
      <init_from>mReBody_Nrm.png</init_from>
    </image>
    <image id="mReBody_Mix">
      <init_from>mReBody_Mix.png</init_from>
    </image>
  </library_images>
  <library_materials>
    <material id="mReBody">
      <instance_effect url="#Effect_mReBody" />
    </material>
  </library_materials>
  <library_effects>
    <effect id="Effect_mReBody">
      <profile_COMMON>
        <newparam sid="surface_mReBody-diffuse">
          <surface type="2D">
            <init_from>mReBody_Alb</init_from>
            <format>A8R8G8B8</format>
          </surface>
        </newparam>
        <newparam sid="sampler_mReBody-diffuse">
          <sampler2D>
            <source>surface_mReBody-diffuse</source>
            <wrap_s>WRAP</wrap_s>
            <wrap_t>WRAP</wrap_t>
          </sampler2D>
        </newparam>
        <newparam sid="surface_mReBody-bump">
          <surface type="2D">
            <init_from>mReBody_Nrm</init_from>
            <format>A8R8G8B8</format>
          </surface>
        </newparam>
        <newparam sid="sampler_mReBody-bump">
          <sampler2D>
            <source>surface_mReBody-bump</source>
            <wrap_s>WRAP</wrap_s>
            <wrap_t>WRAP</wrap_t>
          </sampler2D>
        </newparam>
        <newparam sid="surface_mReBody-specular">
          <surface type="2D">
            <init_from>mReBody_Mix</init_from>
            <format>A8R8G8B8</format>
          </surface>
        </newparam>
        <newparam sid="sampler_mReBody-specular">
          <sampler2D>
            <source>surface_mReBody-specular</source>
            <wrap_s>WRAP</wrap_s>
            <wrap_t>WRAP</wrap_t>
          </sampler2D>
        </newparam>
        <technique sid="common">
          <phong>
            <diffuse>
              <texture texture="sampler_mReBody-diffuse" texcoord="CHANNEL0" />
            </diffuse>
            <bump>
              <texture texture="sampler_mReBody-bump" texcoord="CHANNEL0" />
            </bump>
            <specular>
              <texture texture="sampler_mReBody-specular" texcoord="CHANNEL0" />
            </specular>
            <emission>
              <color sid="emission">0 0 0 1</color>
            </emission>
          </phong>
        </technique>
      </profile_COMMON>
    </effect>
  </library_effects>
  <library_geometries>
    <geometry id="ComforterA_low__mReBody-mesh" name="ComforterA_low__mReBody">
      <mesh>
        <source id="ComforterA_low__mReBody-position">
          <float_array id="ComforterA_low__mReBody-position-array" count="4248">-8.739177 8.355735 -7.206523 -8.739177 8.355734 7.209337 -8.739177 7.594956 7.209338 -8.739177 7.594956 -7.206523 -8.814169 7.519964 7.209338 -8.814169 7.519963 -7.206523 -9.600627 7.519964 7.209338 -9.600627 7.519963 -7.206523 -9.675619 7.594956 7.209338 -9.675619 7.594956 -7.206523 -9.675619 8.355735 -7.206523 -9.675619 8.355734 7.209337 -8.732498 1.697168 7.207091 -8.732498 1.697168 -7.20877 -8.732498 3.736812 -7.20877 -8.732498 3.736812 7.20709 -8.80749 3.811805 -7.20877 -8.80749 3.811805 7.207091 -9.593948 3.811805 -7.20877 -9.593948 3.811805 7.207091 -9.668941 3.736812 -7.20877 -9.668941 3.736812 7.20709 -9.668941 1.697168 -7.20877 -9.668941 1.697168 7.207091 -9.593948 1.622175 -7.20877 -9.593948 1.622176 7.207091 -8.80749 1.622175 -7.20877 -8.80749 1.622176 7.207091 -8.732498 1.697168 -7.20877 -8.732498 1.697168 7.207091 -9.532722 3.681804 7.277091 -9.539401 7.879964 7.279338 -9.539401 7.879964 4 -9.532722 3.681804 4 -9.539401 7.879963 0.001407385 -9.532722 3.681804 -0.0008397102 -9.539401 7.879963 -4 -9.532722 3.681804 -4 -9.539401 7.879963 -7.276523 -9.532722 3.681804 -7.27877 8.214329 0 -7.495057 8.318654 0.09004324 -7.482243 8.226861 0.08972648 -7.390221 8.545048 1.622175 -7.251722 8.447601 1.622175 -7.154275 8.545048 3.714358 -7.25387 8.447601 3.811805 -7.253969 8.447601 3.714358 -7.156423 8.447601 3.811805 -7.253969 7.512982 3.811805 -7.253969 7.512933 3.714408 -7.156423 8.545048 1.622175 -8.226381 8.318654 0.09004324 -7.482243 8.318654 0.09004324 -8.002827 8.545048 3.714358 -8.228528 8.447601 3.811805 -7.253969 7.512982 3.811805 -7.253969 7.513032 3.811805 -8.228578 8.447551 3.811805 -8.228578 8.447551 3.714308 -8.325974 8.447551 3.811805 -8.228578 8.447601 1.622175 -8.323828 8.222004 0.09535155 -8.09563 8.318654 0.09004324 -8.002827 8.214329 0 -7.990358 7.512982 1.622175 -8.323828 8.222004 0.09535155 -8.09563 8.214329 0 -7.990358 7.745049 0 -7.990329 7.732687 0.08995667 -8.094824 7.513032 3.714308 -8.325974 8.447551 3.811805 -8.228578 7.513032 3.811805 -8.228578 7.415536 3.714358 -8.228528 7.513032 3.811805 -8.228578 7.415536 1.622175 -8.226381 7.732687 0.08995667 -8.094824 7.640757 0.0900821 -8.002802 7.745049 0 -7.990329 7.512982 3.811805 -7.253969 7.415536 3.714358 -7.25387 7.512982 3.811805 -7.253969 7.513032 3.811805 -8.228578 7.415536 3.714358 -8.228528 7.415536 1.622175 -8.226381 7.640757 0.0900821 -8.002802 7.640757 0.0900821 -7.482266 7.415536 1.622175 -7.251722 7.512982 1.622175 -7.154275 7.737393 0.09526338 -7.389368 7.640757 0.0900821 -7.482266 7.745049 0 -7.495086 7.737393 0.09526338 -7.389368 8.226861 0.08972648 -7.390221 8.214329 0 -7.495057 7.745049 0 -7.495086 8.318654 0.09004324 -8.002827 8.318654 0.09004324 -7.482243 8.214329 0 -7.990358 7.745049 0 -7.990329 7.640757 0.0900821 -8.002802 7.640757 0.0900821 -7.482266 -9.441276 0 -7.990199 -9.54542 0.09025335 -8.002696 -9.453508 0.08995667 -8.094824 -9.765475 1.622175 -8.226381 -9.668029 1.622175 -8.323828 -9.54542 0.09025335 -8.002696 -9.54542 0.09025335 -7.482372 -9.765475 1.622175 -7.251722 -9.765475 8.360024 -8.228628 -9.765475 8.360024 -7.253969 -9.668029 8.360024 -8.326075 -8.73341 8.360024 -8.326075 -8.73341 1.622175 -8.323828 -8.964159 0.09532916 -8.095627 -9.453508 0.08995667 -8.094824 -9.441276 0 -7.990199 -8.971998 0 -7.990487 -8.635963 1.622175 -8.226381 -8.635963 8.360024 -8.228628 -8.964159 0.09532916 -8.095627 -8.635963 8.360024 -7.253969 -8.867525 0.08987186 -8.002932 -8.971998 0 -7.990487 -8.867525 0.08987186 -8.002932 -8.867525 0.08987186 -7.482138 -8.635963 1.622175 -7.251722 -8.73341 1.622175 -7.154275 -8.73341 8.360024 -7.156523 -9.668029 8.360024 -7.156523 -8.959338 0.08972648 -7.390221 -8.867525 0.08987186 -7.482138 -8.971998 0 -7.494928 -9.668029 1.622175 -7.154275 -9.448767 0.09528645 -7.389365 -8.971998 0 -7.494928 -9.765475 1.622175 -7.251722 -9.765475 8.360024 -7.253969 -9.54542 0.09025335 -7.482372 -9.441276 0 -7.495215 -9.441276 0 -7.495215 -8.867525 0.08987186 -8.002932 -8.867525 0.08987186 -7.482138 -8.971998 0 -7.990487 -9.441276 0 -7.990199 -9.54542 0.09025335 -8.002696 -9.54542 0.09025335 -7.482372 -8.81249 3.072253 -7.644634 -8.812502 3.072253 7.647971 -0.4530203 3.072253 7.647972 -0.4530056 3.072253 -7.644635 7.676461 3.072253 7.647973 7.676479 3.072253 -7.644637 -1.284963 2.648752 7.373871 -1.284952 2.648753 -7.370786 -1.284948 1.83216 -7.376957 -1.284957 1.83216 7.373872 -1.209955 1.757167 -7.37721 -1.209965 1.757167 7.373872 -0.6280365 1.757167 -7.377211 -0.6280441 1.757168 7.373871 -0.5530977 1.83216 -7.376959 -0.5531054 1.83216 7.373871 -0.5544138 2.648751 7.373873 -0.5543966 2.648752 -7.370789 7.676479 2.281805 -7.644637 7.676461 2.281805 7.647973 -0.4530203 2.281805 7.647972 -0.4530056 2.281805 -7.644635 -8.812502 2.281805 7.647971 -8.81249 2.281805 -7.644634 -8.868716 3.681804 -4 -8.868716 3.681804 -7.27877 -8.875395 7.879963 -7.276523 -8.875395 7.879963 -4 -8.868716 3.681804 -0.0008397102 -8.875395 7.879963 0.001407385 -8.868716 3.681804 4 -8.875395 7.879964 4 -8.868716 3.681804 7.277091 -8.875395 7.879964 7.279338 8.214329 0 7.495057 8.226861 0.08972648 7.390221 8.318654 0.09004324 7.482243 8.545048 1.622175 7.251722 8.447601 1.622175 7.154275 8.545048 3.714358 7.25387 8.447601 3.714358 7.156423 8.447601 3.811805 7.253969 8.447601 3.811805 7.253969 7.512982 3.811805 7.253969 7.512933 3.714408 7.156423 8.545048 1.622175 8.226381 8.318654 0.09004324 7.482243 8.318654 0.09004324 8.002827 8.545048 3.714358 8.228528 8.447601 3.811805 7.253969 7.512982 3.811805 7.253969 7.513032 3.811805 8.228578 8.447551 3.811805 8.228578 8.447551 3.714308 8.325974 8.447551 3.811805 8.228578 8.447601 1.622175 8.323828 8.222004 0.09535155 8.09563 8.318654 0.09004324 8.002827 8.214329 0 7.990358 7.512982 1.622175 8.323828 8.222004 0.09535155 8.09563 8.214329 0 7.990358 7.745049 0 7.990329 7.732687 0.08995667 8.094824 7.513032 3.714308 8.325974 8.447551 3.811805 8.228578 7.513032 3.811805 8.228578 7.415536 3.714358 8.228528 7.513032 3.811805 8.228578 7.415536 1.622175 8.226381 7.732687 0.08995667 8.094824 7.640757 0.0900821 8.002802 7.745049 0 7.990329 7.512982 3.811805 7.253969 7.415536 3.714358 7.25387 7.512982 3.811805 7.253969 7.513032 3.811805 8.228578 7.415536 3.714358 8.228528 7.415536 1.622175 8.226381 7.640757 0.0900821 7.482266 7.640757 0.0900821 8.002802 7.415536 1.622175 7.251722 7.512982 1.622175 7.154275 7.737393 0.09526338 7.389368 7.640757 0.0900821 7.482266 7.745049 0 7.495086 7.737393 0.09526338 7.389368 8.226861 0.08972648 7.390221 8.214329 0 7.495057 7.745049 0 7.495086 8.318654 0.09004324 7.482243 8.318654 0.09004324 8.002827 8.214329 0 7.990358 7.745049 0 7.990329 7.640757 0.0900821 8.002802 7.640757 0.0900821 7.482266 -9.441276 0 7.990199 -9.453508 0.08995667 8.094824 -9.54542 0.09025335 8.002696 -9.765475 1.622175 8.226381 -9.668029 1.622175 8.323828 -9.54542 0.09025335 7.482372 -9.54542 0.09025335 8.002696 -9.765475 1.622175 7.251722 -9.765475 8.360024 8.228628 -9.765475 8.360024 7.253969 -9.668029 8.360024 8.326075 -8.73341 8.360024 8.326075 -8.73341 1.622175 8.323828 -8.964159 0.09532916 8.095627 -9.453508 0.08995667 8.094824 -9.441276 0 7.990199 -8.971998 0 7.990487 -8.635963 1.622175 8.226381 -8.635963 8.360024 8.228628 -8.964159 0.09532916 8.095627 -8.635963 8.360024 7.253969 -8.867525 0.08987186 8.002932 -8.971998 0 7.990487 -8.867525 0.08987186 8.002932 -8.867525 0.08987186 7.482138 -8.635963 1.622175 7.251722 -8.73341 1.622175 7.154275 -8.73341 8.360024 7.156523 -9.668029 8.360024 7.156523 -8.959338 0.08972648 7.390221 -8.867525 0.08987186 7.482138 -8.971998 0 7.494928 -9.668029 1.622175 7.154275 -9.448767 0.09528645 7.389365 -8.971998 0 7.494928 -9.765475 1.622175 7.251722 -9.765475 8.360024 7.253969 -9.54542 0.09025335 7.482372 -9.441276 0 7.495215 -9.441276 0 7.495215 -8.867525 0.08987186 7.482138 -8.867525 0.08987186 8.002932 -8.971998 0 7.990487 -9.441276 0 7.990199 -9.54542 0.09025335 8.002696 -9.54542 0.09025335 7.482372 -8.559249 8.40502 8.571993 -8.559249 9.065099 8.571994 -9.855547 8.40502 8.571993 -9.855547 9.065099 8.571994 -8.559249 9.140091 8.499536 -8.484257 9.065099 8.499535 -9.855547 9.140091 8.499536 -9.930539 9.065099 8.499535 -9.855547 8.40502 8.571993 -9.855547 9.065099 8.571994 -9.930539 8.40502 8.499536 -9.855547 9.14009 -8.496721 -9.930539 9.065099 -8.496721 -9.930539 8.405019 -8.496721 -9.855547 9.065098 -8.56918 -9.855547 8.40502 -8.56918 -9.855547 9.065098 -8.56918 -9.855547 8.330028 -8.496721 -9.855547 8.40502 -8.56918 -8.559249 9.065098 -8.56918 -9.855547 8.40502 -8.56918 -8.559249 8.40502 -8.56918 -8.559249 9.14009 -8.496721 -8.484257 9.065099 -8.496721 -8.559249 8.40502 -8.56918 -8.559249 9.065098 -8.56918 -8.484257 8.405019 -8.496721 -8.484257 8.40502 8.499536 -8.559249 9.065099 8.571994 -8.559249 8.40502 8.571993 -8.559249 8.330028 -8.496721 -8.559249 8.40502 -8.56918 -8.559249 8.330028 8.499535 -8.559249 8.40502 8.571993 -8.559249 8.40502 -8.56918 -8.559249 8.330028 -8.496721 -9.855547 8.330028 8.499535 -8.559249 8.330028 8.499535 -9.855547 8.40502 8.571993 -8.559249 8.40502 8.571993 -8.690509 2.735493 -7.579 -8.690509 2.735493 7.579 -8.690509 4.391816 7.579 -8.690509 4.391816 -7.579 -8.6039 4.570816 -7.580294 -8.6039 4.570816 7.580294 -8.491107 4.700001 7.565718 -8.570818 4.570816 7.655979 -8.491107 4.700001 -7.565718 -8.570818 4.570816 -7.655979 -8.6039 4.570816 7.580294 -8.690509 4.391816 7.579 -8.6039 4.570816 -7.580294 -8.690509 4.391816 -7.579 -8.621792 4.391816 7.724977 -8.690509 2.735493 7.579 -8.621801 2.735493 7.725004 -8.491152 2.735493 7.816162 -8.492285 4.570816 7.713532 -8.491101 4.391816 7.816 -1.137808 2.735493 7.816 -1.137808 4.391816 7.816 -1.137808 4.570816 7.713532 -1.137808 4.700001 7.565718 -1.137808 4.700001 -7.565718 -8.492285 4.570816 -7.713532 -1.137808 4.570816 -7.713532 -8.621792 4.391816 -7.724977 -8.690509 2.735493 -7.579 -8.621801 2.735493 -7.725004 -8.491152 2.735493 -7.816162 -8.491101 4.391816 -7.816 -1.137808 4.391816 -7.816 -1.137808 2.735493 -7.816 7.615047 3.175611 -7.370786 7.615035 3.175611 7.373871 7.690039 3.250603 -7.370534 7.690028 3.250603 7.373871 8.270539 3.250603 7.373873 8.270556 3.250603 -7.370536 8.345602 3.175611 -7.370789 8.345585 3.175611 7.373873 8.346893 1.697168 7.373871 8.346901 1.697168 -7.376959 8.271962 1.622175 -7.377211 8.271955 1.622175 7.373871 7.690033 1.622175 7.373872 7.690043 1.622175 -7.37721 7.61505 1.697168 -7.376957 7.615041 1.697168 7.373872 7.615035 3.175611 7.373871 7.615047 3.175611 -7.370786 -1.537809 0.435808 -8.481801 -1.973122 0.4907244 -8.167016 -1.973121 0.4907244 -8.373509 -0.3843532 0.4230406 -8.267873 -0.3088336 0.4230406 -8.523122 -1.993123 3.682115 -7.770076 1.120893 0.4237022 -8.36594 1.120965 0.4237022 -8.634451 1.070894 3.88338 -7.906976 -1.953123 3.986359 -7.44962 3.761846 0.3666072 -8.503572 1.070894 4.318709 0 -1.973122 4.318709 0 -1.953123 3.986359 7.44962 3.765041 3.812434 -7.879144 3.765041 0.3666072 -8.310333 5.673367 0.4462954 -8.610929 5.653024 0.435946 -8.789748 6.225326 0.3984507 -8.793875 6.312137 0.4024427 -8.599143 6.42489 0.3927482 -8.819061 6.502147 0.3976171 -8.65519 6.624454 0.3896949 -8.88425 7.964252 3.90542 -7.993554 6.692157 0.3945333 -8.711238 6.894352 0.3963989 -8.847021 6.790529 0.3899175 -8.99259 7.080207 0.3976096 -9.03185 6.940265 0.3892954 -9.149976 7.362116 0.3419207 -9.285954 7.29854 0.3416274 -9.417975 7.972876 0.2536591 -9.546694 8.410344 2.434553 -8.570231 7.959758 0.2568812 -9.372096 8.60211 0.1389401 -9.240666 8.682285 0.1445634 -9.39126 9.231466 0.01642159 -8.847996 9.378791 0.01691381 -8.969701 9.423535 0.1472812 -8.399518 9.612732 0.175906 -8.413155 9.495093 0.3391557 -7.847334 9.678741 0.3432792 -7.822985 9.569966 0.4307885 -7.322571 9.352407 0.4523901 -7.365369 9.308457 0.4715462 -6.88335 9.136302 0.4909788 -6.966301 9.184343 0.49714 -6.591191 9.0129 0.5047927 -6.61896 9.158602 0.5113353 -6.429805 8.273291 3.803493 -6.10829 8.972275 0.5150301 -6.445455 8.975749 0.5286109 -6.239217 9.172861 0.5255305 -6.268419 9.277309 0.5484101 -5.905092 9.112292 0.549368 -5.813159 9.435144 0.5538914 -5.211695 9.238774 0.5538914 -5.211695 3.765041 4.318709 0 9.480002 0.5363358 -2.794374 9.663253 0.5363358 -2.794374 8.273291 3.803493 0 9.503385 0.5113102 0 9.715065 0.5642883 0 9.663253 0.5363358 2.794374 9.480002 0.5363358 2.794374 9.435144 0.5538914 5.211695 9.238774 0.5538914 5.211695 9.112292 0.549368 5.813159 9.277309 0.5484101 5.905092 8.273291 3.803493 6.10829 8.975749 0.5286109 6.239217 9.172861 0.5255305 6.268419 9.158602 0.5113353 6.429805 8.972275 0.5150301 6.445455 9.0129 0.5047927 6.61896 9.184343 0.49714 6.591191 9.136302 0.4909788 6.966301 9.308457 0.4715462 6.88335 9.352407 0.4523901 7.365369 9.569966 0.4307885 7.322571 7.964252 3.90542 7.993554 9.495093 0.3391557 7.847334 9.678741 0.3432792 7.822985 9.612732 0.175906 8.413155 9.423535 0.1472812 8.399518 9.378791 0.01691381 8.969701 8.410344 2.434553 8.570231 9.231466 0.01642159 8.847996 8.682285 0.1445634 9.39126 8.60211 0.1389401 9.240666 7.972876 0.2536591 9.546694 7.959758 0.2568812 9.372096 7.362116 0.3419207 9.285954 7.29854 0.3416274 9.417975 6.940265 0.3892954 9.149976 7.080207 0.3976096 9.03185 6.790529 0.3899175 8.99259 6.894352 0.3963989 8.847021 6.624454 0.3896949 8.88425 6.692157 0.3945333 8.711238 6.502147 0.3976171 8.65519 6.42489 0.3927482 8.819061 6.312137 0.4024427 8.599143 6.225326 0.3984507 8.793875 5.673367 0.4462954 8.610929 5.653024 0.435946 8.789748 3.761846 0.3666072 8.503572 3.765041 3.812434 7.879144 3.765041 0.3666072 8.310333 1.120893 0.4237022 8.36594 1.120965 0.4237022 8.634451 -0.3088336 0.4230406 8.523122 1.070894 3.88338 7.906976 -1.993123 3.682115 7.770076 -0.3843532 0.4230406 8.267873 -1.537809 0.435808 8.481801 -1.973122 0.4907244 8.167016 -1.973121 0.4907244 8.373509 -1.537809 0.435808 -8.481801 -1.973121 0.4907244 -8.373509 -1.973313 0.5996865 -8.474843 -1.537848 0.5669013 -8.549108 -0.3088336 0.4230406 -8.523122 -1.54071 0.9557037 -8.501952 -1.976261 0.9876158 -8.437589 -0.315906 0.5424008 -8.574388 -1.546493 1.788701 -8.43036 -1.982816 1.797618 -8.345456 -0.3316756 0.9590519 -8.543563 -1.977785 3.690434 -8.278387 1.120894 0.5572361 -8.700472 1.120965 0.4237022 -8.634451 3.761846 0.3666072 -8.503572 1.120894 0.9630746 -8.657656 1.082827 1.883027 -8.560128 3.765041 0.4984877 -8.542723 5.653024 0.435946 -8.789748 3.738948 0.9924359 -8.500166 5.653955 0.5713556 -8.774429 6.235623 0.5381595 -8.764888 6.225326 0.3984507 -8.793875 6.42489 0.3927482 -8.819061 3.725041 1.758195 -8.460548 5.676738 1.058816 -8.684814 6.257821 1.046509 -8.65134 6.44176 0.5314821 -8.78731 6.624454 0.3896949 -8.88425 6.647897 0.5275883 -8.849732 6.790529 0.3899175 -8.99259 6.67998 1.051771 -8.732091 6.80688 0.5314004 -8.967239 6.949522 0.5352005 -9.133793 6.940265 0.3892954 -9.149976 6.980125 1.072962 -9.03957 7.299224 0.4788252 -9.394216 7.29854 0.3416274 -9.417975 7.330336 0.987313 -9.2913 7.972318 0.3672155 -9.521672 7.972876 0.2536591 -9.546694 8.009926 0.9109356 -9.37841 8.672847 0.257895 -9.376682 8.682285 0.1445634 -9.39126 8.613438 0.8554118 -9.231711 9.347229 0.1734581 -8.945965 9.378791 0.01691381 -8.969701 9.612732 0.175906 -8.413155 9.234735 0.7476308 -8.868311 9.556547 0.317491 -8.398751 9.678741 0.3432792 -7.822985 9.634091 0.4868245 -7.840018 9.569966 0.4307885 -7.322571 9.428926 0.855295 -8.358579 9.516699 0.5801039 -7.323425 9.308457 0.4715462 -6.88335 9.504355 0.9763684 -7.837812 9.025994 1.814636 -8.71666 9.192438 1.884076 -8.257589 9.398327 1.057411 -7.32875 9.265278 0.6148274 -6.892743 9.184343 0.49714 -6.591191 9.256573 1.918415 -7.785905 9.142265 0.6358438 -6.593617 9.158602 0.5113353 -6.429805 9.174452 1.094177 -6.933523 9.161516 1.945347 -7.346118 9.113401 0.6476305 -6.427504 9.172861 0.5255305 -6.268419 9.001261 1.138103 -6.597276 8.994758 1.928118 -6.972118 9.124537 0.6594172 -6.26139 9.277309 0.5484101 -5.905092 8.989594 1.187353 -6.269898 8.843635 1.955593 -6.624936 9.25695 0.6785418 -5.900762 9.435144 0.5538914 -5.211695 9.124767 1.232178 -5.902105 9.418443 0.6833647 -5.20705 9.648519 0.67357 -2.804114 9.663253 0.5363358 -2.794374 9.270582 1.306631 -5.228425 9.689085 0.6907611 0 9.715065 0.5642883 0 9.663253 0.5363358 2.794374 9.519086 1.34301 -2.83711 9.575805 1.3378 0 9.648519 0.67357 2.804114 9.435144 0.5538914 5.211695 9.388709 2.303341 0 9.519086 1.34301 2.83711 9.418443 0.6833647 5.20705 9.25695 0.6785418 5.900762 9.277309 0.5484101 5.905092 9.270582 1.306631 5.228425 9.124537 0.6594172 6.26139 9.172861 0.5255305 6.268419 9.124767 1.232178 5.902105 9.113401 0.6476305 6.427504 9.158602 0.5113353 6.429805 8.989594 1.187353 6.269898 9.142265 0.6358438 6.593617 9.184343 0.49714 6.591191 9.001261 1.138103 6.597276 9.265278 0.6148274 6.892743 9.308457 0.4715462 6.88335 9.174452 1.094177 6.933523 9.516699 0.5801039 7.323425 9.569966 0.4307885 7.322571 9.398327 1.057411 7.32875 9.634091 0.4868245 7.840018 9.678741 0.3432792 7.822985 9.504355 0.9763684 7.837812 9.556547 0.317491 8.398751 9.612732 0.175906 8.413155 9.428926 0.855295 8.358579 9.347229 0.1734581 8.945965 9.378791 0.01691381 8.969701 8.682285 0.1445634 9.39126 9.234735 0.7476308 8.868311 8.672847 0.257895 9.376682 7.972876 0.2536591 9.546694 7.972318 0.3672155 9.521672 7.29854 0.3416274 9.417975 8.613438 0.8554118 9.231711 7.299224 0.4788252 9.394216 6.940265 0.3892954 9.149976 8.009926 0.9109356 9.37841 9.025994 1.814636 8.71666 8.511789 1.830563 8.99464 7.330336 0.987313 9.2913 6.949522 0.5352005 9.133793 6.790529 0.3899175 8.99259 8.001742 1.840336 9.114648 6.980125 1.072962 9.03957 6.80688 0.5314004 8.967239 6.647897 0.5275883 8.849732 6.624454 0.3896949 8.88425 6.67998 1.051771 8.732091 6.44176 0.5314821 8.78731 6.42489 0.3927482 8.819061 6.235623 0.5381595 8.764888 6.225326 0.3984507 8.793875 5.653024 0.435946 8.789748 6.257821 1.046509 8.65134 5.653955 0.5713556 8.774429 3.765041 0.4984877 8.542723 3.761846 0.3666072 8.503572 5.676738 1.058816 8.684814 1.120894 0.5572361 8.700472 1.120965 0.4237022 8.634451 3.738948 0.9924359 8.500166 -0.3088336 0.4230406 8.523122 6.308351 1.921381 8.537574 -0.315906 0.5424008 8.574388 6.730001 1.933011 8.620314 -1.537848 0.5669013 8.549108 -1.537809 0.435808 8.481801 -1.973313 0.5996865 8.474843 -1.973121 0.4907244 8.373509 -1.54071 0.9557037 8.501952 -1.976261 0.9876158 8.437589 -0.3316756 0.9590519 8.543563 -1.546493 1.788701 8.43036 -1.982816 1.797618 8.345456 -1.977785 3.690434 8.278387 1.120894 0.9630746 8.657656 1.082827 1.883027 8.560128 -1.546627 3.763595 8.35141 -2.022449 4.411986 7.870354 3.725041 1.758195 8.460548 1.130636 3.905737 8.340931 5.748995 1.913248 8.573353 3.740774 3.850098 8.294451 5.953459 3.780188 8.383582 3.764886 4.449231 8.122206 6.439817 3.771792 8.368864 6.068296 4.527209 8.197973 1.059642 4.730065 8.216703 3.767229 5.165485 7.69154 -1.585839 4.564356 7.98189 -1.682277 5.095873 7.547326 -2.104413 4.943021 7.402383 -2.092264 5.315375 6.672863 1.026703 5.265182 7.65983 -1.667055 5.475801 6.687814 -2.042924 5.581612 5.484841 0.9954262 5.674129 6.701047 -1.607566 5.668085 5.483047 -2.033037 5.743618 3.02 3.774087 5.562608 6.759487 -1.557717 5.911173 3.02 -1.973122 5.645916 0 1.06552 5.80231 5.475474 3.737395 5.754741 5.524558 6.115774 5.074654 7.75487 6.238444 5.487377 6.756609 6.748576 5.039676 7.899291 6.949846 4.517638 8.2554 7.167153 5.246283 7.555252 6.837956 3.757344 8.425761 7.315259 5.012172 7.999367 7.056046 1.961544 8.881847 7.198158 3.800904 8.540025 7.406824 1.883968 9.082622 7.519638 3.890823 8.586123 7.418229 4.523776 8.328479 7.917154 3.984382 8.53922 7.807341 4.570225 8.279122 8.222216 4.013875 8.431256 7.642597 5.059246 7.899151 8.063783 4.583577 8.16272 8.490057 4.008024 8.250701 7.486132 5.270928 7.265966 7.903527 5.082387 7.670747 8.244394 4.596335 7.993893 8.664509 3.961098 8.002645 8.425167 4.570253 7.689804 9.192438 1.884076 8.257589 8.737081 3.892344 7.689731 9.256573 1.918415 7.785905 8.427685 4.596428 7.393714 9.161516 1.945347 7.346118 8.72571 3.838925 7.370637 8.994758 1.928118 6.972118 8.633666 3.779817 7.004172 8.843635 1.955593 6.624936 8.385067 4.617894 7.06887 8.844442 2.027373 6.292693 8.540737 3.787463 6.691021 8.079491 5.086509 7.388387 8.071279 5.10442 7.103722 8.372824 4.649802 6.731445 7.550835 5.335289 6.629626 8.096433 5.185635 6.471014 8.547923 3.821805 6.348066 6.297007 5.575627 5.54164 7.552398 5.416764 5.61435 6.247634 5.795824 3.082846 7.601278 5.62712 3.071281 8.049825 5.285492 5.566846 3.765041 5.94942 3.02 6.311595 5.837112 0 1.069724 5.99096 3.02039 3.765041 6.029361 0 -1.537809 5.899523 0 1.070894 6.075755 0 1.069724 5.99096 -3.02039 -1.557717 5.911173 -3.02 -2.033037 5.743618 -3.02 3.765041 5.94942 -3.02 1.06552 5.80231 -5.475474 -1.607566 5.668085 -5.483047 -2.042924 5.581612 -5.484841 -1.667055 5.475801 -6.687814 -2.092264 5.315375 -6.672863 0.9954262 5.674129 -6.701047 -1.682277 5.095873 -7.547326 -2.104413 4.943021 -7.402383 -2.022449 4.411986 -7.870354 3.737395 5.754741 -5.524558 1.026703 5.265182 -7.65983 6.247634 5.795824 -3.082846 3.774087 5.562608 -6.759487 6.297007 5.575627 -5.54164 7.601278 5.62712 -3.071281 7.754213 5.648396 0 6.238444 5.487377 -6.756609 8.085917 5.488307 3.080119 8.128957 5.48598 0 8.528796 5.092247 3.026772 8.085917 5.488307 -3.080119 8.528796 5.092247 -3.026772 8.049825 5.285492 -5.566846 7.552398 5.416764 -5.61435 7.550835 5.335289 -6.629626 8.096433 5.185635 -6.471014 8.379384 4.776394 -5.479559 8.071279 5.10442 -7.103722 8.389119 4.659886 -6.307964 8.696663 4.013453 -5.38711 8.372824 4.649802 -6.731445 8.613156 3.830963 -6.062244 8.547923 3.821805 -6.348066 8.540737 3.787463 -6.691021 8.844442 2.027373 -6.292693 8.385067 4.617894 -7.06887 7.486132 5.270928 -7.265966 8.079491 5.086509 -7.388387 8.633666 3.779817 -7.004172 8.427685 4.596428 -7.393714 8.72571 3.838925 -7.370637 8.961654 2.055032 -5.923061 9.074942 2.127145 -5.249363 9.343006 2.266673 -2.902771 8.893745 4.228321 -2.999771 8.890446 4.364113 0 8.536003 5.09877 0 8.893745 4.228321 2.999771 9.343006 2.266673 2.902771 8.696663 4.013453 5.38711 9.074942 2.127145 5.249363 8.379384 4.776394 5.479559 8.961654 2.055032 5.923061 8.613156 3.830963 6.062244 8.389119 4.659886 6.307964 -0.5289629 3.175611 -7.373873 -8.732496 3.175611 -7.373873 -8.732496 1.697168 -7.373873 -0.5289629 1.697167 -7.373873 7.52457 3.17561 -7.373873 7.52457 1.697167 -7.373873 -0.5289629 1.622175 -7.448865 -8.732496 1.622175 -7.448865 7.52457 1.622175 -7.448865 -8.732496 1.622175 -8.030784 -0.5289629 1.622175 -8.030784 7.52457 1.622175 -8.030784 -0.5289629 1.697168 -8.105776 -8.732496 1.697168 -8.105776 7.52457 1.697168 -8.105776 -8.732496 3.175611 -8.105776 7.52457 3.175611 -8.105776 -0.5289629 3.175611 -8.105776 -0.5289629 3.250603 -8.030784 -8.732496 3.250603 -8.030784 7.52457 3.250603 -8.030784 -8.732496 3.250603 -7.448865 -0.5289629 3.250603 -7.448865 7.52457 3.250603 -7.448865 -0.5289629 3.175611 -7.373873 -8.732496 3.175611 -7.373873 7.52457 3.17561 -7.373873 7.52457 3.250603 7.448864 7.52457 3.175611 7.373872 -0.5289629 3.175611 7.373872 -0.5289629 3.250603 7.448864 -8.732496 3.175611 7.373872 -8.732496 3.250603 7.448864 -0.5289629 3.250603 8.030784 7.52457 3.250603 8.030784 -8.732496 3.250603 8.030784 7.52457 3.175611 8.105776 -0.5289629 3.175611 8.105776 -8.732496 3.175611 8.105776 -0.5289629 1.697168 8.105776 7.52457 1.697168 8.105776 -8.732496 1.697168 8.105776 7.52457 1.622175 8.030784 -8.732496 1.622175 8.030784 -0.5289629 1.622175 8.030784 -8.732496 1.622175 7.448864 -0.5289629 1.622175 7.448864 7.52457 1.622175 7.448864 7.52457 1.697167 7.373872 -0.5289629 1.697167 7.373872 -8.732496 1.697168 7.373872 -0.5289629 3.175611 7.373872 7.52457 3.175611 7.373872 -8.732496 3.175611 7.373872 8.737081 3.892344 -7.689731 8.425167 4.570253 -7.689804 8.664509 3.961098 -8.002645 7.903527 5.082387 -7.670747 8.244394 4.596335 -7.993893 8.490057 4.008024 -8.250701 8.063783 4.583577 -8.16272 7.642597 5.059246 -7.899151 8.222216 4.013875 -8.431256 7.167153 5.246283 -7.555252 7.807341 4.570225 -8.279122 7.315259 5.012172 -7.999367 6.748576 5.039676 -7.899291 6.115774 5.074654 -7.75487 6.949846 4.517638 -8.2554 3.767229 5.165485 -7.69154 6.068296 4.527209 -8.197973 1.059642 4.730065 -8.216703 3.764886 4.449231 -8.122206 -1.585839 4.564356 -7.98189 -1.546627 3.763595 -8.35141 1.130636 3.905737 -8.340931 3.740774 3.850098 -8.294451 5.953459 3.780188 -8.383582 5.748995 1.913248 -8.573353 6.439817 3.771792 -8.368864 6.308351 1.921381 -8.537574 6.730001 1.933011 -8.620314 6.837956 3.757344 -8.425761 7.056046 1.961544 -8.881847 7.406824 1.883968 -9.082622 7.198158 3.800904 -8.540025 7.418229 4.523776 -8.328479 7.519638 3.890823 -8.586123 8.001742 1.840336 -9.114648 7.917154 3.984382 -8.53922 8.511789 1.830563 -8.99464 -3.269188 0.4097256 -8.118806 -1.973122 0.4907244 -8.167016 -3.281442 0.9514126 -8.120814 -4.215326 0.5630146 -8.16636 -1.993123 3.682115 -7.770076 -4.228946 0.9852185 -8.161344 -4.330074 0.6332415 -8.206231 -4.340829 0.9962641 -8.19522 -4.229586 1.785844 -8.094472 -4.340469 1.793246 -8.126723 -3.273066 3.636763 -7.927692 -4.242843 3.600238 -8.087011 -4.353473 3.596895 -8.116608 -4.364616 4.37068 -7.789384 -3.226982 4.040907 -7.721412 -1.953123 3.986359 -7.44962 -4.251006 4.360049 -7.752877 -4.357369 4.614965 -7.387766 -3.228587 4.221255 -7.434777 -4.244408 4.564784 -7.364728 -4.174923 4.869267 -6.694654 -4.289032 4.913345 -6.677429 -4.215963 5.05715 -5.512223 -4.331642 5.094129 -5.509021 -3.248348 4.533175 0 -1.973122 4.318709 0 -4.200084 5.347128 -3.02 -4.3132 5.386545 -3.02 -1.953123 3.986359 7.44962 -4.192899 5.200512 0 -4.308442 5.234447 0 -4.3132 5.386545 3.02 -4.200084 5.347128 3.02 -4.331642 5.094129 5.509021 -4.215963 5.05715 5.512223 -4.289032 4.913345 6.677429 -3.228587 4.221255 7.434777 -4.174923 4.869267 6.694654 -4.357369 4.614965 7.387766 -4.244408 4.564784 7.364728 -3.226982 4.040907 7.721412 -4.251006 4.360049 7.752877 -4.364616 4.37068 7.789384 -1.993123 3.682115 7.770076 -4.242843 3.600238 8.087011 -4.353473 3.596895 8.116608 -4.340469 1.793246 8.126723 -3.273066 3.636763 7.927692 -4.229586 1.785844 8.094472 -4.340829 0.9962641 8.19522 -3.281442 0.9514126 8.120814 -1.973122 0.4907244 8.167016 -3.269188 0.4097256 8.118806 -4.215326 0.5630146 8.16636 -4.228946 0.9852185 8.161344 -4.330074 0.6332415 8.206231 -1.973121 0.4907244 8.373509 -2.203122 0.4402 8.328744 -1.973122 0.4907244 8.167016 -3.269188 0.4097256 8.118806 -2.203223 0.5584242 8.541915 -1.973313 0.5996865 8.474843 -3.269187 0.4097256 8.273162 -4.215326 0.5630146 8.16636 -3.268966 0.5290366 8.48574 -2.206124 0.9704268 8.524041 -1.976261 0.9876158 8.437589 -3.268997 0.958146 8.49187 -4.193936 0.6114265 8.504302 -4.308702 0.5630146 8.305465 -4.330074 0.6332415 8.206231 -4.218529 0.9885567 8.485618 -4.40167 0.6771029 8.250142 -4.340829 0.9962641 8.19522 -4.350731 0.6321377 8.41993 -4.405706 1.012335 8.231404 -4.340469 1.793246 8.126723 -4.393619 0.9966575 8.390685 -4.435037 1.01252 8.251853 -4.402865 1.796778 8.162602 -4.449265 1.795209 8.198812 -4.407629 1.796305 8.357442 -4.413848 3.59607 8.152784 -4.353473 3.596895 8.116608 -4.46712 3.596985 8.195985 -4.426871 4.379775 7.826542 -4.364616 4.37068 7.789384 -4.477726 4.389845 7.866866 -4.412578 4.690118 7.407535 -4.357369 4.614965 7.387766 -4.289032 4.913345 6.677429 -4.483788 4.807924 7.445381 -4.383877 5.016242 6.672863 -4.331642 5.094129 5.509021 -4.45073 4.478995 8.045979 -4.389206 5.194129 5.508155 -4.3132 5.386545 3.02 -4.486991 5.268984 6.672863 -4.440155 5.017325 7.518872 -4.479399 5.498779 5.508156 -4.452437 5.523621 6.672864 -4.369411 5.459449 3.02 -4.368157 5.30792 0 -4.308442 5.234447 0 -4.3132 5.386545 -3.02 -4.482342 5.723217 3.02 -4.493285 5.577113 0 -4.369411 5.459449 -3.02 -4.389206 5.194129 -5.508155 -4.331642 5.094129 -5.509021 -4.482342 5.723217 -3.02 -4.383877 5.016242 -6.672863 -4.289032 4.913345 -6.677429 -4.479399 5.498779 -5.508156 -4.486991 5.268984 -6.672863 -4.412578 4.690118 -7.407535 -4.357369 4.614965 -7.387766 -4.364616 4.37068 -7.789384 -4.483788 4.807924 -7.445381 -4.426871 4.379775 -7.826542 -4.353473 3.596895 -8.116608 -4.413848 3.59607 -8.152784 -4.340469 1.793246 -8.126723 -4.477726 4.389845 -7.866866 -4.440155 5.017325 -7.518872 -4.402865 1.796778 -8.162602 -4.45073 4.478995 -8.045979 -4.46712 3.596985 -8.195985 -4.405706 1.012335 -8.231404 -4.340829 0.9962641 -8.19522 -4.449265 1.795209 -8.198812 -4.40167 0.6771029 -8.250142 -4.330074 0.6332415 -8.206231 -4.435037 1.01252 -8.251853 -4.407629 1.796305 -8.357442 -4.308702 0.5630146 -8.305465 -4.215326 0.5630146 -8.16636 -4.393619 0.9966575 -8.390685 -4.350731 0.6321377 -8.41993 -3.269187 0.4097256 -8.273162 -3.269188 0.4097256 -8.118806 -4.193936 0.6114265 -8.504302 -4.218529 0.9885567 -8.485618 -2.203122 0.4402 -8.328744 -1.973122 0.4907244 -8.167016 -1.973121 0.4907244 -8.373509 -3.268966 0.5290366 -8.48574 -2.203223 0.5584242 -8.541915 -1.973313 0.5996865 -8.474843 -3.268997 0.958146 -8.49187 -2.206124 0.9704268 -8.524041 -1.976261 0.9876158 -8.437589 -3.247727 1.778986 -8.503774 -2.207504 1.783294 -8.479564 -1.982816 1.797618 -8.345456 -4.21456 1.788969 -8.455913 -2.206666 3.65245 -8.442083 -1.977785 3.690434 -8.278387 -3.269408 3.639244 -8.491966 -2.215165 4.580558 -8.106633 -2.022449 4.411986 -7.870354 -2.104413 4.943021 -7.402383 -3.231922 4.55152 -8.142177 -2.294715 5.128524 -7.547311 -2.092264 5.315375 -6.672863 -3.239407 5.196586 -7.568039 -4.264061 4.495858 -8.200718 -2.283547 5.508008 -6.672864 -2.042924 5.581612 -5.484841 -3.251327 5.654775 -6.672863 -2.244228 5.736162 -5.50484 -2.033037 5.743618 -3.02 -3.22465 5.922812 -5.407465 -2.233038 5.910169 -3.02 -2.214318 5.847996 0 -1.973122 5.645916 0 -2.033037 5.743618 3.02 -3.238114 6.142696 -3.02 -3.21468 5.991196 0 -2.233038 5.910169 3.02 -2.244228 5.736162 5.50484 -2.042924 5.581612 5.484841 -3.238114 6.142696 3.02 -2.283547 5.508008 6.672864 -2.092264 5.315375 6.672863 -3.22465 5.922812 5.407465 -2.294715 5.128524 7.547311 -2.104413 4.943021 7.402383 -3.251327 5.654775 6.672863 -2.215165 4.580558 8.106633 -2.022449 4.411986 7.870354 -1.977785 3.690434 8.278387 -3.239407 5.196586 7.568039 -2.206666 3.65245 8.442083 -1.982816 1.797618 8.345456 -3.231922 4.55152 8.142177 -2.207504 1.783294 8.479564 -3.269408 3.639244 8.491966 -3.247727 1.778986 8.503774 -4.21456 1.788969 8.455913 -4.217963 3.622258 8.440382 -4.420731 3.610761 8.359009 -4.264061 4.495858 8.200718 -4.240103 5.127619 7.615588 -4.18375 5.598728 6.672864 -4.139493 5.989343 5.316634 -4.421396 5.836567 5.368735 -4.136415 6.161247 3.020001 -4.409749 6.026706 3.02 -4.129296 6.000981 0 -4.413511 5.894945 0 -4.136415 6.161247 -3.020001 -4.409749 6.026706 -3.02 -4.139493 5.989343 -5.316634 -4.421396 5.836567 -5.368735 -4.18375 5.598728 -6.672864 -4.452437 5.523621 -6.672864 -4.240103 5.127619 -7.615588 -4.420731 3.610761 -8.359009 -4.217963 3.622258 -8.440382 -8.397861 7.905949 0.7712667 -8.196898 7.785837 0.3289398 -8.549796 7.75676 0.7396802 -8.585032 7.711895 1.698879 -7.853601 7.816792 0.5980659 -7.325867 7.326839 0.09608503 -8.3414 8.009507 1.693684 -7.072329 7.491138 0.3433533 -6.549263 6.712785 0.1570871 -8.131314 7.915042 0.98854 -7.532962 7.88518 0.8387106 -7.786309 7.955395 1.155318 -8.127625 8.041358 1.689438 -8.424988 8.004548 2.684818 -8.676018 7.69243 2.670828 -8.70641 7.684297 3.760711 -8.150453 8.098995 2.683223 -8.454809 7.998007 3.774756 -8.443033 7.8359 4.871124 -8.69206 7.525997 4.856106 -8.156814 8.145523 3.79098 -7.830605 8.135668 2.685924 -7.882638 8.037035 1.688859 -7.066409 8.062302 2.742532 -6.888826 7.896402 1.643582 -7.741871 8.202883 3.803936 -6.799018 7.57309 0.5825235 -7.770936 8.070062 4.977409 -6.377231 6.941376 0.4082468 -8.124568 7.980896 4.948896 -5.47623 6.326355 0.384094 -5.624438 6.088094 0.1470452 -6.212951 7.162963 0.6897818 -4.75363 5.757411 0.4579151 -4.678743 5.379538 0.2529682 -5.35999 6.514679 0.6477752 -4.806681 6.070909 0.7271962 -6.031993 7.442243 1.540203 -5.125241 6.664001 1.611849 -5.925015 7.535788 2.619763 -4.612616 5.881386 1.047933 -7.062903 8.102078 3.794136 -4.464241 5.535076 0.8090386 -4.364036 5.173831 0.5189382 -4.342502 5.055858 1.500903 -4.343663 5.456992 1.513258 -4.534984 5.878714 1.514796 -4.257157 5.384808 2.494117 -4.288866 4.946352 2.477509 -4.257024 4.865795 3.561637 -4.437087 5.862726 2.50061 -4.933799 6.623794 2.594233 -4.189243 5.321031 3.600208 -4.261036 4.802111 4.648611 -5.865613 7.450957 3.730328 -4.212896 5.296645 4.705895 -4.317449 4.790105 5.638008 -4.395249 5.769914 3.627433 -4.300865 5.211648 5.714442 -4.319333 4.702682 6.687827 -4.39186 5.775625 4.747411 -4.895576 6.55051 3.68433 -4.453431 5.101283 6.501724 -4.600547 4.835978 7.005828 -5.860891 7.370719 4.785868 -4.74586 5.307382 6.820941 -5.577865 5.497868 7.244048 -4.547372 5.45068 6.25649 -5.451118 5.843773 7.043349 -6.494288 6.233586 7.282818 -4.839919 5.728683 6.576914 -4.515537 5.585689 5.910837 -5.057278 6.430975 5.817493 -4.932439 6.526697 4.796189 -5.306954 6.150543 6.785951 -5.933119 7.176856 5.882101 -6.287389 6.553681 7.056939 -6.111269 6.836134 6.777955 -6.993706 6.971503 7.022524 -7.226754 6.632091 7.238966 -6.845013 7.226923 6.751389 -7.804387 7.407954 6.972259 -8.29847 7.23338 7.215848 -7.38604 7.55094 6.671427 -6.795407 7.674222 5.839485 -7.716454 7.757425 6.359337 -8.142739 7.629438 6.583074 -6.946121 7.989091 4.872211 -7.827567 7.930153 5.843991 -8.152042 7.811351 5.890518 -8.607202 7.454676 6.841892 -8.748879 7.296628 6.860176 -8.748525 7.398337 5.909415 -8.53319 7.669971 5.941444 -8.672032 7.83885 -6.607559 -8.805216 7.498017 -5.512451 -8.597784 7.931475 -5.56617 -8.605124 8.054036 -4.567551 -8.827461 7.363901 -6.558165 -8.383548 7.658639 -7.013814 -8.801382 7.517901 -4.548782 -8.610086 8.07288 -3.526425 -8.609171 6.378774 -4.51382 -8.783594 7.554674 -3.507293 -8.549125 8.090823 -2.482777 -8.620279 6.433768 -3.471693 -8.73738 7.529014 -2.464044 -8.730344 7.562469 -1.49218 -8.499198 8.048528 -1.470097 -8.558051 6.447116 -2.429129 -8.64973 7.660199 -0.5104778 -8.404478 8.108891 -0.4544532 -8.4395 7.075649 -0.6016952 -8.421024 7.552324 -0.1322884 -8.194884 7.985911 -0.06984744 -7.293962 7.262147 0.06457156 -8.191657 6.576165 -0.9742845 -7.546273 6.767916 0.003651589 -6.383887 6.610239 0.1056359 -7.67432 6.319207 -0.3058755 -6.689947 6.086349 0.04189815 -5.594626 5.925325 -0.04052514 -7.149146 5.336353 -0.7078776 -6.912193 5.708797 -0.2932135 -5.884833 5.486739 -0.08089817 -4.71649 5.206262 0.01513919 -6.214224 5.178805 -0.3143914 -4.993797 4.854825 -0.007085986 -4.491345 4.99414 -0.3106875 -5.314622 4.61443 -0.4455904 -4.7834 4.683208 -0.3738551 -4.723101 4.523926 -0.9871491 -4.404277 4.90538 -1.173162 -5.669463 4.704548 -0.8931488 -4.819495 4.562038 -2.150735 -4.489386 4.86993 -2.163481 -5.461241 4.519238 -2.350547 -4.688503 4.436848 -3.392048 -4.351665 4.753677 -3.405034 -4.39518 4.739757 -4.554418 -7.162428 5.196991 -2.403054 -7.193662 5.160384 -3.423788 -5.375067 4.433925 -3.391624 -4.725282 4.431864 -4.541676 -4.523671 4.722016 -5.841684 -5.415512 4.456632 -4.43524 -4.857256 4.355324 -5.79389 -7.201355 5.163485 -4.445864 -4.756468 4.334884 -6.405569 -4.461582 4.634484 -6.48841 -6.278926 4.680922 -6.219259 -4.982446 4.690424 -6.791824 -4.70213 4.810244 -6.865714 -5.944307 5.070456 -6.878364 -5.632525 5.555037 -7.027561 -7.179614 5.166987 -6.155467 -6.783803 5.726131 -6.951619 -6.478907 6.241018 -7.106128 -8.295974 6.309505 -5.958648 -7.844105 6.399815 -6.845667 -7.45842 6.989125 -6.995569 -8.53839 7.206963 -6.868731 -8.194884 7.985911 -0.06984744 -8.098425 8.219955 -0.7420906 -8.404478 8.108891 -0.4544532 -8.499198 8.048528 -1.470097 -7.427059 8.033792 -0.6541429 -7.293962 7.262147 0.06457156 -8.166951 8.21022 -1.424947 -6.712553 7.618008 -0.5450639 -6.383887 6.610239 0.1056359 -7.687834 8.21258 -0.9777772 -6.925807 8.022167 -1.391466 -6.026064 7.162094 -0.4955624 -7.683195 8.242349 -1.389597 -5.836882 7.305668 -1.35461 -6.994879 8.214613 -2.466297 -5.466149 6.643124 -0.5261326 -5.594626 5.925325 -0.04052514 -4.844449 6.049329 -0.5861037 -4.71649 5.206262 0.01513919 -5.01885 6.551115 -1.512498 -4.600363 5.680248 -0.8739241 -4.491345 4.99414 -0.3106875 -4.406532 5.553688 -1.376653 -4.404277 4.90538 -1.173162 -4.489386 4.86993 -2.163481 -5.712794 7.414716 -2.484784 -4.748051 6.372258 -2.437219 -4.396525 5.488488 -2.291178 -4.351665 4.753677 -3.405034 -4.296854 5.433576 -3.456057 -4.39518 4.739757 -4.554418 -4.703742 6.347829 -3.482345 -4.340703 5.464671 -4.545447 -4.410642 5.536393 -5.453113 -4.523671 4.722016 -5.841684 -4.461582 4.634484 -6.48841 -4.777503 6.387839 -4.571427 -5.83053 7.370823 -3.521493 -4.774369 5.66615 -5.957309 -4.70213 4.810244 -6.865714 -5.05553 6.450818 -5.588447 -4.943737 5.795301 -6.33318 -5.632525 5.555037 -7.027561 -5.480061 6.390145 -6.413504 -6.478907 6.241018 -7.106128 -5.825532 7.440754 -4.591738 -5.902892 7.268188 -5.684883 -6.062346 6.905949 -6.452968 -6.785075 7.38644 -6.435991 -7.45842 6.989125 -6.995569 -6.967405 8.033484 -5.531731 -7.525616 7.7846 -6.399836 -8.383548 7.658639 -7.013814 -7.032703 8.138086 -3.546467 -8.281518 7.986712 -6.427718 -8.672032 7.83885 -6.607559 -8.597784 7.931475 -5.56617 -7.754857 8.082909 -6.110141 -8.263014 8.129627 -5.540127 -8.605124 8.054036 -4.567551 -7.798578 8.267723 -5.528552 -8.311384 8.332704 -4.582519 -8.610086 8.07288 -3.526425 -7.764883 8.449094 -4.56674 -8.295274 8.407107 -3.532205 -8.549125 8.090823 -2.482777 -7.005595 8.182606 -4.558534 -7.771179 8.424553 -3.548352 -8.219045 8.372452 -2.479069 -7.692774 8.439514 -2.458247 -5.577865 5.497868 7.244048 -6.494288 6.233586 7.282818 -6.741869 5.751454 7.118185 -7.226754 6.632091 7.238966 -5.788367 5.123991 7.104426 -4.600547 4.835978 7.005828 -7.486775 6.2292 7.075341 -4.832742 4.664295 6.853699 -8.430986 6.845069 7.059427 -8.29847 7.23338 7.215848 -8.748879 7.296628 6.860176 -7.108078 5.222545 6.595125 -7.815339 5.663688 6.492683 -8.814713 7.103635 6.817012 -8.748525 7.398337 5.909415 -8.35344 6.094306 6.391447 -8.869431 7.082125 5.927067 -8.862772 7.0708 4.879249 -8.69206 7.525997 4.856106 -8.592555 6.127318 4.774848 -7.857177 5.490396 4.724113 -8.705457 6.13532 3.688556 -8.880788 7.229979 3.75181 -8.70641 7.684297 3.760711 -8.676018 7.69243 2.670828 -7.219144 5.154793 3.613047 -8.849826 7.239694 2.661981 -8.687458 6.209104 2.654733 -8.738275 7.30547 1.709178 -8.585032 7.711895 1.698879 -8.637814 7.537457 0.7671986 -8.549796 7.75676 0.7396802 -8.386393 6.343277 1.078907 -8.376856 7.376523 0.3679951 -8.196898 7.785837 0.3289398 -7.325867 7.326839 0.09608503 -7.527542 6.869107 0.1664553 -6.549263 6.712785 0.1570871 -7.198681 5.135198 2.550686 -7.151686 5.517333 0.9376222 -6.829164 6.235293 0.1821871 -5.624438 6.088094 0.1470452 -5.846517 5.659628 0.1740733 -4.678743 5.379538 0.2529682 -5.69042 4.698178 1.041469 -4.900897 5.09901 0.3157795 -4.364036 5.173831 0.5189382 -4.587814 4.884898 0.5808182 -4.342502 5.055858 1.500903 -4.629052 4.753398 1.501245 -5.331534 4.561746 2.460124 -4.58187 4.708129 2.464158 -4.288866 4.946352 2.477509 -5.311023 4.517167 3.543013 -4.572982 4.667514 3.548136 -4.257024 4.865795 3.561637 -4.565914 4.651329 4.588916 -4.261036 4.802111 4.648611 -4.317449 4.790105 5.638008 -5.298601 4.513244 4.627417 -4.617451 4.663375 5.82384 -4.319333 4.702682 6.687827 -6.234146 4.815718 4.651756 -5.309783 4.620376 6.321425 -4.576481 4.626965 6.606693 -6.042177 4.765792 6.674177 -7.248635 5.002923 4.625989</float_array>
          <technique_common>
            <accessor source="#ComforterA_low__mReBody-position-array" count="1416" stride="3">
              <param name="X" type="float" />
              <param name="Y" type="float" />
              <param name="Z" type="float" />
            </accessor>
          </technique_common>
        </source>
        <source id="ComforterA_low__mReBody-normal">
          <float_array id="ComforterA_low__mReBody-normal-array" count="4248">1 0 0 1 0 0 0.9236791 -0.3835616 0 0.9236791 -0.3835616 0 0.3835616 -0.9236791 0 0.3835616 -0.9236791 0 -0.3835616 -0.9236791 0 -0.3835616 -0.9236791 0 -0.9236791 -0.3835616 0 -0.9236791 -0.3835616 0 -1 0 0 -1 0 0 0.9236791 -0.3835616 0 0.9236791 -0.3835616 0 0.9236791 0.3835616 0 0.9236791 0.3835616 0 0.3835616 0.9236791 0 0.3835616 0.9236791 0 -0.3835616 0.9236791 0 -0.3835616 0.9236791 0 -0.9236791 0.3835616 0 -0.9236791 0.3835616 0 -0.9236791 -0.3835616 0 -0.9236791 -0.3835616 0 -0.3835616 -0.9236791 0 -0.3835616 -0.9236791 0 0.3835616 -0.9236791 0 0.3835616 -0.9236791 0 0.9236791 -0.3835616 0 0.9236791 -0.3835616 0 -1 -0.001956947 0 -1 -0.001956947 0 -1 -0.001956947 0 -1 -0.001956947 0 -1 -0.001956947 0 -1 -0.001956947 0 -1 -0.001956947 0 -1 -0.001956947 0 -1 -0.001956947 0 -1 -0.001956947 0 0.3268102 -0.8864971 0.3287671 0.7984344 -0.4990215 0.3385518 0.3385518 -0.4990215 0.7984344 0.9197652 -0.09589041 0.3796478 0.3796478 -0.09784736 0.9197652 0.8551859 0.3679061 0.3659491 0.3659491 0.8551859 0.3659491 0.3659491 0.3679061 0.8551859 0.3659491 0.8551859 0.3659491 -0.3659491 0.8551859 0.3659491 -0.3679061 0.3679061 0.8551859 0.9178082 -0.09589041 -0.3835616 0.7984344 -0.4990215 0.3385518 0.7925636 -0.4951076 -0.3542074 0.8551859 0.3659491 -0.3679061 0.3659491 0.8551859 0.3659491 -0.3659491 0.8551859 0.3659491 -0.3679061 0.8551859 -0.3679061 0.3679061 0.8551859 -0.3679061 0.3679061 0.3659491 -0.8551859 0.3679061 0.8551859 -0.3679061 0.3757339 -0.09589041 -0.9217221 0.3287671 -0.4892368 -0.8082192 0.7925636 -0.4951076 -0.3542074 0.3228963 -0.8825831 -0.3405088 -0.3796478 -0.09589041 -0.9197652 0.3287671 -0.4892368 -0.8082192 0.3228963 -0.8825831 -0.3405088 -0.3268102 -0.8864971 -0.3287671 -0.3385518 -0.4951076 -0.8003914 -0.3679061 0.3659491 -0.8551859 0.3679061 0.8551859 -0.3679061 -0.3679061 0.8551859 -0.3679061 -0.8551859 0.3659491 -0.3679061 -0.3679061 0.8551859 -0.3679061 -0.9197652 -0.09393346 -0.3796478 -0.3385518 -0.4951076 -0.8003914 -0.7984344 -0.4970646 -0.3385518 -0.3268102 -0.8864971 -0.3287671 -0.3659491 0.8551859 0.3659491 -0.8551859 0.3679061 0.3659491 -0.3659491 0.8551859 0.3659491 -0.3679061 0.8551859 -0.3679061 -0.8551859 0.3659491 -0.3679061 -0.9197652 -0.09393346 -0.3796478 -0.7984344 -0.4970646 -0.3385518 -0.7925636 -0.4970646 0.3542074 -0.9197652 -0.09589041 0.3835616 -0.3776908 -0.09784736 0.9217221 -0.3287671 -0.4911937 0.8062623 -0.7925636 -0.4970646 0.3542074 -0.3228963 -0.8825831 0.3405088 -0.3287671 -0.4911937 0.8062623 0.3385518 -0.4990215 0.7984344 0.3268102 -0.8864971 0.3287671 -0.3228963 -0.8825831 0.3405088 0.7925636 -0.4951076 -0.3542074 0.7984344 -0.4990215 0.3385518 0.3228963 -0.8825831 -0.3405088 -0.3268102 -0.8864971 -0.3287671 -0.7984344 -0.4970646 -0.3385518 -0.7925636 -0.4970646 0.3542074 -0.3268102 -0.8864971 -0.3287671 -0.8003914 -0.4951076 -0.3385518 -0.3385518 -0.4951076 -0.8003914 -0.9197652 -0.09393346 -0.3796478 -0.3796478 -0.09393346 -0.9197652 -0.8003914 -0.4951076 -0.3385518 -0.7945206 -0.4951076 0.3542074 -0.9197652 -0.09393346 0.3835616 -0.9236791 0 -0.3835616 -0.9236791 0 0.3835616 -0.3835616 0 -0.9236791 0.3835616 0 -0.9236791 0.3757339 -0.09589041 -0.9217221 0.3287671 -0.4892368 -0.8082192 -0.3385518 -0.4951076 -0.8003914 -0.3268102 -0.8864971 -0.3287671 0.3228963 -0.8825831 -0.3405088 0.9178082 -0.09784736 -0.3835616 0.9236791 0 -0.3835616 0.3287671 -0.4892368 -0.8082192 0.9236791 0 0.3835616 0.7925636 -0.4970646 -0.3542074 0.3228963 -0.8825831 -0.3405088 0.7925636 -0.4970646 -0.3542074 0.7964775 -0.5009785 0.3385518 0.9197652 -0.09784736 0.3796478 0.3796478 -0.09784736 0.9197652 0.3835616 0 0.9236791 -0.3835616 0 0.9236791 0.3365949 -0.4990215 0.7984344 0.7964775 -0.5009785 0.3385518 0.3248532 -0.8864971 0.3287671 -0.3776908 -0.09589041 0.9217221 -0.3307241 -0.4911937 0.8062623 0.3248532 -0.8864971 0.3287671 -0.9197652 -0.09393346 0.3835616 -0.9236791 0 0.3835616 -0.7945206 -0.4951076 0.3542074 -0.3248532 -0.8825831 0.3405088 -0.3248532 -0.8825831 0.3405088 0.7925636 -0.4970646 -0.3542074 0.7964775 -0.5009785 0.3385518 0.3228963 -0.8825831 -0.3405088 -0.3268102 -0.8864971 -0.3287671 -0.8003914 -0.4951076 -0.3385518 -0.7945206 -0.4951076 0.3542074 0 1 0 0 1 0 0 1 0 0 1 0 0 1 0 0 1 0 -1 0 0 -1 0 0 -0.9236791 -0.3835616 0 -0.9236791 -0.3835616 0 -0.3835616 -0.9236791 0 -0.3835616 -0.9236791 0 0.3835616 -0.9236791 0 0.3835616 -0.9236791 0 0.9236791 -0.3816047 0 0.9236791 -0.3816047 0 1 0.001956947 0 1 0.001956947 0 0 -1 0 0 -1 0 0 -1 0 0 -1 0 0 -1 0 0 -1 0 1 0.001956947 0 1 0.001956947 0 1 0.001956947 0 1 0.001956947 0 1 0.001956947 0 1 0.001956947 0 1 0.001956947 0 1 0.001956947 0 1 0.001956947 0 1 0.001956947 0 0.3268102 -0.8864971 -0.3287671 0.3385518 -0.4990215 -0.7984344 0.7984344 -0.4990215 -0.3385518 0.9197652 -0.09589041 -0.3796478 0.3796478 -0.09784736 -0.9197652 0.8551859 0.3679061 -0.3659491 0.3659491 0.3679061 -0.8551859 0.3659491 0.8551859 -0.3659491 0.3659491 0.8551859 -0.3659491 -0.3659491 0.8551859 -0.3659491 -0.3679061 0.3679061 -0.8551859 0.9178082 -0.09589041 0.3835616 0.7984344 -0.4990215 -0.3385518 0.7925636 -0.4951076 0.3542074 0.8551859 0.3659491 0.3679061 0.3659491 0.8551859 -0.3659491 -0.3659491 0.8551859 -0.3659491 -0.3679061 0.8551859 0.3679061 0.3679061 0.8551859 0.3679061 0.3679061 0.3659491 0.8551859 0.3679061 0.8551859 0.3679061 0.3757339 -0.09589041 0.9217221 0.3287671 -0.4892368 0.8082192 0.7925636 -0.4951076 0.3542074 0.3228963 -0.8825831 0.3405088 -0.3796478 -0.09589041 0.9197652 0.3287671 -0.4892368 0.8082192 0.3228963 -0.8825831 0.3405088 -0.3268102 -0.8864971 0.3287671 -0.3385518 -0.4951076 0.8003914 -0.3679061 0.3659491 0.8551859 0.3679061 0.8551859 0.3679061 -0.3679061 0.8551859 0.3679061 -0.8551859 0.3659491 0.3679061 -0.3679061 0.8551859 0.3679061 -0.9197652 -0.09393346 0.3796478 -0.3385518 -0.4951076 0.8003914 -0.7984344 -0.4970646 0.3385518 -0.3268102 -0.8864971 0.3287671 -0.3659491 0.8551859 -0.3659491 -0.8551859 0.3679061 -0.3659491 -0.3659491 0.8551859 -0.3659491 -0.3679061 0.8551859 0.3679061 -0.8551859 0.3659491 0.3679061 -0.9197652 -0.09393346 0.3796478 -0.7925636 -0.4970646 -0.3542074 -0.7984344 -0.4970646 0.3385518 -0.9197652 -0.09589041 -0.3835616 -0.3776908 -0.09784736 -0.9217221 -0.3287671 -0.4911937 -0.8062623 -0.7925636 -0.4970646 -0.3542074 -0.3228963 -0.8825831 -0.3405088 -0.3287671 -0.4911937 -0.8062623 0.3385518 -0.4990215 -0.7984344 0.3268102 -0.8864971 -0.3287671 -0.3228963 -0.8825831 -0.3405088 0.7984344 -0.4990215 -0.3385518 0.7925636 -0.4951076 0.3542074 0.3228963 -0.8825831 0.3405088 -0.3268102 -0.8864971 0.3287671 -0.7984344 -0.4970646 0.3385518 -0.7925636 -0.4970646 -0.3542074 -0.3268102 -0.8864971 0.3287671 -0.3385518 -0.4951076 0.8003914 -0.8003914 -0.4951076 0.3385518 -0.9197652 -0.09393346 0.3796478 -0.3796478 -0.09393346 0.9197652 -0.7945206 -0.4951076 -0.3542074 -0.8003914 -0.4951076 0.3385518 -0.9197652 -0.09393346 -0.3835616 -0.9236791 0 0.3835616 -0.9236791 0 -0.3835616 -0.3835616 0 0.9236791 0.3835616 0 0.9236791 0.3757339 -0.09589041 0.9217221 0.3287671 -0.4892368 0.8082192 -0.3385518 -0.4951076 0.8003914 -0.3268102 -0.8864971 0.3287671 0.3228963 -0.8825831 0.3405088 0.9178082 -0.09784736 0.3835616 0.9236791 0 0.3835616 0.3287671 -0.4892368 0.8082192 0.9236791 0 -0.3835616 0.7925636 -0.4970646 0.3542074 0.3228963 -0.8825831 0.3405088 0.7925636 -0.4970646 0.3542074 0.7964775 -0.5009785 -0.3385518 0.9197652 -0.09784736 -0.3796478 0.3796478 -0.09784736 -0.9197652 0.3835616 0 -0.9236791 -0.3835616 0 -0.9236791 0.3365949 -0.4990215 -0.7984344 0.7964775 -0.5009785 -0.3385518 0.3248532 -0.8864971 -0.3287671 -0.3776908 -0.09589041 -0.9217221 -0.3307241 -0.4911937 -0.8062623 0.3248532 -0.8864971 -0.3287671 -0.9197652 -0.09393346 -0.3835616 -0.9236791 0 -0.3835616 -0.7945206 -0.4951076 -0.3542074 -0.3248532 -0.8825831 -0.3405088 -0.3248532 -0.8825831 -0.3405088 0.7964775 -0.5009785 -0.3385518 0.7925636 -0.4970646 0.3542074 0.3228963 -0.8825831 0.3405088 -0.3268102 -0.8864971 0.3287671 -0.8003914 -0.4951076 0.3385518 -0.7945206 -0.4951076 -0.3542074 0.3600783 -0.3600783 0.8610567 0.3600783 0.3600783 0.8610567 -0.3600783 -0.3600783 0.8610567 -0.3600783 0.3600783 0.8610567 0.3659491 0.851272 0.3757339 0.851272 0.3659491 0.3757339 -0.3659491 0.851272 0.3757339 -0.851272 0.3659491 0.3757339 -0.3600783 -0.3600783 0.8610567 -0.3600783 0.3600783 0.8610567 -0.851272 -0.3659491 0.3757339 -0.3659491 0.851272 -0.3757339 -0.851272 0.3659491 -0.3757339 -0.851272 -0.3659491 -0.3757339 -0.3600783 0.3600783 -0.8610567 -0.3600783 -0.3600783 -0.8610567 -0.3600783 0.3600783 -0.8610567 -0.3659491 -0.851272 -0.3757339 -0.3600783 -0.3600783 -0.8610567 0.3600783 0.3600783 -0.8610567 -0.3600783 -0.3600783 -0.8610567 0.3600783 -0.3600783 -0.8610567 0.3659491 0.851272 -0.3757339 0.851272 0.3659491 -0.3757339 0.3600783 -0.3600783 -0.8610567 0.3600783 0.3600783 -0.8610567 0.851272 -0.3659491 -0.3757339 0.851272 -0.3659491 0.3757339 0.3600783 0.3600783 0.8610567 0.3600783 -0.3600783 0.8610567 0.3659491 -0.851272 -0.3757339 0.3600783 -0.3600783 -0.8610567 0.3659491 -0.851272 0.3757339 0.3600783 -0.3600783 0.8610567 0.3600783 -0.3600783 -0.8610567 0.3659491 -0.851272 -0.3757339 -0.3659491 -0.851272 0.3757339 0.3659491 -0.851272 0.3757339 -0.3600783 -0.3600783 0.8610567 0.3600783 -0.3600783 0.8610567 -0.9765166 0 -0.2172211 -0.9765166 0 0.2172211 -0.9530333 0.2172211 0.2113503 -0.9530333 0.2172211 -0.2113503 -0.8180039 0.5479452 -0.1761252 -0.8180039 0.5479452 0.1761252 -0.4227006 0.8375734 0.3483366 -0.6457925 0.555773 0.5225049 -0.4227006 0.8375734 -0.3483366 -0.6457925 0.555773 -0.5225049 -0.8180039 0.5479452 0.1761252 -0.9530333 0.2172211 0.2113503 -0.8180039 0.5479452 -0.1761252 -0.9530333 0.2172211 -0.2113503 -0.7495108 0.2172211 0.6262231 -0.9765166 0 0.2172211 -0.7651663 0 0.6457925 -0.2994129 0 0.9549902 -0.2504892 0.6164383 0.7475538 -0.295499 0.2485323 0.9217221 0 0 1 0 0.2563601 0.9667319 0 0.6340509 0.7729941 0 0.9354208 0.3522505 0 0.9354208 -0.3522505 -0.2504892 0.6164383 -0.7475538 0 0.6340509 -0.7729941 -0.7495108 0.2172211 -0.6262231 -0.9765166 0 -0.2172211 -0.7651663 0 -0.6457925 -0.2994129 0 -0.9549902 -0.295499 0.2485323 -0.9217221 0 0.2563601 -0.9667319 0 0 -1 -0.9236791 0.3835616 0 -0.9236791 0.3835616 0 -0.3835616 0.9236791 0 -0.3835616 0.9236791 0 0.3816047 0.9236791 0 0.3816047 0.9236791 0 0.9236791 0.3835616 0 0.9236791 0.3835616 0 0.9236791 -0.3816047 0 0.9236791 -0.3816047 0 0.3835616 -0.9236791 0 0.3835616 -0.9236791 0 -0.3835616 -0.9236791 0 -0.3835616 -0.9236791 0 -0.9236791 -0.3835616 0 -0.9236791 -0.3835616 0 -0.9236791 0.3835616 0 -0.9236791 0.3835616 0 -0.1252446 -0.8806262 -0.4559687 0.03913894 -0.7827789 0.6203523 0.05479452 -0.9080235 -0.4129159 0.02935421 -0.7358121 0.6751468 -0.037182 -0.7906067 -0.6105675 -0.01369863 -0.3052838 0.9510763 0.005870841 -0.8551859 0.5205479 -0.01369863 -0.8395303 -0.5440313 0.03131115 -0.6360078 0.7710372 -0.1017613 -0.9178082 0.3855186 -0.02152642 -0.7925636 -0.6105675 -0.01369863 -1 0 -0.09001957 -0.9960861 0 -0.1017613 -0.9178082 -0.3855186 0.0332681 -0.7514677 0.6594912 0.05479452 -0.7475538 0.6634051 0.03522505 -0.6320939 0.7749511 -0.05283757 -0.7123288 -0.7005871 -0.07240704 -0.6536204 -0.7534246 0.04696673 -0.7729941 0.6340509 -0.1741683 -0.62818 -0.7573385 0.1565558 -0.7925636 0.5890411 -0.3463796 -0.6262231 -0.6986302 -0.2191781 -0.5812133 0.7847358 0.2465753 -0.8062623 0.5362035 0.37182 -0.81409 0.4481409 -0.5048923 -0.6477495 -0.5714286 0.3091977 -0.7573385 0.5753425 -0.5342466 -0.6634051 -0.5244619 0.1193738 -0.8454012 0.5205479 -0.3757339 -0.6594912 -0.6516634 -0.08219178 -0.6360078 -0.7671233 -0.4050881 -0.4344423 0.8043053 -0.1369863 -0.8121331 0.5675147 -0.334638 -0.8043053 0.4892368 0.1956947 -0.6223092 -0.7573385 -0.4168297 -0.8062623 0.4187867 0.6144814 -0.6164383 -0.4911937 -0.4559687 -0.8101761 0.3679061 0.8414873 -0.5381604 -0.05675147 -0.6457925 -0.739726 0.1937378 0.8082192 -0.5596869 0.1800391 0.704501 -0.6066536 0.369863 -0.5636008 -0.8180039 -0.109589 0.6771037 -0.6262231 0.3874756 -0.7084149 -0.6927593 -0.1311155 0.7475538 -0.6144814 0.2524462 -0.6477495 -0.7475538 -0.1428571 0.7984344 -0.5968689 0.07632094 -0.8297456 -0.55773 0.01761252 -0.6399217 -0.7671233 -0.01369863 -0.6144814 -0.7749511 0.1506849 0.7886497 -0.6046967 -0.1213307 0.7475538 -0.6360078 -0.1898239 -0.5988258 -0.778865 0.1819961 0.7416829 -0.6614481 -0.1193738 -0.6927593 -0.7181996 0.0704501 -0.05088063 -0.9980431 0 -0.5283757 -0.849315 0.02544031 0.7729941 -0.6320939 -0.04305284 -0.8199608 -0.5733855 0 -0.5146771 -0.8571429 0 0.8003914 -0.5988258 0 0.7729941 -0.6320939 0.04305284 -0.5283757 -0.849315 -0.02544031 0.7416829 -0.6614481 0.1193738 -0.6927593 -0.7181996 -0.0704501 -0.5988258 -0.778865 -0.1819961 0.7475538 -0.6360078 0.1898239 -0.8297456 -0.55773 -0.01761252 -0.6144814 -0.7749511 -0.1506849 0.7886497 -0.6046967 0.1213307 0.7984344 -0.5968689 -0.07632094 -0.6399217 -0.7671233 0.01369863 -0.6477495 -0.7475538 0.1428571 0.7475538 -0.6144814 -0.2524462 -0.7084149 -0.6927593 0.1311155 0.6771037 -0.6262231 -0.3874756 -0.5636008 -0.8180039 0.109589 0.704501 -0.6066536 -0.369863 -0.2191781 -0.5812133 -0.7847358 -0.6457925 -0.739726 -0.1937378 0.8082192 -0.5596869 -0.1800391 0.8414873 -0.5381604 0.05675147 -0.4559687 -0.8101761 -0.3679061 0.6144814 -0.6164383 0.4911937 -0.4050881 -0.4344423 -0.8043053 -0.4168297 -0.8062623 -0.4187867 0.1956947 -0.6223092 0.7573385 -0.334638 -0.8043053 -0.4892368 -0.08219178 -0.6360078 0.7671233 -0.1369863 -0.8121331 -0.5675147 0.1193738 -0.8454012 -0.5205479 -0.3757339 -0.6594912 0.6516634 -0.5342466 -0.6634051 0.5244619 0.3091977 -0.7573385 -0.5753425 -0.5048923 -0.6477495 0.5714286 0.37182 -0.81409 -0.4481409 -0.3463796 -0.6262231 0.6986302 0.2465753 -0.8062623 -0.5362035 0.1565558 -0.7925636 -0.5890411 -0.1741683 -0.62818 0.7573385 0.04696673 -0.7729941 -0.6340509 -0.07240704 -0.6536204 0.7534246 0.03522505 -0.6320939 -0.7749511 -0.05283757 -0.7123288 0.7005871 -0.02152642 -0.7925636 0.6105675 0.0332681 -0.7514677 -0.6594912 0.05479452 -0.7475538 -0.6634051 0.005870841 -0.8551859 -0.5205479 -0.01369863 -0.8395303 0.5440313 -0.037182 -0.7906067 0.6105675 0.03131115 -0.6360078 -0.7710372 -0.01369863 -0.3052838 -0.9510763 0.02935421 -0.7358121 -0.6751468 -0.1252446 -0.8806262 0.4559687 0.03913894 -0.7827789 -0.6203523 0.05479452 -0.9080235 0.4129159 -0.1252446 -0.8806262 -0.4559687 0.05479452 -0.9080235 -0.4129159 0.007827789 -0.3522505 -0.9354208 -0.08806262 -0.2289628 -0.9686888 -0.037182 -0.7906067 -0.6105675 -0.09393346 0.09589041 -0.9902152 0.111546 0.09001957 -0.9902152 -0.05479452 -0.1565558 -0.9863014 -0.09589041 0.06457926 -0.9941292 0.1682975 0.06262231 -0.9843444 -0.05479452 0.08610567 -0.9941292 0.3307241 0.2504892 -0.9099804 -0.02544031 -0.2113503 -0.9765166 -0.01369863 -0.8395303 -0.5440313 -0.02152642 -0.7925636 -0.6105675 -0.01369863 0.09197652 -0.9960861 -0.01565558 0.08414873 -0.9960861 -0.03522505 -0.05870841 -0.9980431 -0.05283757 -0.7123288 -0.7005871 -0.01956947 0.1017613 -0.9941292 -0.02935421 0.1213307 -0.9921722 -0.04109589 0.2054795 -0.9784736 -0.07240704 -0.6536204 -0.7534246 -0.1741683 -0.62818 -0.7573385 -0.005870841 0.08806262 -0.9960861 -0.001956947 0.1311155 -0.9921722 -0.05479452 0.1780822 -0.9823875 -0.1917808 0.2250489 -0.9549902 -0.3463796 -0.6262231 -0.6986302 -0.4305284 0.2407045 -0.8688846 -0.5048923 -0.6477495 -0.5714286 -0.4618395 0.1780822 -0.8688846 -0.6712329 0.183953 -0.7181996 -0.6594912 0.1604697 -0.7338552 -0.5342466 -0.6634051 -0.5244619 -0.6477495 0.1682975 -0.7436399 -0.3639922 0.1898239 -0.9119374 -0.3757339 -0.6594912 -0.6516634 -0.3170255 0.2270059 -0.9197652 0.04892368 0.2133072 -0.9745597 -0.08219178 -0.6360078 -0.7671233 0.07436399 0.2504892 -0.964775 0.3913894 0.2152642 -0.8943248 0.1956947 -0.6223092 -0.7573385 0.3816047 0.2446184 -0.890411 0.7299413 0.2524462 -0.6360078 0.6144814 -0.6164383 -0.4911937 0.8414873 -0.5381604 -0.05675147 0.7358121 0.2446184 -0.6320939 0.9080235 0.2798434 -0.3091977 0.8082192 -0.5596869 0.1800391 0.9569471 0.2896282 -0.02348337 0.704501 -0.6066536 0.369863 0.925636 0.2426614 -0.2876712 0.9080235 0.2720157 0.3189824 0.6771037 -0.6262231 0.3874756 0.9686888 0.2504892 -0.007827789 0.7103718 0.2818004 -0.6457925 0.9295499 0.2544031 -0.2681018 0.9197652 0.2348337 0.3170255 0.8708415 0.2544031 0.4227006 0.7475538 -0.6144814 0.2524462 0.9686888 0.2485323 0.02348337 0.9275929 0.2720157 0.258317 0.7984344 -0.5968689 0.07632094 0.8786693 0.2152642 0.4266145 0.9275929 0.221135 0.297456 0.960861 0.2739726 0.01956947 0.7886497 -0.6046967 -0.1213307 0.9569471 0.223092 0.1878669 0.8982387 0.1956947 0.3953033 0.9412916 0.2641879 -0.2133072 0.7475538 -0.6360078 -0.1898239 0.964775 0.2093934 -0.1585127 0.9667319 0.1819961 0.1741683 0.9373777 0.2113503 -0.2798434 0.7416829 -0.6614481 -0.1193738 0.9432485 0.2054795 -0.258317 0.9686888 0.1819961 -0.1741683 0.9843444 0.1624266 -0.05675147 0.7729941 -0.6320939 -0.04305284 0.964775 0.2093934 -0.1565558 0.9863014 0.1663405 0 0.8003914 -0.5988258 0 0.7729941 -0.6320939 0.04305284 0.9804305 0.1878669 -0.05088063 0.9823875 0.18591 0 0.9843444 0.1624266 0.05675147 0.7416829 -0.6614481 0.1193738 0.9784736 0.2093934 0 0.9804305 0.1878669 0.05088063 0.9686888 0.1819961 0.1741683 0.9373777 0.2113503 0.2798434 0.7475538 -0.6360078 0.1898239 0.964775 0.2093934 0.1565558 0.9412916 0.2641879 0.2133072 0.7886497 -0.6046967 0.1213307 0.9432485 0.2054795 0.258317 0.960861 0.2739726 -0.01956947 0.7984344 -0.5968689 -0.07632094 0.964775 0.2093934 0.1585127 0.9275929 0.2720157 -0.258317 0.7475538 -0.6144814 -0.2524462 0.9569471 0.223092 -0.1878669 0.8708415 0.2544031 -0.4227006 0.6771037 -0.6262231 -0.3874756 0.8786693 0.2152642 -0.4266145 0.9080235 0.2720157 -0.3189824 0.704501 -0.6066536 -0.369863 0.9197652 0.2348337 -0.3170255 0.9569471 0.2896282 0.02348337 0.8082192 -0.5596869 -0.1800391 0.9686888 0.2504892 0.007827789 0.9080235 0.2798434 0.3091977 0.8414873 -0.5381604 0.05675147 0.925636 0.2426614 0.2876712 0.7299413 0.2524462 0.6360078 0.6144814 -0.6164383 0.4911937 0.1956947 -0.6223092 0.7573385 0.7358121 0.2446184 0.6320939 0.3913894 0.2152642 0.8943248 -0.08219178 -0.6360078 0.7671233 0.04892368 0.2133072 0.9745597 -0.3757339 -0.6594912 0.6516634 0.3816047 0.2446184 0.890411 -0.3639922 0.1898239 0.9119374 -0.5342466 -0.6634051 0.5244619 0.07436399 0.2504892 0.964775 0.7103718 0.2818004 0.6457925 0.3659491 0.2622309 0.8923679 -0.3170255 0.2270059 0.9197652 -0.6594912 0.1604697 0.7338552 -0.5048923 -0.6477495 0.5714286 0.1076321 0.260274 0.9589041 -0.6477495 0.1682975 0.7436399 -0.6712329 0.183953 0.7181996 -0.4305284 0.2407045 0.8688846 -0.3463796 -0.6262231 0.6986302 -0.4618395 0.1780822 0.8688846 -0.1917808 0.2250489 0.9549902 -0.1741683 -0.62818 0.7573385 -0.04109589 0.2054795 0.9784736 -0.07240704 -0.6536204 0.7534246 -0.05283757 -0.7123288 0.7005871 -0.05479452 0.1780822 0.9823875 -0.02935421 0.1213307 0.9921722 -0.03522505 -0.05870841 0.9980431 -0.02152642 -0.7925636 0.6105675 -0.001956947 0.1311155 0.9921722 -0.02544031 -0.2113503 0.9765166 -0.01369863 -0.8395303 0.5440313 -0.01956947 0.1017613 0.9941292 -0.037182 -0.7906067 0.6105675 -0.02935421 0.1135029 0.9941292 -0.05479452 -0.1565558 0.9863014 -0.4305284 0.1369863 0.8923679 -0.08806262 -0.2289628 0.9686888 -0.1252446 -0.8806262 0.4559687 0.007827789 -0.3522505 0.9354208 0.05479452 -0.9080235 0.4129159 -0.09393346 0.09589041 0.9902152 0.111546 0.09001957 0.9902152 -0.05479452 0.08610567 0.9941292 -0.09589041 0.06457926 0.9941292 0.1682975 0.06262231 0.9843444 0.3307241 0.2504892 0.9099804 -0.01369863 0.09197652 0.9960861 -0.01565558 0.08414873 0.9960861 -0.1193738 0.1819961 0.9765166 0.297456 0.5616438 0.7729941 -0.005870841 0.08806262 0.9960861 0.007827789 0.1585127 0.9882583 -0.01174168 0.0998043 0.9941292 -0.01565558 0.146771 0.9882583 0.01174168 0.1565558 0.9882583 0.009784736 0.3776908 0.925636 -0.07632094 0.1624266 0.9843444 -0.04305284 0.4403131 0.8962818 -0.01761252 0.5264188 0.851272 0.01956947 0.7299413 0.6849315 -0.223092 0.479452 0.849315 -0.2172211 0.7534246 0.6203523 0.2328767 0.7886497 0.5694716 0.2152642 0.9275929 0.3072407 -0.02544031 0.8317025 0.553816 -0.2035225 0.9373777 0.2818004 0.2093934 0.9686888 0.1350294 -0.02935421 0.9706458 0.2367906 -0.1428571 0.9823875 0.1174168 0.1663405 0.9863014 0.02739726 0.0332681 0.964775 0.258317 -0.1976517 0.9804305 0.03913894 0.1311155 0.9921722 0 -0.01174168 0.9941292 0.09784736 0.03913894 0.9941292 0.1017613 -0.037182 0.8023483 0.5968689 0.03913894 0.9706458 0.2407045 -0.08610567 0.7632094 0.6399217 -0.1448141 0.3796478 0.9138943 0.02544031 0.9295499 0.3659491 -0.3131115 0.1878669 0.9315069 -0.04109589 0.7084149 0.704501 -0.5088063 0.183953 0.8414873 -0.297456 0.2446184 0.9236791 -0.2485323 0.2367906 0.9393346 -0.08610567 0.3072407 0.9471624 -0.04696673 0.4716243 0.8806262 0.1506849 0.3463796 0.925636 0.1819961 0.5322896 0.8277887 0.4227006 0.3639922 0.8297456 0.2015656 0.8199608 0.5342466 0.4090019 0.6066536 0.6810176 0.6731898 0.4109589 0.6164383 0.2015656 0.964775 0.1722113 0.407045 0.8199608 0.4011742 0.6086106 0.6027398 0.5146771 0.8767123 0.3581213 0.3189824 0.8238748 0.5283757 0.2054795 0.9295499 0.2544031 0.2681018 0.9373777 0.3444227 0.02935421 0.9686888 0.2485323 -0.02348337 0.8962818 0.4383562 -0.07632094 0.9275929 0.221135 -0.297456 0.9412916 0.2857143 -0.183953 0.8982387 0.1956947 -0.3953033 0.925636 0.2544031 -0.2798434 0.9667319 0.1819961 -0.1741683 0.9080235 0.4129159 -0.07240704 0.9686888 0.1643836 0.18591 0.9726027 0.2054795 -0.109589 0.6457925 0.7553816 0.1056751 0.6105675 0.7866927 0.07827789 0.9236791 0.3835616 0.037182 0.2074364 0.9726027 0.1017613 0.6829746 0.7260274 0.08414873 0.9765166 0.1741683 0.1330724 0.09589041 0.9921722 0.08806262 0.1976517 0.9765166 0.08414873 0.09589041 0.9941292 0.05088063 0.2133072 0.9765166 0.04892368 0.6183953 0.7827789 0.08219178 0.04109589 0.9980431 0.05283757 0.09784736 0.9960861 0 -0.01369863 0.9980431 0.05088063 0.04305284 1 0 -0.2387476 0.9706458 0 -0.01565558 1 0 -0.01369863 0.9980431 -0.05088063 -0.1976517 0.9804305 -0.03913894 0.1663405 0.9863014 -0.02739726 0.04109589 0.9980431 -0.05283757 -0.01174168 0.9941292 -0.09784736 -0.1428571 0.9823875 -0.1174168 0.2093934 0.9686888 -0.1350294 -0.2035225 0.9373777 -0.2818004 0.2152642 0.9275929 -0.3072407 -0.02935421 0.9706458 -0.2367906 -0.2172211 0.7534246 -0.6203523 0.2328767 0.7886497 -0.5694716 0.297456 0.5616438 -0.7729941 0.03913894 0.9941292 -0.1017613 -0.02544031 0.8317025 -0.553816 0.09589041 0.9941292 -0.05088063 0.0332681 0.964775 -0.258317 0.09589041 0.9921722 -0.08806262 0.2133072 0.9765166 -0.04892368 0.2309198 0.9726027 0 0.03913894 0.9706458 -0.2407045 0.4990215 0.8649706 0.04500978 0.5146771 0.8571429 0 0.8414873 0.5342466 0.0704501 0.4990215 0.8649706 -0.04500978 0.8414873 0.5342466 -0.0704501 0.6183953 0.7827789 -0.08219178 0.1976517 0.9765166 -0.08414873 0.2074364 0.9726027 -0.1017613 0.6829746 0.7260274 -0.08414873 0.890411 0.4481409 -0.07632094 0.6105675 0.7866927 -0.07827789 0.9393346 0.3287671 -0.09589041 0.9530333 0.2759295 -0.1174168 0.9236791 0.3835616 -0.037182 0.960861 0.1780822 -0.2133072 0.9765166 0.1741683 -0.1330724 0.9726027 0.2054795 0.109589 0.9686888 0.1643836 -0.18591 0.9080235 0.4129159 0.07240704 0.2015656 0.964775 -0.1722113 0.6457925 0.7553816 -0.1056751 0.925636 0.2544031 0.2798434 0.8962818 0.4383562 0.07632094 0.9412916 0.2857143 0.183953 0.9530333 0.1722113 -0.2524462 0.9667319 0.1956947 -0.1682975 0.9765166 0.2035225 -0.08023483 0.9471624 0.3150685 -0.04305284 0.9412916 0.3365949 0 0.849315 0.5283757 0 0.9471624 0.3150685 0.04305284 0.9765166 0.2035225 0.08023483 0.9530333 0.2759295 0.1174168 0.9667319 0.1956947 0.1682975 0.890411 0.4481409 0.07632094 0.9530333 0.1722113 0.2524462 0.960861 0.1780822 0.2133072 0.9393346 0.3287671 0.09589041 0 0.3835616 0.9236791 0 0.3835616 0.9236791 0 -0.3835616 0.9236791 0 -0.3835616 0.9236791 0 0.3835616 0.9236791 0 -0.3835616 0.9236791 0 -0.9236791 0.3835616 0 -0.9236791 0.3835616 0 -0.9236791 0.3835616 0 -0.9236791 -0.3835616 0 -0.9236791 -0.3835616 0 -0.9236791 -0.3835616 0 -0.3835616 -0.9236791 0 -0.3835616 -0.9236791 0 -0.3835616 -0.9236791 0 0.3835616 -0.9236791 0 0.3835616 -0.9236791 0 0.3835616 -0.9236791 0 0.9236791 -0.3835616 0 0.9236791 -0.3835616 0 0.9236791 -0.3835616 0 0.9236791 0.3835616 0 0.9236791 0.3835616 0 0.9236791 0.3835616 0 0.3835616 0.9236791 0 0.3835616 0.9236791 0 0.3835616 0.9236791 0 0.9236791 -0.3835616 0 0.3835616 -0.9236791 0 0.3835616 -0.9236791 0 0.9236791 -0.3835616 0 0.3835616 -0.9236791 0 0.9236791 -0.3835616 0 0.9236791 0.3835616 0 0.9236791 0.3835616 0 0.9236791 0.3835616 0 0.3835616 0.9236791 0 0.3835616 0.9236791 0 0.3835616 0.9236791 0 -0.3835616 0.9236791 0 -0.3835616 0.9236791 0 -0.3835616 0.9236791 0 -0.9236791 0.3835616 0 -0.9236791 0.3835616 0 -0.9236791 0.3835616 0 -0.9236791 -0.3835616 0 -0.9236791 -0.3835616 0 -0.9236791 -0.3835616 0 -0.3835616 -0.9236791 0 -0.3835616 -0.9236791 0 -0.3835616 -0.9236791 0 0.3835616 -0.9236791 0 0.3835616 -0.9236791 0 0.3835616 -0.9236791 0.9373777 0.3444227 -0.02935421 0.8238748 0.5283757 -0.2054795 0.8767123 0.3581213 -0.3189824 0.407045 0.8199608 -0.4011742 0.6086106 0.6027398 -0.5146771 0.6731898 0.4109589 -0.6164383 0.4090019 0.6066536 -0.6810176 0.2015656 0.8199608 -0.5342466 0.4227006 0.3639922 -0.8297456 0.02544031 0.9295499 -0.3659491 0.1819961 0.5322896 -0.8277887 -0.04109589 0.7084149 -0.704501 -0.08610567 0.7632094 -0.6399217 -0.037182 0.8023483 -0.5968689 -0.1448141 0.3796478 -0.9138943 0.01956947 0.7299413 -0.6849315 -0.04305284 0.4403131 -0.8962818 -0.01761252 0.5264188 -0.851272 0.009784736 0.3776908 -0.925636 -0.223092 0.479452 -0.849315 -0.1193738 0.1819961 -0.9765166 0.007827789 0.1585127 -0.9882583 -0.01565558 0.146771 -0.9882583 0.01174168 0.1565558 -0.9882583 -0.01174168 0.0998043 -0.9941292 -0.07632094 0.1624266 -0.9843444 -0.02935421 0.1135029 -0.9941292 -0.4305284 0.1369863 -0.8923679 -0.3131115 0.1878669 -0.9315069 -0.5088063 0.183953 -0.8414873 -0.2485323 0.2367906 -0.9393346 -0.297456 0.2446184 -0.9236791 -0.04696673 0.4716243 -0.8806262 -0.08610567 0.3072407 -0.9471624 0.1076321 0.260274 -0.9589041 0.1506849 0.3463796 -0.925636 0.3659491 0.2622309 -0.8923679 -0.01761252 -0.7964775 0.6046967 0.03913894 -0.7827789 0.6203523 -0.037182 -0.05870841 0.9980431 -0.3483366 -0.553816 0.7573385 -0.01369863 -0.3052838 0.9510763 -0.1761252 -0.04892368 0.9823875 -0.5714286 -0.4148728 0.7084149 -0.4109589 -0.05870841 0.9099804 -0.1604697 -0.04892368 0.9863014 -0.3953033 -0.04305284 0.9178082 -0.1232877 -0.2348337 0.964775 -0.2172211 -0.2074364 0.9549902 -0.3972603 -0.1898239 0.8982387 -0.4657534 -0.5675147 0.6790606 -0.1800391 -0.6908023 0.7005871 -0.1017613 -0.9178082 0.3855186 -0.2681018 -0.6438356 0.7162427 -0.5362035 -0.7358121 0.4129159 -0.3405088 -0.8982387 0.2798434 -0.3072407 -0.8414873 0.444227 -0.3639922 -0.890411 0.2739726 -0.5792564 -0.778865 0.2407045 -0.5146771 -0.851272 0.09784736 -0.5949119 -0.7964775 0.1037182 -0.481409 -0.8767123 0 -0.09001957 -0.9960861 0 -0.5088063 -0.8610567 0.02739726 -0.5890411 -0.8082192 0.02739726 -0.1017613 -0.9178082 -0.3855186 -0.4461839 -0.8943248 0 -0.5694716 -0.8219178 0 -0.5890411 -0.8082192 -0.02739726 -0.5088063 -0.8610567 -0.02739726 -0.5949119 -0.7964775 -0.1037182 -0.5146771 -0.851272 -0.09784736 -0.5792564 -0.778865 -0.2407045 -0.3405088 -0.8982387 -0.2798434 -0.3639922 -0.890411 -0.2739726 -0.5362035 -0.7358121 -0.4129159 -0.3072407 -0.8414873 -0.444227 -0.1800391 -0.6908023 -0.7005871 -0.2681018 -0.6438356 -0.7162427 -0.4657534 -0.5675147 -0.6790606 -0.01369863 -0.3052838 -0.9510763 -0.2172211 -0.2074364 -0.9549902 -0.3972603 -0.1898239 -0.8982387 -0.3953033 -0.04305284 -0.9178082 -0.1232877 -0.2348337 -0.964775 -0.1604697 -0.04892368 -0.9863014 -0.4109589 -0.05870841 -0.9099804 -0.037182 -0.05870841 -0.9980431 0.03913894 -0.7827789 -0.6203523 -0.01761252 -0.7964775 -0.6046967 -0.3483366 -0.553816 -0.7573385 -0.1761252 -0.04892368 -0.9823875 -0.5714286 -0.4148728 -0.7084149 0.05479452 -0.9080235 0.4129159 0.0704501 -0.9726027 0.2191781 0.03913894 -0.7827789 -0.6203523 -0.01761252 -0.7964775 -0.6046967 0.1232877 -0.4422701 0.888454 0.007827789 -0.3522505 0.9354208 -0.0665362 -0.964775 0.2544031 -0.3483366 -0.553816 -0.7573385 -0.02348337 -0.6066536 0.7945206 0.1428571 0.04696673 0.9882583 0.111546 0.09001957 0.9902152 -0.01761252 0.005870841 1 -0.1996086 -0.5303327 0.8238748 -0.4774951 -0.8786693 -0.001956947 -0.5714286 -0.4148728 -0.7084149 -0.2054795 0.02348337 0.9784736 -0.8395303 -0.3600783 -0.4050881 -0.4109589 -0.05870841 -0.9099804 -0.7514677 -0.4559687 0.4774951 -0.5479452 -0.06066536 -0.8336595 -0.3953033 -0.04305284 -0.9178082 -0.778865 -0.01369863 0.6262231 -0.9412916 -0.0665362 -0.3287671 -0.55773 -0.03913894 -0.8297456 -0.9491194 -0.02544031 -0.3150685 -0.7690802 0.005870841 0.6379648 -0.5694716 -0.1702544 -0.8043053 -0.3972603 -0.1898239 -0.8982387 -0.9471624 -0.08219178 -0.3111546 -0.6516634 -0.4500979 -0.6105675 -0.4657534 -0.5675147 -0.6790606 -0.9549902 -0.1741683 -0.2367906 -0.7729941 -0.5283757 -0.3502935 -0.5362035 -0.7358121 -0.4129159 -0.5792564 -0.778865 -0.2407045 -0.9804305 -0.1604697 -0.1135029 -0.8571429 -0.4872798 -0.1682975 -0.5949119 -0.7964775 -0.1037182 -0.7925636 0.3424658 0.5068493 -0.8864971 -0.4579256 -0.06066536 -0.5890411 -0.8082192 -0.02739726 -0.9941292 -0.1076321 -0.04305284 -0.8473581 0.4148728 0.3287671 -0.9960861 -0.07827789 -0.01565558 -0.7221135 0.6360078 0.2720157 -0.8747554 -0.483366 -0.01369863 -0.8551859 -0.518591 0 -0.5694716 -0.8219178 0 -0.5890411 -0.8082192 0.02739726 -0.9960861 -0.08023483 -0.001956947 -0.9960861 -0.09001957 0 -0.8747554 -0.483366 0.01369863 -0.8864971 -0.4579256 0.06066536 -0.5949119 -0.7964775 0.1037182 -0.9960861 -0.08023483 0.001956947 -0.8571429 -0.4872798 0.1682975 -0.5792564 -0.778865 0.2407045 -0.9960861 -0.07827789 0.01565558 -0.9941292 -0.1076321 0.04305284 -0.7729941 -0.5283757 0.3502935 -0.5362035 -0.7358121 0.4129159 -0.4657534 -0.5675147 0.6790606 -0.9804305 -0.1604697 0.1135029 -0.6516634 -0.4500979 0.6105675 -0.3972603 -0.1898239 0.8982387 -0.5694716 -0.1702544 0.8043053 -0.3953033 -0.04305284 0.9178082 -0.9549902 -0.1741683 0.2367906 -0.8473581 0.4148728 -0.3287671 -0.55773 -0.03913894 0.8297456 -0.7925636 0.3424658 -0.5068493 -0.9471624 -0.08219178 0.3111546 -0.5479452 -0.06066536 0.8336595 -0.4109589 -0.05870841 0.9099804 -0.9491194 -0.02544031 0.3150685 -0.8395303 -0.3600783 0.4050881 -0.5714286 -0.4148728 0.7084149 -0.9412916 -0.0665362 0.3287671 -0.7690802 0.005870841 -0.6379648 -0.4774951 -0.8786693 0.001956947 -0.3483366 -0.553816 0.7573385 -0.778865 -0.01369863 -0.6262231 -0.7514677 -0.4559687 -0.4774951 -0.0665362 -0.964775 -0.2544031 -0.01761252 -0.7964775 0.6046967 -0.1996086 -0.5303327 -0.8238748 -0.2054795 0.02348337 -0.9784736 0.0704501 -0.9726027 -0.2191781 0.03913894 -0.7827789 0.6203523 0.05479452 -0.9080235 -0.4129159 -0.02348337 -0.6066536 -0.7945206 0.1232877 -0.4422701 -0.888454 0.007827789 -0.3522505 -0.9354208 -0.01761252 0.005870841 -1 0.1428571 0.04696673 -0.9882583 0.111546 0.09001957 -0.9902152 -0.01369863 0.01369863 -1 0.2661448 0.04305284 -0.962818 0.1682975 0.06262231 -0.9843444 -0.2504892 0.01956947 -0.9686888 0.297456 0.1780822 -0.9373777 0.3307241 0.2504892 -0.9099804 -0.001956947 0.1996086 -0.9804305 0.4207436 0.5205479 -0.7436399 0.297456 0.5616438 -0.7729941 0.2328767 0.7886497 -0.5694716 0.01956947 0.516634 -0.8551859 0.3933464 0.7827789 -0.481409 0.2152642 0.9275929 -0.3072407 0.01761252 0.7612525 -0.6477495 -0.1937378 0.4911937 -0.849315 0.3855186 0.8825831 -0.2681018 0.2093934 0.9686888 -0.1350294 0.037182 0.9354208 -0.3522505 0.4266145 0.8943248 -0.1311155 0.1663405 0.9863014 -0.02739726 0.1213307 0.9804305 -0.1545988 0.4266145 0.9041096 -0.02348337 0.4266145 0.9041096 0 0.1311155 0.9921722 0 0.1663405 0.9863014 0.02739726 0.111546 0.9941292 -0.01956947 0.0998043 0.9941292 0 0.4266145 0.9041096 0.02348337 0.4266145 0.8943248 0.1311155 0.2093934 0.9686888 0.1350294 0.111546 0.9941292 0.01956947 0.3855186 0.8825831 0.2681018 0.2152642 0.9275929 0.3072407 0.1213307 0.9804305 0.1545988 0.3933464 0.7827789 0.481409 0.2328767 0.7886497 0.5694716 0.037182 0.9354208 0.3522505 0.4207436 0.5205479 0.7436399 0.297456 0.5616438 0.7729941 0.3307241 0.2504892 0.9099804 0.01761252 0.7612525 0.6477495 0.297456 0.1780822 0.9373777 0.1682975 0.06262231 0.9843444 0.01956947 0.516634 0.8551859 0.2661448 0.04305284 0.962818 -0.001956947 0.1996086 0.9804305 -0.01369863 0.01369863 1 -0.2504892 0.01956947 0.9686888 -0.2681018 0.1311155 0.9549902 -0.7925636 0.07827789 0.6046967 -0.1937378 0.4911937 0.849315 -0.3111546 0.776908 0.5479452 -0.1800391 0.9197652 0.3463796 -0.1585127 0.9706458 0.1780822 -0.7866927 0.6105675 0.09393346 -0.2035225 0.9784736 0.01369863 -0.7808219 0.6262231 0.007827789 -0.1937378 0.9804305 0 -0.7632094 0.6457925 0 -0.2035225 0.9784736 -0.01369863 -0.7808219 0.6262231 -0.007827789 -0.1585127 0.9706458 -0.1780822 -0.7866927 0.6105675 -0.09393346 -0.1800391 0.9197652 -0.3463796 -0.7221135 0.6360078 -0.2720157 -0.3111546 0.776908 -0.5479452 -0.7925636 0.07827789 -0.6046967 -0.2681018 0.1311155 -0.9549902 -0.3248532 0.9217221 -0.2152642 -0.3091977 0.6634051 -0.6810176 -0.8023483 0.5225049 -0.2896282 -0.8590998 0.5088063 -0.04305284 0.1252446 0.9158513 -0.3816047 0.109589 0.3365949 -0.9354208 -0.3561644 0.9315069 -0.08023483 0.3424658 0.6810176 -0.6477495 0.2015656 0.2426614 -0.9491194 0.01761252 0.9823875 -0.183953 0.1545988 0.9471624 -0.2818004 0.03913894 0.9863014 -0.1624266 -0.04305284 0.9921722 -0.1213307 -0.5870842 0.8082192 -0.03131115 -0.8649706 0.4990215 -0.04696673 -0.8669276 0.4970646 0.03131115 -0.2426614 0.9686888 -0.03913894 -0.6144814 0.7866927 0.05088063 -0.6125244 0.7827789 0.1037182 -0.8688846 0.4931507 0.04696673 -0.2739726 0.9589041 0.06457926 -0.005870841 0.9980431 -0.07632094 0.08023483 0.9902152 -0.1213307 0.221135 0.9726027 -0.07436399 0.2896282 0.9452055 -0.1506849 0.04109589 0.9980431 0.02739726 0.4109589 0.8062623 -0.4246575 -0.09197652 0.9863014 0.1389433 0.4266145 0.5401174 -0.7260274 -0.3405088 0.9295499 0.1409002 0.4422701 0.5596869 -0.7005871 0.2191781 0.2289628 -0.9491194 0.516634 0.6653621 -0.5381604 0.6653621 0.518591 -0.5381604 0.4774951 0.1017613 -0.8727984 0.5655577 0.6947162 -0.4461839 0.7123288 0.6164383 -0.332681 0.5596869 0.7906067 -0.2465753 0.7201566 0.6731898 -0.1722113 0.5225049 0.851272 -0.04696673 0.8277887 0.5342466 -0.1682975 0.3405088 0.9393346 0.02152642 0.888454 0.3933464 -0.2328767 0.8923679 -0.1526419 -0.4266145 0.9354208 -0.3444227 -0.08610567 0.9667319 0.2387476 -0.08414873 0.849315 0.518591 -0.1037182 0.9863014 0.1604697 -0.05479452 0.8864971 -0.4579256 -0.07436399 0.8473581 -0.5283757 -0.037182 0.8825831 0.4677104 -0.037182 0.7651663 0.6399217 -0.05675147 0.9902152 0.1389433 -0.01369863 0.8258317 -0.5636008 0.01761252 0.5851272 0.8101761 0.04109589 0.9882583 0.1448141 0.05870841 0.8121331 -0.5831702 0.003913894 0.8825831 0.4696673 0.005870841 0.9667319 0.2191781 0.1369863 0.9099804 -0.2818004 0.3052838 0.8747554 0.4774951 0.08610567 0.7612525 0.6477495 0.02348337 0.8434442 0.4246575 0.3307241 0.3620352 -0.2563601 0.8962818 0.5988258 0.7925636 0.1213307 0.6790606 0.4344423 0.592955 0.183953 0.04500978 0.9823875 0.8258317 0.481409 0.295499 0.4618395 0.4207436 0.7808219 0.05088063 0.09197652 0.9941292 0.7416829 0.5127202 0.4324853 0.849315 0.4892368 0.1976517 0.7299413 0.6360078 0.2524462 0.7651663 0.6340509 0.109589 0.6027398 0.5988258 0.5264188 0.5342466 0.7886497 0.3052838 0.3170255 0.4774951 0.8199608 0.4461839 0.6692759 0.5949119 0.2544031 0.5342466 0.8062623 0.009784736 0.1056751 0.9941292 0.3796478 0.7416829 0.5518591 0.1291585 0.7260274 0.6751468 -0.2641879 0.3424658 0.9021527 0.2563601 0.8238748 0.5029354 0.3483366 0.8806262 0.3189824 0.1076321 0.925636 0.3600783 -0.1272016 0.9178082 0.3776908 0.3033268 0.9412916 0.1565558 -0.01956947 0.9686888 0.2446184 -0.3013699 0.9334638 0.1956947 -0.3933464 0.8375734 0.3796478 -0.7671233 0.3170255 0.55773 -0.8688846 0.4951076 0.037182 -0.5831702 0.8043053 0.1135029 -0.7279844 0.630137 -0.2739726 -0.9863014 0.1702544 0.003913894 -0.7455969 0.6634051 -0.06457926 -0.8199608 0.5694716 -0.05479452 -0.9315069 -0.1330724 -0.3405088 -0.2328767 0.3776908 -0.8962818 -0.9941292 0.1017613 -0.003913894 -0.8454012 0.5342466 0.01761252 -0.8786693 -0.4755382 -0.0332681 -0.9960861 0.08806262 0.02739726 -0.8395303 0.5401174 0.05479452 -0.8767123 -0.479452 0.0332681 -0.9960861 0.08219178 0.02739726 -0.9960861 0.04696673 0.08023483 -0.7221135 0.6888454 0.05675147 -0.8688846 -0.481409 0.1193738 -0.9549902 0.001956947 0.297456 -0.5988258 0.7573385 0.260274 -0.8082192 -0.479452 0.3405088 -0.6594912 -0.2133072 0.7201566 -0.08806262 0.704501 0.704501 0.1878669 0.407045 0.8943248 -0.8199608 -0.5107632 0.258317 -0.297456 -0.2504892 0.9217221 0.3033268 0.3385518 0.890411 -0.5988258 -0.5225049 0.6066536 -0.183953 -0.295499 0.9373777 0.2504892 0.2113503 0.9452055 -0.5459883 -0.7573385 0.3581213 -0.3776908 -0.5068493 0.7749511 -0.1682975 -0.3052838 0.9373777 0.5479452 0.0998043 0.8297456 -0.3816047 -0.6849315 0.6203523 0.05479452 -0.5968689 0.8003914 0.9217221 -0.2054795 0.3268102 -0.258317 -0.9001957 0.3502935 0.4618395 -0.7729941 0.4363992 0.3228963 -0.9412916 0.1056751 0.9001957 -0.4344423 0.01956947 -0.3189824 -0.9354208 0.1526419 0.4735812 -0.8806262 0.01761252 0.8982387 -0.4363992 0.04892368 -0.2054795 -0.9765166 0.05870841 0.3679061 -0.9275929 0.05675147 0.8982387 -0.4363992 0.05088063 0.9021527 -0.4266145 -0.05283757 -0.5264188 -0.8473581 0.06066536 -0.5244619 -0.851272 0.02739726 -0.1878669 -0.9823875 0.0332681 0.3659491 -0.9295499 -0.001956947 0.9001957 -0.4344423 0.03522505 -0.2485323 -0.9686888 0.02544031 0.221135 -0.9745597 0.0332681 -0.5205479 -0.853229 0 0.1741683 -0.9295499 -0.3268102 0.9412916 -0.1722113 -0.2935421 -0.3228963 -0.8982387 -0.297456 -0.06849315 -0.6908023 -0.7201566 0.407045 -0.1213307 -0.9041096 -0.2289628 -0.5205479 -0.8219178 0.2426614 0.1232877 -0.962818 -0.55773 -0.7690802 -0.3131115 -0.3111546 -0.4285714 -0.849315 0.1154599 0.1917808 -0.9745597 -0.739726 -0.6027398 -0.2994129 -0.3992172 -0.3894325 -0.8297456 0.1604697 0.3131115 -0.9354208 -0.6457925 -0.3776908 -0.6634051 -0.08806262 0.704501 0.704501 -0.007827789 0.9765166 0.2133072 -0.5988258 0.7573385 0.260274 -0.7221135 0.6888454 0.05675147 0.3307241 0.8414873 0.4266145 0.1878669 0.407045 0.8943248 -0.2778865 0.9569471 0.07632094 0.4344423 0.7455969 0.5048923 0.3033268 0.3385518 0.890411 0.2074364 0.964775 0.1663405 0.407045 0.8943248 0.18591 0.5244619 0.6751468 0.518591 0.148728 0.9823875 0.1193738 0.6007828 0.7749511 0.1976517 0.4207436 0.9041096 0.06849315 0.6027398 0.6066536 0.516634 0.2504892 0.2113503 0.9452055 0.7553816 0.5440313 0.3679061 0.5479452 0.0998043 0.8297456 0.7729941 0.6105675 0.1741683 0.8708415 0.4403131 0.2152642 0.9217221 -0.2054795 0.3268102 0.9471624 0.3013699 0.109589 0.9001957 -0.4344423 0.01956947 0.8982387 -0.4363992 0.04892368 0.6242661 0.7808219 0.02935421 0.8336595 0.5499021 0.04892368 0.9882583 0.148728 0.02544031 0.8982387 -0.4363992 0.05088063 0.9863014 0.1604697 0.02152642 0.9021527 -0.4266145 -0.05283757 0.8414873 0.5420744 -0.01174168 0.9726027 0.2270059 -0.04892368 0.9373777 0.2935421 -0.1917808 0.9001957 -0.4344423 0.03522505 0.9412916 -0.1722113 -0.2935421 0.816047 0.5733855 -0.08219178 0.6183953 0.7847358 -0.01565558 0.8219178 0.4422701 -0.3581213 0.407045 -0.1213307 -0.9041096 0.7553816 0.5890411 -0.2857143 0.7651663 0.481409 -0.4266145 0.2426614 0.1232877 -0.962818 0.6086106 0.5733855 -0.5479452 0.1154599 0.1917808 -0.9745597 0.6242661 0.776908 -0.08610567 0.5909981 0.7299413 -0.3463796 0.4853229 0.6183953 -0.6183953 0.3933464 0.6731898 -0.6262231 0.1604697 0.3131115 -0.9354208 0.4109589 0.8649706 -0.2896282 0.332681 0.7279844 -0.5988258 -0.2328767 0.3776908 -0.8962818 0.4187867 0.9080235 -0.02152642 -0.02935421 0.9217221 -0.3874756 -0.7279844 0.630137 -0.2739726 -0.7455969 0.6634051 -0.06457926 0.1135029 0.9158513 -0.3835616 -0.332681 0.9236791 -0.1878669 -0.8199608 0.5694716 -0.05479452 -0.04305284 0.9706458 -0.2407045 -0.4109589 0.9021527 -0.1291585 -0.8454012 0.5342466 0.01761252 0.08610567 0.9921722 -0.08610567 -0.3639922 0.9315069 0 -0.8395303 0.5401174 0.05479452 0.4383562 0.8982387 -0.037182 0.1526419 0.9882583 0.009784736 -0.3757339 0.9217221 0.09001957 0.1604697 0.9863014 0.04892368 0.183953 0.04500978 0.9823875 0.05088063 0.09197652 0.9941292 -0.2798434 -0.3913894 0.8767123 0.009784736 0.1056751 0.9941292 -0.1819961 -0.5244619 0.8317025 0.3620352 -0.2563601 0.8962818 -0.295499 -0.4050881 0.8649706 -0.03522505 -0.8786693 0.4755382 -0.5225049 -0.3600783 0.7729941 -0.2641879 0.3424658 0.9021527 -0.7671233 0.3170255 0.55773 -0.4344423 -0.7260274 0.5322896 -0.5675147 -0.7064579 0.4207436 -0.8864971 -0.1819961 0.4246575 -0.8688846 0.4951076 0.037182 -0.7710372 -0.5694716 0.2857143 -0.9941292 -0.09197652 0.04696673 -1 -0.001956947 0.02935421 -0.8688846 0.4931507 0.04696673 -0.8219178 -0.5636008 0.07827789 -0.6144814 -0.7886497 0.01369863 -0.8414873 -0.5420744 -0.001956947 -0.9941292 0.1037182 0.001956947 -0.8669276 0.4970646 0.03131115 -0.8649706 0.4990215 -0.04696673 -0.4559687 -0.888454 -0.06066536 -0.9921722 0.1037182 -0.0665362 -0.8375734 -0.5342466 -0.1076321 -0.9921722 0.02152642 -0.1213307 -0.8590998 0.5088063 -0.04305284 -0.9432485 0.02152642 -0.3307241 -0.8023483 0.5225049 -0.2896282 -0.7475538 -0.5244619 -0.4090019 -0.6379648 -0.1506849 -0.7553816 -0.3091977 0.6634051 -0.6810176 0.109589 0.3365949 -0.9354208 -0.3483366 -0.3502935 -0.8688846 0.2015656 0.2426614 -0.9491194 -0.4500979 -0.888454 -0.09197652 -0.4520548 -0.6908023 -0.5636008 -0.2348337 -0.334638 -0.9119374 0.2191781 0.2289628 -0.9491194 -0.2074364 -0.4500979 -0.8688846 0.4774951 0.1017613 -0.8727984 -0.1878669 -0.9119374 -0.3659491 0.003913894 -0.5694716 -0.8219178 0.8923679 -0.1526419 -0.4266145 0.3228963 -0.8336595 -0.4481409 0.9354208 -0.3444227 -0.08610567 0.444227 -0.888454 -0.1076321 -0.0665362 -0.9960861 -0.04892368 0.4129159 -0.9080235 -0.07436399 0.8864971 -0.4579256 -0.07436399 -0.1448141 -0.9902152 -0.01369863 0.3737769 -0.9275929 -0.03522505 0.8473581 -0.5283757 -0.037182 0.3268102 -0.9452055 -0.001956947 0.8258317 -0.5636008 0.01761252 0.8121331 -0.5831702 0.003913894 -0.03131115 -1 0.01956947 0.2563601 -0.9667319 -0.001956947 0.9099804 -0.2818004 0.3052838 -0.2485323 -0.9686888 -0.01956947 -0.1135029 -0.9902152 0.07436399 0.1526419 -0.9784736 0.1369863 -0.2426614 -0.9217221 0.3013699 -0.4050881 -0.9138943 -0.009784736</float_array>
          <technique_common>
            <accessor source="#ComforterA_low__mReBody-normal-array" count="1416" stride="3">
              <param name="X" type="float" />
              <param name="Y" type="float" />
              <param name="Z" type="float" />
            </accessor>
          </technique_common>
        </source>
        <source id="ComforterA_low__mReBody-texcoord">
          <float_array id="ComforterA_low__mReBody-texcoord-array" count="2832">0.6734416 0.4868544 0.9834898 0.4868544 0.9834898 0.5032273 0.6734416 0.5032273 0.9834898 0.5054857 0.6734416 0.5054857 0.9834898 0.5224231 0.6734416 0.5224231 0.9834898 0.5246814 0.6734416 0.5246814 0.6734416 0.5410391 0.9834898 0.5410544 0.6791943 0.3406271 0.9892424 0.3406424 0.9892424 0.3845121 0.6791943 0.3845121 0.9892424 0.3867704 0.6791943 0.3867704 0.9892424 0.4037079 0.6791943 0.4037079 0.9892424 0.4059663 0.6791943 0.4059663 0.9892424 0.4498512 0.6791943 0.4498512 0.9892424 0.4521096 0.6791943 0.4521096 0.9892424 0.4690471 0.6791943 0.4690471 0.9892424 0.4712749 0.6791943 0.4712902 0.9852445 0.6144046 0.9852445 0.7046921 0.9147173 0.7046769 0.9147784 0.6143893 0.8287175 0.7046769 0.8287175 0.6143893 0.7426718 0.7046769 0.7427176 0.6143893 0.6721904 0.7046769 0.6721904 0.6143893 0.3985656 0.5240406 0.4 0.5266804 0.3972076 0.5266804 0.4008545 0.5604639 0.3978943 0.5604639 0.4008545 0.6054322 0.399237 0.6081026 0.397879 0.6054322 0.3977417 0.6083467 0.3776913 0.6083467 0.3778439 0.6054322 0.4218357 0.5604639 0.4059052 0.5270161 0.4171054 0.5270161 0.421973 0.6054322 0.4010529 0.6085298 0.4009918 0.6285496 0.4217594 0.6285496 0.4217746 0.6085298 0.4249333 0.6054322 0.4235142 0.6081636 0.4247959 0.5604639 0.4256809 0.5267872 0.422797 0.5267872 0.4242771 0.5241321 0.4448158 0.5604639 0.4299229 0.527245 0.430106 0.5242237 0.4402075 0.5242237 0.4404517 0.527245 0.4451972 0.6054322 0.4250706 0.608423 0.4452277 0.608423 0.4481422 0.6054322 0.4465553 0.6078126 0.447776 0.5604639 0.4446937 0.5268788 0.4475013 0.5268788 0.4461128 0.5242542 0.3761044 0.6078432 0.3748837 0.6054322 0.3752956 0.6083772 0.3540398 0.6083772 0.3539025 0.6054322 0.3538567 0.5604639 0.3593042 0.527245 0.3705043 0.527245 0.3747921 0.5604639 0.3777523 0.5604639 0.3760128 0.5269246 0.3731289 0.5269246 0.3744717 0.5242695 0.3823758 0.5271229 0.3929045 0.5271229 0.3925994 0.5242389 0.3824826 0.5242389 0.3955902 0.5132983 0.3955749 0.5242389 0.3926299 0.5132983 0.3825284 0.5132983 0.3795834 0.5132983 0.3795224 0.5242389 0.2032197 0.5311971 0.2046082 0.5338216 0.2018006 0.5338216 0.2046387 0.5674068 0.2016785 0.5674068 0.2094911 0.5341725 0.2206607 0.5341725 0.2256046 0.5674068 0.204654 0.7123522 0.2256199 0.7123522 0.2016938 0.7123522 0.1815976 0.7123522 0.1815671 0.5674068 0.1868467 0.5341879 0.1973907 0.5341879 0.1972076 0.5311818 0.1870909 0.5311818 0.1786069 0.5674068 0.1786374 0.7123522 0.181384 0.5338063 0.1576715 0.7123522 0.1785 0.5338063 0.1798581 0.5311666 0.174197 0.534081 0.1629969 0.534081 0.1576562 0.5674068 0.154696 0.5674068 0.154696 0.7123522 0.1346151 0.7123522 0.1501488 0.5339437 0.1529412 0.5339437 0.1515831 0.5313649 0.1346304 0.5674068 0.1395285 0.5339437 0.1499962 0.531136 0.1316701 0.5674068 0.1316701 0.7123522 0.1366445 0.5339437 0.1380789 0.5312734 0.1397726 0.531136 0.1528038 0.5202869 0.152987 0.531136 0.1498741 0.5202869 0.1397726 0.5202869 0.1368429 0.5202869 0.1367819 0.531136 0.2450904 0.7231556 0.2450904 0.6655375 0.2766003 0.6655375 0.2766003 0.7231556 0.3072251 0.6655375 0.3072251 0.7231556 0.6675059 0.5518426 0.9847105 0.5518578 0.9847105 0.5694209 0.6675059 0.5694209 0.9847105 0.5716945 0.6675059 0.5716945 0.9847105 0.5842069 0.6675059 0.5842222 0.9847105 0.5864958 0.6675059 0.5864958 0.6675059 0.6040589 0.9847105 0.6040436 0.5677119 0.4548409 0.5677119 0.3699092 0.6128634 0.3699092 0.6128634 0.4548409 0.6592813 0.3699092 0.6592813 0.4548409 0.9147326 0.7303273 0.9852445 0.730312 0.9852445 0.8205997 0.9147784 0.8206149 0.8287175 0.7303273 0.8287175 0.8206149 0.7426718 0.7303273 0.7427176 0.8206149 0.6721904 0.7303273 0.6721904 0.8206149 0.2951247 0.5241169 0.2965438 0.5267567 0.2937514 0.5267567 0.2931258 0.5605249 0.2960861 0.5605249 0.2931105 0.6055238 0.2960861 0.6055238 0.2948959 0.6081789 0.2960708 0.608484 0.3161975 0.608484 0.3161975 0.6055238 0.2720836 0.5605249 0.2880293 0.5271687 0.2769513 0.5271687 0.2719615 0.6055238 0.2928359 0.6086061 0.2929732 0.6285344 0.2721446 0.6285344 0.2722362 0.6086061 0.2690013 0.6055238 0.2702678 0.6082094 0.2691234 0.5605249 0.2684214 0.5269093 0.2713054 0.5269093 0.2698558 0.5242542 0.249073 0.5605249 0.2642405 0.5273365 0.2640726 0.5243305 0.2539406 0.5243305 0.2537118 0.5273365 0.2487984 0.6055238 0.2690166 0.6085451 0.2488136 0.6085451 0.2458991 0.6055238 0.2470283 0.6079347 0.2461128 0.5605249 0.2480507 0.5270619 0.2452583 0.5270619 0.2466468 0.5244526 0.3182727 0.6079652 0.3191424 0.6055238 0.3185626 0.6084993 0.3401999 0.6084993 0.3401694 0.6055238 0.3400168 0.5605249 0.3237659 0.5273213 0.3350118 0.5273213 0.3191424 0.5605249 0.3161975 0.5605249 0.3177844 0.5269703 0.3206683 0.5269703 0.319234 0.5243152 0.3113603 0.5271687 0.3008164 0.5271687 0.3011215 0.5242847 0.3112383 0.5242847 0.298146 0.5242847 0.298146 0.513344 0.301091 0.513344 0.3111925 0.513344 0.3141527 0.513344 0.3141985 0.5242847 0.03381399 0.5311818 0.03521782 0.5338063 0.03242542 0.5338063 0.03237965 0.5674068 0.0353399 0.5674068 0.01635767 0.5341573 0.02752728 0.5341573 0.01141375 0.5674068 0.03230335 0.7123522 0.01133745 0.7123522 0.0352636 0.7123522 0.05537499 0.7123522 0.05543603 0.5674068 0.05018692 0.5341725 0.03964294 0.5341725 0.03982605 0.5311666 0.04992752 0.5311666 0.05841153 0.5674068 0.05831998 0.7123522 0.05564965 0.5338063 0.07930113 0.7123522 0.05853361 0.5338063 0.05717555 0.5311513 0.0628214 0.534081 0.07403678 0.534081 0.07936218 0.5674068 0.08232243 0.5674068 0.08226138 0.7123522 0.1023575 0.7123522 0.08688487 0.5339437 0.08407721 0.5339437 0.08543526 0.5313649 0.102388 0.5674068 0.09748989 0.5339437 0.08703746 0.5311513 0.105333 0.5674068 0.1053025 0.7123522 0.1003891 0.5339437 0.09895476 0.5312886 0.097261 0.5311513 0.08404669 0.5311513 0.0842298 0.5202869 0.08715954 0.5202869 0.097261 0.5202869 0.1001907 0.5202869 0.1002518 0.5311513 0.9760433 0.304799 0.9618524 0.3048142 0.9760433 0.2768292 0.9618524 0.2767987 0.9596399 0.3047379 0.9596399 0.3070268 0.9596399 0.276875 0.9596552 0.2745861 0.9618982 0.2603952 0.9618982 0.2745861 0.9596552 0.2603952 0.5940948 0.2768597 0.5940948 0.2746776 0.5940948 0.2603037 0.5918517 0.2745861 0.5918517 0.2603952 0.591928 0.2767987 0.5940948 0.2581216 0.5918822 0.2581826 0.591928 0.3048142 0.5776761 0.2768139 0.5776761 0.304799 0.5940948 0.3047684 0.5940948 0.3069353 0.5918517 0.3212177 0.5918517 0.3070268 0.59411 0.3212787 0.9596399 0.3212177 0.9618829 0.3070268 0.9618829 0.3212177 0.5940795 0.3234913 0.5922027 0.3226978 0.9596399 0.3235065 0.9615473 0.3226978 0.591867 0.2302586 0.5940795 0.2302281 0.9596399 0.2581216 0.9596399 0.2302434 0.9618524 0.2581979 0.9618829 0.2302434 0.9384451 0.2142825 0.612253 0.2142977 0.6122988 0.1782254 0.9383993 0.1782101 0.9384146 0.1739376 0.6122835 0.1739529 0.6126497 0.1702754 0.6094453 0.1726253 0.9380484 0.1702754 0.9412528 0.1726253 0.6098878 0.1746548 0.6045472 0.1769894 0.9408255 0.1746548 0.9461662 0.1769741 0.6043183 0.1735866 0.5686733 0.1772183 0.5686427 0.1737392 0.5686122 0.1703212 0.608484 0.170306 0.6041047 0.1702602 0.5685054 0.01237506 0.6040894 0.01234454 0.6085145 0.01234454 0.612726 0.01234454 0.9379721 0.01234454 0.9422141 0.170306 0.9421836 0.01234454 0.9463798 0.1735713 0.9820248 0.177203 0.9820554 0.1737392 0.9820859 0.170306 0.9465934 0.1702449 0.9466087 0.01234454 0.9821774 0.01237506 0.6476997 0.764828 0.3304951 0.7648432 0.6476997 0.7625543 0.3304951 0.7625696 0.3304951 0.7500725 0.6476997 0.7500572 0.6476997 0.7477837 0.3304951 0.7477989 0.3304951 0.7159991 0.6476997 0.7159991 0.6476997 0.7137102 0.3304951 0.7137102 0.3304951 0.7011979 0.6476997 0.7012131 0.6476997 0.6989242 0.3304951 0.698909 0.3304951 0.6671092 0.6476997 0.6671397 0.753994 0.9781033 0.7569391 0.98233 0.7549859 0.9823148 0.7564355 0.9670558 0.7541772 0.9661555 0.7920043 0.9844358 0.7568475 0.9521935 0.7548943 0.952163 0.7937896 0.9556573 0.7967193 0.9843442 0.7564965 0.9258717 0.8689555 0.9574578 0.8689555 0.98616 0.9411917 0.9843442 0.7946746 0.9305867 0.7582971 0.92607 0.7595941 0.9063859 0.7582055 0.9062486 0.7599909 0.8998245 0.7615625 0.8995651 0.7604792 0.8973831 0.7618524 0.8973221 0.7607691 0.8947433 0.7973144 0.8931411 0.7622034 0.8950027 0.7622339 0.8921034 0.7607233 0.8922255 0.762005 0.8891585 0.7603266 0.889662 0.7614557 0.8848249 0.7603266 0.8853437 0.7617914 0.8778668 0.7858549 0.8835584 0.7628137 0.878172 0.76524 0.8713817 0.7645533 0.8708019 0.7692836 0.8645304 0.7687801 0.8640268 0.774258 0.8621042 0.7738308 0.8614023 0.7807279 0.8600595 0.7800412 0.8589303 0.7863737 0.8576028 0.7871825 0.8590066 0.793164 0.8569009 0.7933623 0.8579385 0.7981994 0.8565194 0.7980468 0.8576181 0.8010529 0.8558175 0.8136721 0.8894026 0.8004883 0.8572824 0.803418 0.856733 0.8038911 0.8551003 0.8092012 0.8536049 0.8091859 0.8551003 0.8162356 0.8522927 0.8161746 0.8538491 0.8689555 0.9319143 0.840528 0.8524452 0.8407263 0.8511635 0.8689555 0.8881361 0.8689555 0.8513314 0.8689555 0.8492562 0.8971695 0.8511635 0.8973831 0.8524452 0.9216754 0.8522927 0.9217212 0.8538491 0.9287099 0.8551003 0.9287099 0.8536049 0.924239 0.8894026 0.934493 0.856733 0.9340047 0.8551003 0.9368582 0.8558175 0.9374075 0.8572824 0.939849 0.8576181 0.9396964 0.8565194 0.9445487 0.8579385 0.9447471 0.8569009 0.9507286 0.8590066 0.9515374 0.8576028 0.9405814 0.8931411 0.9571832 0.8600595 0.9578546 0.8589303 0.964065 0.8614023 0.9636378 0.8621042 0.969131 0.8640268 0.9520409 0.8835584 0.9686275 0.8645304 0.9733425 0.8708019 0.9726711 0.8713817 0.9761196 0.8778668 0.9750973 0.878172 0.9764553 0.8848249 0.9775845 0.8853437 0.9775845 0.889662 0.975906 0.8891585 0.9771878 0.8922255 0.9756771 0.8921034 0.977142 0.8947433 0.9756924 0.8950027 0.9760433 0.8973221 0.9774319 0.8973831 0.9763333 0.8995651 0.9779202 0.8998245 0.9783169 0.9063859 0.9797055 0.9062486 0.9813992 0.9258717 0.9432212 0.9305867 0.9795987 0.92607 0.9810483 0.9521935 0.9830167 0.952163 0.9837339 0.9661555 0.9441215 0.9556573 0.9459068 0.9844358 0.9814603 0.9670558 0.983917 0.9781033 0.980972 0.98233 0.9829252 0.9823148 0.5564812 0.3194934 0.5565728 0.3291523 0.5531701 0.3291829 0.5530938 0.3193713 0.5562524 0.2921187 0.5448539 0.3194476 0.5441825 0.3292592 0.5528497 0.2921187 0.5265278 0.3195392 0.5262837 0.3294117 0.5445639 0.2923324 0.4843976 0.3297627 0.5525749 0.2594186 0.5559777 0.2594796 0.5554436 0.1984589 0.544152 0.2590524 0.5244373 0.2596475 0.5520561 0.1983063 0.5550164 0.1488823 0.5422294 0.1992218 0.5516289 0.1489128 0.5514763 0.1308308 0.5548638 0.1306935 0.5548028 0.1234913 0.5259938 0.1993896 0.5406882 0.1483482 0.5401236 0.1318227 0.5514153 0.1236439 0.5547417 0.1153735 0.551339 0.1154956 0.5546654 0.1079729 0.5394217 0.1179217 0.5512779 0.1082628 0.5512169 0.1007553 0.5546044 0.1003433 0.5385214 0.1034714 0.5510796 0.08445871 0.5544671 0.08364993 0.5388571 0.08780038 0.5508965 0.06379795 0.554284 0.06236362 0.5371176 0.06887925 0.5455558 0.04602122 0.5480125 0.04419011 0.5336385 0.0513466 0.5267262 0.01948577 0.529778 0.01618981 0.5061723 0.007034421 0.520531 0.02810711 0.5045243 0.01109332 0.4877546 0.005554259 0.4870222 0.009369016 0.4737469 0.005676329 0.5000229 0.02352941 0.4726787 0.009491086 0.4582284 0.005798399 0.4826123 0.02113372 0.5052567 0.0445258 0.4899367 0.04127568 0.469398 0.02067596 0.4576486 0.009628415 0.4487373 0.005890012 0.4753033 0.03979552 0.4481727 0.009704709 0.4431067 0.005935788 0.4567025 0.02105743 0.4646525 0.039765 0.4425879 0.009750485 0.4381018 0.005981565 0.4463111 0.02188146 0.4538796 0.03991759 0.4378729 0.009796321 0.4252689 0.006088376 0.4370489 0.02243078 0.4441901 0.03978026 0.4251774 0.009903133 0.4060731 0.006256223 0.4249638 0.02235448 0.4060426 0.01007098 0.347921 0.01055926 0.3476616 0.006744504 0.4067445 0.02299535 0.2839704 0.01110858 0.2839551 0.00729382 0.2202487 0.00729382 0.3487755 0.02456701 0.2840314 0.02424657 0.2200198 0.01110858 0.1618372 0.00729382 0.2840925 0.04106206 0.2192874 0.02511632 0.161883 0.01110858 0.1427634 0.01110858 0.1426413 0.00729382 0.1612879 0.02404821 0.1300679 0.01110858 0.1297932 0.00729382 0.1430686 0.02355993 0.1253376 0.01110858 0.1248035 0.00729382 0.1309834 0.02374303 0.1197681 0.01110858 0.119173 0.00729382 0.1217365 0.02327001 0.110277 0.01110858 0.1096666 0.00729382 0.1113298 0.02253759 0.09524681 0.01110858 0.09414817 0.00729382 0.09863432 0.02226293 0.08090334 0.01110858 0.08015564 0.00729382 0.08543526 0.02284276 0.0634165 0.01298541 0.061738 0.00894177 0.06802472 0.02537572 0.04129091 0.02157629 0.03822385 0.01831084 0.0202182 0.04644847 0.04756237 0.03013659 0.02269017 0.04826427 0.0141146 0.06466776 0.0175021 0.06608683 0.0141146 0.08596933 0.03465324 0.05349815 0.0175021 0.08674753 0.0141146 0.1026627 0.03132677 0.07104599 0.06298924 0.04641795 0.05638209 0.06390476 0.02973983 0.08998245 0.0175021 0.1030442 0.0141146 0.1102922 0.05212482 0.07953 0.03022812 0.1056535 0.0175021 0.1105516 0.0175021 0.1177844 0.0141146 0.1176928 0.02943465 0.120119 0.0175021 0.1259327 0.0141146 0.1258106 0.0175021 0.1331197 0.0141146 0.1330129 0.0141146 0.1512017 0.02885481 0.13402 0.0175021 0.1512017 0.0175021 0.2005951 0.0141146 0.2007782 0.02844282 0.1505455 0.0175021 0.2617227 0.0141146 0.261799 0.02732891 0.2014191 0.0141146 0.2944381 0.04785229 0.1353323 0.0175021 0.2944075 0.0487068 0.1226978 0.0175021 0.3216602 0.0141146 0.3218127 0.0175021 0.3314717 0.0141146 0.3314717 0.02574197 0.3216754 0.02650492 0.3314717 0.02580301 0.2945601 0.04406806 0.3215991 0.04440375 0.3314717 0.08628977 0.3314717 0.02592508 0.2612802 0.04563973 0.2617075 0.08731212 0.3212634 0.1057908 0.3314717 0.04356451 0.2014649 0.08696117 0.2615091 0.04707408 0.1504692 0.08807507 0.2022583 0.08632029 0.1487755 0.1013962 0.202533 0.08688487 0.1370108 0.1026932 0.1478752 0.1055619 0.2621958 0.1192187 0.2028992 0.1065232 0.3207294 0.1210346 0.3219043 0.1217975 0.3314717 0.1396048 0.3314717 0.1213092 0.2631876 0.1406729 0.321889 0.1662623 0.3314717 0.1426566 0.2646372 0.1667048 0.3215686 0.2201724 0.3314717 0.1406729 0.2032654 0.2203403 0.3206531 0.2853437 0.3314565 0.1682002 0.2636148 0.1669947 0.2039216 0.1181659 0.147631 0.1406729 0.148394 0.1167773 0.1364309 0.103563 0.1301747 0.1240406 0.1314565 0.08688487 0.1287251 0.1149615 0.1269551 0.05004959 0.1096056 0.08824293 0.120882 0.04962234 0.09526205 0.09155414 0.1147936 0.1045548 0.1217822 0.09562829 0.1066148 0.1072099 0.1140307 0.09900054 0.1003739 0.1180285 0.1207446 0.1098344 0.1089494 0.1027085 0.09446859 0.1303578 0.1252308 0.1225605 0.1159075 0.1131151 0.1053941 0.1071183 0.08990616 0.1185016 0.1010605 0.07827878 0.0430457 0.1124895 0.08587778 0.09289692 0.04142827 0.1244221 0.1001755 0.1035325 0.0413062 0.1188067 0.0833295 0.1143206 0.04136723 0.1266346 0.08110172 0.1240101 0.04115361 0.1312276 0.09983981 0.1325094 0.04097044 0.1339132 0.0808118 0.1275959 0.1124132 0.1329366 0.1125506 0.138201 0.09974825 0.1436942 0.1242085 0.1454032 0.1132067 0.1415732 0.08065921 0.1660945 0.1484855 0.1638056 0.1230029 0.218616 0.1494621 0.2185092 0.1237202 0.1644617 0.1150835 0.2203861 0.2029908 0.2845655 0.148394 0.2205844 0.2642863 0.2848096 0.2030823 0.2853132 0.3206226 0.285069 0.264683 0.3495232 0.263737 0.3502556 0.3200885 0.3504997 0.3309224 0.3492027 0.2024415 0.4019074 0.2626078 0.4038911 0.3205463 0.4044251 0.3304494 0.4299229 0.3206531 0.4310826 0.3302205 0.427451 0.2634165 0.4495613 0.3205005 0.4488899 0.3300679 0.4648966 0.3299305 0.402594 0.2028992 0.4487984 0.2617838 0.3504845 0.1488975 0.4289159 0.2020295 0.4029908 0.1474785 0.3504234 0.1231403 0.2844587 0.121355 0.4284275 0.147158 0.2180819 0.1152819 0.2844282 0.1148546 0.2187076 0.103975 0.3507591 0.1147173 0.3500267 0.1034104 0.4043488 0.1140612 0.4051118 0.1219653 0.4252079 0.1230029 0.4233921 0.1120012 0.4047608 0.1003128 0.435874 0.1112535 0.421912 0.09803921 0.4049592 0.08284122 0.4305028 0.09849697 0.4204776 0.07943845 0.4269627 0.07943845 0.4346227 0.07951474 0.4356756 0.03967345 0.4374762 0.09851223 0.4385596 0.1239033 0.4412146 0.1110704 0.4419013 0.07975888 0.4442664 0.09880215 0.4497444 0.08191043 0.4240787 0.03920043 0.4065461 0.03833067 0.3499962 0.04045165 0.3504082 0.08558786 0.2843061 0.08831924 0.2843671 0.1034104 0.2181735 0.08615243 0.218204 0.04101628 0.163592 0.08387882 0.1616388 0.03938353 0.1639429 0.1013352 0.1441062 0.04040587 0.1480583 0.08061343 0.1467765 0.09921414 0.5559167 0.8916152 0.7323567 0.891722 0.7323567 0.9235218 0.5559167 0.9234149 0.3827115 0.8916914 0.3827115 0.9235065 0.5559167 0.9256886 0.7323567 0.9257954 0.3827115 0.9257801 0.7323567 0.9383078 0.5559167 0.938201 0.3827115 0.9383078 0.5559167 0.9404898 0.7323567 0.9405966 0.3827115 0.9405814 0.7323567 0.9723812 0.3827115 0.9723964 0.5559167 0.9722896 0.5559167 0.9745632 0.7323567 0.9746548 0.3827115 0.9746701 0.7323567 0.9871824 0.5559167 0.9870756 0.3827115 0.9871977 0.5559167 0.9893644 0.7323567 0.989456 0.3827115 0.9894713 0.3691615 0.9871977 0.3691615 0.9894865 0.1959564 0.9893644 0.1959564 0.9870756 0.01951629 0.989456 0.01951629 0.9871824 0.1959564 0.9745632 0.3691615 0.9746853 0.01951629 0.9746548 0.3691615 0.9723964 0.1959564 0.9722744 0.01951629 0.9723812 0.1959564 0.9404898 0.3691615 0.9405814 0.01951629 0.9405966 0.3691615 0.9383078 0.01951629 0.9383078 0.1959564 0.9382162 0.01951629 0.9257954 0.1959564 0.9256886 0.3691615 0.9257801 0.3691615 0.9235065 0.1959564 0.9234149 0.01951629 0.9235218 0.1959564 0.8916152 0.3691615 0.8916914 0.01951629 0.891722 0.4560769 0.08441293 0.4502022 0.09964144 0.4614786 0.08839554 0.4462653 0.1145189 0.4556191 0.1039292 0.4659495 0.0929122 0.4589456 0.1074388 0.4508431 0.1193256 0.4697032 0.09878689 0.4449226 0.1300831 0.4616007 0.1125048 0.4539559 0.1255054 0.4522316 0.1349966 0.4509346 0.1461967 0.4653849 0.1286336 0.45037 0.2014649 0.4664073 0.1463187 0.4645151 0.2606546 0.4681773 0.2009613 0.4640726 0.3191882 0.4832837 0.3195697 0.4831159 0.2598001 0.4814832 0.2005798 0.4827954 0.1470665 0.5220569 0.1484398 0.4821241 0.135317 0.5211414 0.1333028 0.52018 0.1206684 0.4820478 0.1270314 0.5187305 0.1075914 0.5190204 0.09324789 0.4806439 0.1192035 0.464332 0.1202411 0.4772717 0.1131456 0.5163958 0.07754636 0.4731212 0.1049973 0.5120012 0.06195164 0.02935836 0.7603723 0.03080796 0.7431144 0.0365301 0.7606623 0.03099107 0.7729 0.07388418 0.7455863 0.03665217 0.7731899 0.03198291 0.7745327 0.03677424 0.774731 0.04715038 0.773373 0.04721141 0.7748531 0.07132067 0.7621729 0.0701915 0.7739986 0.07009995 0.7753872 0.07869077 0.7756313 0.0767071 0.7618067 0.07948425 0.7458763 0.07878233 0.7743648 0.0833753 0.7754787 0.08081178 0.7615473 0.08334478 0.7741665 0.09105058 0.7740597 0.09135576 0.7753719 0.104387 0.7748836 0.1044785 0.7762722 0.1680171 0.7585565 0.1680171 0.7433127 0.1333791 0.7752498 0.1333944 0.7766232 0.2565499 0.7458763 0.1680171 0.7721523 0.1680171 0.7735256 0.2026551 0.7766232 0.2026703 0.7752498 0.2315557 0.7762722 0.2316472 0.7748836 0.2446784 0.7753719 0.2552224 0.7615473 0.2449836 0.7740597 0.2526589 0.7754787 0.2526894 0.7741665 0.2593271 0.7618067 0.2572671 0.7743648 0.2573434 0.7756313 0.26215 0.7455863 0.2658427 0.7739986 0.2659342 0.7753872 0.2888228 0.7748531 0.2647135 0.7621729 0.2888838 0.773373 0.2992752 0.774731 0.2995041 0.7606623 0.3052262 0.7431144 0.3066758 0.7603723 0.3050584 0.7729 0.299382 0.7731899 0.3040513 0.7745327 0.03823911 0.8005798 0.03692683 0.8055543 0.033402 0.8005951 0.03317311 0.8284123 0.0420386 0.8053712 0.0421149 0.800412 0.03637751 0.8279698 0.03852903 0.8489662 0.04168765 0.8275578 0.05163653 0.8049439 0.05191119 0.7998016 0.0518349 0.8271916 0.04489204 0.846128 0.04159609 0.8496224 0.04191653 0.8525521 0.05308614 0.8469062 0.0442359 0.8521096 0.0520943 0.8563821 0.04466316 0.8491188 0.05273518 0.8548715 0.07190051 0.8578012 0.05284199 0.8511025 0.05285725 0.8541238 0.07199206 0.8562905 0.07194629 0.8550546 0.07182422 0.8516213 0.1151598 0.8564278 0.1152361 0.857908 0.1150835 0.8549935 0.1356069 0.8568704 0.1357137 0.858381 0.1355001 0.8555276 0.1487755 0.8594186 0.1477836 0.861326 0.1668879 0.8652171 0.1501946 0.8565041 0.1681697 0.8623636 0.1949493 0.8689555 0.1358511 0.8514687 0.195407 0.8663462 0.2505684 0.8680247 0.1708705 0.856733 0.1524224 0.8516976 0.1967498 0.8590372 0.1734188 0.8513771 0.2499886 0.8660563 0.3139239 0.8671855 0.3139239 0.8693064 0.3772793 0.8680247 0.2502327 0.8594339 0.3139239 0.8603799 0.3778591 0.8660563 0.4324407 0.8663462 0.4328832 0.8689555 0.3775997 0.8594339 0.459678 0.8623636 0.4609598 0.8652171 0.4310826 0.8590372 0.4569772 0.856733 0.479057 0.8594186 0.4800488 0.861326 0.492134 0.858381 0.4776532 0.8565041 0.4922408 0.8568704 0.5126116 0.857908 0.5126879 0.8564278 0.5559319 0.8578012 0.4923323 0.8555276 0.4754253 0.8516976 0.5558404 0.8562905 0.4919966 0.8514687 0.5127489 0.8549935 0.5751125 0.8548715 0.5757381 0.8563821 0.5559014 0.8550546 0.5836118 0.8521096 0.5859312 0.8525521 0.5749752 0.8541238 0.5560082 0.8516213 0.5862364 0.8496224 0.5893034 0.8489662 0.5749905 0.8511025 0.5831845 0.8491188 0.5914702 0.8279698 0.5946746 0.8284123 0.5829557 0.846128 0.5747463 0.8469062 0.5909209 0.8055543 0.5944304 0.8005951 0.5895934 0.8005798 0.5861601 0.8275578 0.5858091 0.8053712 0.5857328 0.800412 0.5759975 0.8271916 0.576196 0.8049439 0.5759365 0.7998016 0.556817 0.8265965 0.5569848 0.804654 0.5564507 0.7991607 0.5562829 0.8470588 0.5129167 0.8043183 0.5112993 0.7985198 0.5133592 0.8266881 0.4909895 0.8047913 0.4925002 0.797879 0.4742809 0.7992523 0.4919356 0.8254673 0.4738995 0.8058594 0.4552529 0.7995422 0.4732433 0.8256046 0.4931258 0.8466316 0.4536507 0.8053864 0.4285038 0.799176 0.4525826 0.8259099 0.4285496 0.8047608 0.3765927 0.7997101 0.4262913 0.825742 0.3766079 0.8054322 0.3139239 0.8057221 0.3139239 0.7988098 0.2512551 0.7997101 0.3768215 0.8270543 0.3139239 0.8270237 0.2512245 0.8054322 0.1992981 0.8047608 0.1993286 0.799176 0.2510109 0.8270543 0.1741817 0.8053864 0.1725795 0.7995422 0.2015412 0.825742 0.1539483 0.8058594 0.1535515 0.7992523 0.1752651 0.8259099 0.1368582 0.8047913 0.1353323 0.797879 0.1165484 0.7985198 0.1546044 0.8256046 0.114931 0.8043183 0.0713817 0.7991607 0.1358968 0.8254673 0.0708629 0.804654 0.1144884 0.8266881 0.07103074 0.8265965 0.07156482 0.8470588 0.1148241 0.8467994 0.1149615 0.8514382 0.1347219 0.8466316 0.1526513 0.8464027 0.1742733 0.8455329 0.2029908 0.8449073 0.2011139 0.8516213 0.2506447 0.8456855 0.2504768 0.8521706 0.3139239 0.8462806 0.3139239 0.8527504 0.3771878 0.8456855 0.3773556 0.8521706 0.424857 0.8449073 0.4267185 0.8516213 0.4535744 0.8455329 0.4544289 0.8513771 0.4751965 0.8464027 0.5128862 0.8514382 0.5130236 0.8467994 0.3350424 0.4862897 0.3484245 0.4801099 0.3361868 0.4918288 0.3105974 0.4929122 0.3391775 0.472221 0.3492332 0.4526589 0.3111009 0.4824293 0.3419547 0.4505226 0.3492332 0.4306248 0.3292897 0.4791028 0.3313649 0.464744 0.3241321 0.470695 0.3111314 0.4777752 0.2888991 0.4844739 0.2888685 0.4929122 0.2645151 0.4929122 0.2889601 0.4784924 0.2647135 0.4852674 0.2398871 0.4853895 0.2393072 0.4929122 0.2643778 0.4786908 0.2888685 0.4716716 0.3110704 0.4724041 0.2875257 0.4550698 0.311574 0.4503242 0.2641794 0.4699626 0.3349966 0.4456092 0.2382391 0.4704356 0.3421225 0.430457 0.2385443 0.4781262 0.3414359 0.405829 0.3492332 0.4057832 0.3328603 0.4296788 0.3412528 0.3842984 0.3492332 0.377554 0.33402 0.4058747 0.3333639 0.3897612 0.3137408 0.4289616 0.3124285 0.4030365 0.2900435 0.4276951 0.3264057 0.3833066 0.2644999 0.4552377 0.3329061 0.3753262 0.3413291 0.3679713 0.3151751 0.3628748 0.3153887 0.3720607 0.3152361 0.3821317 0.2927291 0.3712062 0.2922866 0.3628748 0.2676432 0.3628748 0.2925155 0.3804227 0.290425 0.3989929 0.2674296 0.3701991 0.2429999 0.3628748 0.2657206 0.4257725 0.2421759 0.3706569 0.2201266 0.3628748 0.2670787 0.3786984 0.2187839 0.3713741 0.1924773 0.3625849 0.2418555 0.3795834 0.2662699 0.3975586 0.1986877 0.3716792 0.1829862 0.3711147 0.2425879 0.425391 0.1918517 0.3803311 0.1819333 0.4000763 0.2063477 0.378912 0.1896849 0.4016785 0.1819333 0.4261234 0.2001373 0.3882353 0.2149844 0.3804227 0.2191806 0.4009308 0.2417029 0.3986114 0.197528 0.4027619 0.2184329 0.4254521 0.1896239 0.4262455 0.1981231 0.4257877 0.1902342 0.4458228 0.1819333 0.4456702 0.1985809 0.4444343 0.1914702 0.467216 0.181323 0.4777294 0.2003967 0.4587319 0.2194553 0.4471656 0.2073854 0.4671245 0.2006561 0.4761578 0.2409094 0.452491 0.218967 0.4705729 0.2171817 0.4775769 0.1926757 0.4864729 0.1912108 0.4914321 0.2151522 0.4929122 0.2152132 0.4858625 0.4881819 0.6369116 0.5161517 0.6305791 0.5152972 0.641413 0.5380789 0.641413 0.4923781 0.6276493 0.476112 0.6261692 0.5379721 0.6305639 0.561532 0.641413 0.5395895 0.607599 0.5616388 0.6306859 0.5852751 0.641413 0.5616846 0.6082857 0.5851682 0.6294957 0.6073396 0.6288548 0.6089265 0.641413 0.5838102 0.6072023 0.6298161 0.6263371 0.6366522 0.6353704 0.6251926 0.6138094 0.6381628 0.6208286 0.6480354 0.6250401 0.6501564 0.5969787 0.61561 0.6028992 0.6394293 0.5942626 0.6501564 0.5706569 0.6290532 0.5902342 0.6395514 0.5696803 0.6501564 0.5464103 0.6179446 0.5689784 0.6294346 0.5691463 0.6398566 0.54757 0.6489662 0.517998 0.629694 0.5508965 0.6400855 0.5224231 0.6382543 0.5081712 0.6277714 0.5281605 0.6323797 0.5161517 0.6170901 0.5142138 0.6137026 0.5036698 0.6177462 0.5354543 0.5905547 0.5146105 0.5906004 0.5036698 0.5853666 0.5285726 0.561944 0.5114672 0.5617304 0.5036698 0.5361868 0.5036698 0.5832303 0.5676357 0.5619135 0.5680171 0.5619745 0.526482 0.5357748 0.5114977 0.5066606 0.5036698 0.5385519 0.5278096 0.507393 0.5142596 0.5406729 0.5687038 0.4930342 0.5142443 0.48748 0.5065538 0.5022965 0.5457389 0.4841535 0.5226673 0.4780194 0.5169756 0.4877089 0.5466239 0.4760205 0.5452201 0.5065385 0.5690395 0.4869459 0.5696803 0.4760205 0.5707332 0.5085984 0.6034943 0.4899062 0.5976654 0.4760205 0.599054 0.4863813 0.6205844 0.005447471 0.4835279 0.02174411 0.4852064 0.01240558 0.4924544 0.04034485 0.49691 0.02243076 0.4672465 0.004928664 0.4512398 0.03866636 0.4873274 0.0218967 0.4466773 0.004928664 0.4268864 0.0290074 0.4750134 0.03971924 0.4560464 0.0206302 0.4276188 0.03848325 0.4749676 0.03959716 0.4261387 0.06317235 0.4585031 0.02160678 0.4112917 0.004928664 0.4037384 0.02253758 0.3931182 0.004928664 0.3779202 0.04335088 0.4025025 0.02850385 0.3835202 0.0147097 0.3714656 0.0399939 0.3784085 0.03428702 0.3649347 0.05847257 0.3649347 0.06439307 0.4254826 0.06396582 0.3964751 0.0608072 0.3775693 0.08690013 0.3649347 0.08732738 0.3773709 0.1125353 0.3649347 0.08709849 0.3961852 0.1116045 0.3785458 0.1319905 0.3804532 0.1437552 0.3649347 0.1586175 0.3699245 0.1110094 0.3980774 0.0870222 0.4277256 0.1437247 0.3884794 0.169894 0.3771573 0.1333333 0.4028077 0.151812 0.393988 0.169894 0.4041504 0.1508812 0.4113985 0.169894 0.427039 0.1102922 0.4290837 0.1343557 0.4292668 0.1508812 0.4285191 0.1510338 0.4481117 0.169894 0.4547799 0.130251 0.4578622 0.1516442 0.4675059 0.1701839 0.4849012 0.08685435 0.4591287 0.1538872 0.4862134 0.1606622 0.4950637 0.1333791 0.49691 0.144152 0.4748913 0.1321431 0.4877699 0.1100938 0.49691 0.1308003 0.4767071 0.1100328 0.4867018 0.08639658 0.49691 0.1092393 0.4759289 0.08619822 0.4867018 0.06288243 0.49691 0.1090257 0.4593118 0.08664072 0.4758679 0.06247044 0.4867018 0.06254673 0.4744335 0.5434958 0.3978943 0.5434958 0.423682 0.5335928 0.4223697 0.5434958 0.4416724 0.5338064 0.3969177 0.5395285 0.3675288 0.5336538 0.4425269 0.5318227 0.3715114 0.5344625 0.4702067 0.5445334 0.4732586 0.5309682 0.4850996 0.5180286 0.4237735 0.516289 0.4417029 0.5281605 0.480766 0.5046311 0.4876783 0.5150378 0.4566415 0.5059282 0.4802319 0.4818494 0.4787824 0.4801404 0.4876783 0.4795758 0.4604105 0.4787213 0.4400855 0.4556496 0.4620889 0.4559701 0.4800183 0.4554665 0.4876783 0.4308843 0.4876783 0.4550393 0.4238957 0.4312963 0.4794232 0.4332647 0.4616922 0.4088502 0.4790723 0.4081788 0.4876783 0.3845121 0.4809033 0.381445 0.4860303 0.3994202 0.4566873 0.3766842 0.4721141 0.3668116 0.4750439 0.3672999 0.4487678 0.3755245 0.447303 0.3672999 0.4272221 0.4319524 0.4234073 0.3973449 0.4246891 0.3772793 0.4263218 0.3672999 0.4017548 0.3762875 0.400412 0.3682612 0.3700313 0.399237 0.3882505 0.3765011 0.3736019 0.3786374 0.3575189 0.3833829 0.3652858 0.4065461 0.35729 0.4071107 0.3654994 0.4298161 0.379736 0.4291753 0.3644312 0.4292363 0.35729 0.4539101 0.3790494 0.4540169 0.3642634 0.454078 0.35729 0.4777752 0.3642176 0.478706 0.35729 0.5018082 0.35729 0.4783093 0.3797513 0.5063707 0.3648127 0.5287403 0.3586023 0.478172 0.4011597 0.5165942 0.3810483 0.5264668 0.3648432 0.5211871 0.3988403 0.4767987 0.4234684</float_array>
          <technique_common>
            <accessor source="#ComforterA_low__mReBody-texcoord-array" count="1416" stride="2">
              <param name="S" type="float" />
              <param name="T" type="float" />
            </accessor>
          </technique_common>
        </source>
        <vertices id="ComforterA_low__mReBody-vertex">
          <input semantic="POSITION" source="#ComforterA_low__mReBody-position" />
        </vertices>
        <triangles material="mReBody" count="2080">
          <input semantic="VERTEX" source="#ComforterA_low__mReBody-vertex" offset="0" />
          <input semantic="NORMAL" source="#ComforterA_low__mReBody-normal" offset="1" />
          <input semantic="TEXCOORD" source="#ComforterA_low__mReBody-texcoord" offset="2" set="0" />
          <p>0 0 0 1 1 1 2 2 2 3 3 3 0 0 0 2 2 2 3 3 3 2 2 2 4 4 4 5 5 5 3 3 3 4 4 4 5 5 5 4 4 4 6 6 6 7 7 7 5 5 5 6 6 6 7 7 7 6 6 6 8 8 8 9 9 9 7 7 7 8 8 8 10 10 10 9 9 9 8 8 8 11 11 11 10 10 10 8 8 8 12 12 12 13 13 13 14 14 14 15 15 15 12 12 12 14 14 14 15 15 15 14 14 14 16 16 16 17 17 17 15 15 15 16 16 16 17 17 17 16 16 16 18 18 18 19 19 19 17 17 17 18 18 18 19 19 19 18 18 18 20 20 20 21 21 21 19 19 19 20 20 20 21 21 21 20 20 20 22 22 22 23 23 23 21 21 21 22 22 22 23 23 23 22 22 22 24 24 24 25 25 25 23 23 23 24 24 24 25 25 25 24 24 24 26 26 26 27 27 27 25 25 25 26 26 26 27 27 27 26 26 26 28 28 28 29 29 29 27 27 27 28 28 28 30 30 30 31 31 31 32 32 32 33 33 33 30 30 30 32 32 32 33 33 33 32 32 32 34 34 34 35 35 35 33 33 33 34 34 34 35 35 35 34 34 34 36 36 36 37 37 37 35 35 35 36 36 36 37 37 37 36 36 36 38 38 38 39 39 39 37 37 37 38 38 38 40 40 40 41 41 41 42 42 42 41 41 41 43 43 43 42 42 42 43 43 43 44 44 44 42 42 42 43 43 43 45 45 45 44 44 44 45 45 45 46 46 46 47 47 47 45 45 45 47 47 47 44 44 44 48 48 48 49 49 49 47 47 47 49 49 49 50 50 50 47 47 47 44 44 44 47 47 47 50 50 50 43 43 43 51 51 51 45 45 45 51 51 51 43 43 43 52 52 52 53 53 53 51 51 51 52 52 52 51 51 51 54 54 54 45 45 45 45 45 45 54 54 54 55 55 55 56 56 56 55 55 55 57 57 57 55 55 55 58 58 58 57 57 57 54 54 54 58 58 58 55 55 55 59 59 59 60 60 60 54 54 54 59 59 59 54 54 54 51 51 51 61 61 61 59 59 59 51 51 51 61 61 61 51 51 51 62 62 62 51 51 51 63 63 63 62 62 62 63 63 63 64 64 64 62 62 62 59 59 59 61 61 61 65 65 65 61 61 61 66 66 66 65 65 65 67 67 67 68 68 68 66 66 66 68 68 68 69 69 69 66 66 66 66 66 66 69 69 69 65 65 65 70 70 70 59 59 59 65 65 65 59 59 59 70 70 70 71 71 71 70 70 70 72 72 72 71 71 71 73 73 73 70 70 70 65 65 65 74 74 74 70 70 70 73 73 73 75 75 75 73 73 73 65 65 65 75 75 75 65 65 65 76 76 76 77 77 77 75 75 75 76 76 76 78 78 78 77 77 77 76 76 76 79 79 79 80 80 80 50 50 50 81 81 81 82 82 82 80 80 80 82 82 82 83 83 83 80 80 80 83 83 83 84 84 84 80 80 80 84 84 84 85 85 85 86 86 86 87 87 87 84 84 84 86 86 86 84 84 84 87 87 87 80 80 80 50 50 50 80 80 80 87 87 87 88 88 88 50 50 50 87 87 87 88 88 88 44 44 44 50 50 50 88 88 88 87 87 87 89 89 89 87 87 87 90 90 90 89 89 89 90 90 90 91 91 91 89 89 89 44 44 44 88 88 88 92 92 92 93 93 93 44 44 44 92 92 92 93 93 93 92 92 92 94 94 94 92 92 92 95 95 95 94 94 94 96 96 96 97 97 97 94 94 94 98 98 98 96 96 96 94 94 94 98 98 98 94 94 94 95 95 95 99 99 99 98 98 98 95 95 95 100 100 100 99 99 99 95 95 95 101 101 101 100 100 100 95 95 95 102 102 102 103 103 103 104 104 104 103 103 103 105 105 105 104 104 104 105 105 105 106 106 106 104 104 104 105 105 105 107 107 107 108 108 108 109 109 109 105 105 105 108 108 108 110 110 110 105 105 105 109 109 109 111 111 111 110 110 110 109 109 109 105 105 105 110 110 110 106 106 106 110 110 110 112 112 112 106 106 106 112 112 112 113 113 113 106 106 106 113 113 113 114 114 114 106 106 106 114 114 114 115 115 115 106 106 106 115 115 115 116 116 116 106 106 106 116 116 116 115 115 115 117 117 117 115 115 115 118 118 118 117 117 117 114 114 114 113 113 113 119 119 119 113 113 113 120 120 120 119 119 119 114 114 114 119 119 119 121 121 121 119 119 119 120 120 120 122 122 122 123 123 123 124 124 124 121 121 121 119 119 119 123 123 123 121 121 121 125 125 125 119 119 119 126 126 126 119 119 119 127 127 127 126 126 126 127 127 127 119 119 119 122 122 122 127 127 127 122 122 122 128 128 128 122 122 122 129 129 129 128 128 128 129 129 129 130 130 130 128 128 128 127 127 127 128 128 128 131 131 131 132 132 132 127 127 127 131 131 131 133 133 133 132 132 132 131 131 131 130 130 130 134 134 134 128 128 128 135 135 135 131 131 131 128 128 128 134 134 134 135 135 135 128 128 128 136 136 136 131 131 131 135 135 135 134 134 134 130 130 130 137 137 137 130 130 130 138 138 138 137 137 137 134 134 134 137 137 137 135 135 135 137 137 137 139 139 139 135 135 135 139 139 139 140 140 140 135 135 135 141 141 141 136 136 136 135 135 135 142 142 142 143 143 143 136 136 136 144 144 144 142 142 142 136 136 136 136 136 136 141 141 141 144 144 144 141 141 141 145 145 145 144 144 144 146 146 146 145 145 145 141 141 141 147 147 147 146 146 146 141 141 141 148 148 148 149 149 149 150 150 150 151 151 151 148 148 148 150 150 150 150 150 150 152 152 152 151 151 151 152 152 152 153 153 153 151 151 151 154 154 154 155 155 155 156 156 156 157 157 157 154 154 154 156 156 156 157 157 157 156 156 156 158 158 158 159 159 159 157 157 157 158 158 158 159 159 159 158 158 158 160 160 160 161 161 161 159 159 159 160 160 160 161 161 161 160 160 160 162 162 162 163 163 163 161 161 161 162 162 162 164 164 164 163 163 163 162 162 162 165 165 165 164 164 164 162 162 162 166 166 166 167 167 167 168 168 168 169 169 169 166 166 166 168 168 168 169 169 169 168 168 168 170 170 170 171 171 171 169 169 169 170 170 170 172 172 172 173 173 173 174 174 174 175 175 175 172 172 172 174 174 174 172 172 172 175 175 175 176 176 176 175 175 175 177 177 177 176 176 176 176 176 176 177 177 177 178 178 178 177 177 177 179 179 179 178 178 178 178 178 178 179 179 179 180 180 180 179 179 179 181 181 181 180 180 180 182 182 182 183 183 183 184 184 184 184 184 184 183 183 183 185 185 185 183 183 183 186 186 186 185 185 185 185 185 185 186 186 186 187 187 187 187 187 187 188 188 188 189 189 189 186 186 186 188 188 188 187 187 187 190 190 190 188 188 188 191 191 191 188 188 188 192 192 192 191 191 191 192 192 192 188 188 188 186 186 186 185 185 185 187 187 187 193 193 193 185 185 185 193 193 193 194 194 194 193 193 193 195 195 195 194 194 194 187 187 187 196 196 196 193 193 193 187 187 187 197 197 197 196 196 196 198 198 198 199 199 199 197 197 197 199 199 199 200 200 200 197 197 197 197 197 197 200 200 200 196 196 196 201 201 201 196 196 196 202 202 202 193 193 193 196 196 196 201 201 201 203 203 203 193 193 193 201 201 201 193 193 193 203 203 203 204 204 204 205 205 205 193 193 193 204 204 204 205 205 205 204 204 204 206 206 206 207 207 207 203 203 203 201 201 201 208 208 208 203 203 203 207 207 207 209 209 209 208 208 208 210 210 210 208 208 208 211 211 211 210 210 210 211 211 211 208 208 208 207 207 207 212 212 212 207 207 207 201 201 201 201 201 201 213 213 213 212 212 212 213 213 213 214 214 214 212 212 212 207 207 207 212 212 212 215 215 215 216 216 216 215 215 215 212 212 212 217 217 217 207 207 207 215 215 215 218 218 218 207 207 207 217 217 217 219 219 219 218 218 218 217 217 217 220 220 220 218 218 218 219 219 219 221 221 221 192 192 192 222 222 222 223 223 223 222 222 222 224 224 224 222 222 222 225 225 225 224 224 224 226 226 226 225 225 225 222 222 222 227 227 227 228 228 228 226 226 226 229 229 229 227 227 227 226 226 226 229 229 229 226 226 226 222 222 222 229 229 229 222 222 222 192 192 192 230 230 230 229 229 229 192 192 192 230 230 230 192 192 192 186 186 186 229 229 229 230 230 230 231 231 231 232 232 232 229 229 229 231 231 231 232 232 232 231 231 231 233 233 233 230 230 230 186 186 186 234 234 234 186 186 186 235 235 235 234 234 234 235 235 235 236 236 236 234 234 234 236 236 236 237 237 237 234 234 234 238 238 238 239 239 239 236 236 236 239 239 239 240 240 240 236 236 236 237 237 237 236 236 236 240 240 240 241 241 241 237 237 237 240 240 240 237 237 237 241 241 241 242 242 242 243 243 243 237 237 237 242 242 242 244 244 244 245 245 245 246 246 246 246 246 246 245 245 245 247 247 247 245 245 245 248 248 248 247 247 247 249 249 249 250 250 250 247 247 247 251 251 251 249 249 249 247 247 247 251 251 251 247 247 247 252 252 252 253 253 253 251 251 251 252 252 252 247 247 247 248 248 248 252 252 252 248 248 248 254 254 254 252 252 252 254 254 254 248 248 248 255 255 255 248 248 248 256 256 256 255 255 255 257 257 257 256 256 256 248 248 248 258 258 258 257 257 257 248 248 248 258 258 258 259 259 259 257 257 257 259 259 259 260 260 260 257 257 257 256 256 256 261 261 261 255 255 255 261 261 261 262 262 262 255 255 255 261 261 261 256 256 256 263 263 263 264 264 264 262 262 262 261 261 261 265 265 265 263 263 263 266 266 266 265 265 265 261 261 261 263 263 263 261 261 261 267 267 267 268 268 268 269 269 269 261 261 261 268 268 268 269 269 269 264 264 264 261 261 261 269 269 269 270 270 270 264 264 264 270 270 270 271 271 271 264 264 264 271 271 271 270 270 270 272 272 272 273 273 273 270 270 270 269 269 269 274 274 274 273 273 273 269 269 269 275 275 275 273 273 273 274 274 274 270 270 270 276 276 276 272 272 272 273 273 273 277 277 277 270 270 270 277 277 277 276 276 276 270 270 270 277 277 277 273 273 273 278 278 278 276 276 276 279 279 279 272 272 272 279 279 279 276 276 276 277 277 277 279 279 279 280 280 280 272 272 272 281 281 281 279 279 279 277 277 277 281 281 281 277 277 277 282 282 282 283 283 283 277 277 277 278 278 278 284 284 284 285 285 285 278 278 278 285 285 285 286 286 286 278 278 278 278 278 278 286 286 286 283 283 283 286 286 286 287 287 287 283 283 283 283 283 283 287 287 287 288 288 288 289 289 289 283 283 283 288 288 288 290 290 290 291 291 291 292 292 292 291 291 291 293 293 293 292 292 292 293 293 293 291 291 291 294 294 294 295 295 295 294 294 294 291 291 291 296 296 296 293 293 293 294 294 294 293 293 293 296 296 296 297 297 297 298 298 298 299 299 299 297 297 297 300 300 300 298 298 298 297 297 297 296 296 296 294 294 294 301 301 301 297 297 297 296 296 296 302 302 302 296 296 296 301 301 301 302 302 302 297 297 297 302 302 302 303 303 303 300 300 300 297 297 297 303 303 303 303 303 303 302 302 302 304 304 304 305 305 305 303 303 303 304 304 304 301 301 301 306 306 306 302 302 302 300 300 300 303 303 303 307 307 307 303 303 303 308 308 308 307 307 307 306 306 306 301 301 301 309 309 309 310 310 310 306 306 306 309 309 309 311 311 311 310 310 310 309 309 309 301 301 301 312 312 312 309 309 309 294 294 294 312 312 312 301 301 301 294 294 294 295 295 295 312 312 312 313 313 313 309 309 309 312 312 312 295 295 295 313 313 313 312 312 312 314 314 314 315 315 315 313 313 313 316 316 316 314 314 314 313 313 313 295 295 295 317 317 317 313 313 313 317 317 317 316 316 316 313 313 313 317 317 317 295 295 295 318 318 318 319 319 319 317 317 317 318 318 318 320 320 320 321 321 321 316 316 316 322 322 322 320 320 320 316 316 316 317 317 317 322 322 322 316 316 316 323 323 323 322 322 322 317 317 317 308 308 308 324 324 324 325 325 325 307 307 307 308 308 308 325 325 325 326 326 326 307 307 307 325 325 325 326 326 326 300 300 300 307 307 307 327 327 327 326 326 326 325 325 325 300 300 300 326 326 326 328 328 328 327 327 327 329 329 329 326 326 326 329 329 329 328 328 328 326 326 326 330 330 330 331 331 331 332 332 332 333 333 333 330 330 330 332 332 332 333 333 333 332 332 332 334 334 334 332 332 332 335 335 335 334 334 334 335 335 335 336 336 336 334 334 334 336 336 336 335 335 335 337 337 337 336 336 336 338 338 338 334 334 334 338 338 338 339 339 339 334 334 334 340 340 340 341 341 341 337 337 337 342 342 342 339 339 339 343 343 343 341 341 341 344 344 344 337 337 337 344 344 344 341 341 341 345 345 345 346 346 346 344 344 344 345 345 345 344 344 344 346 346 346 347 347 347 337 337 337 344 344 344 348 348 348 336 336 336 337 337 337 348 348 348 349 349 349 344 344 344 347 347 347 344 344 344 349 349 349 348 348 348 347 347 347 350 350 350 349 349 349 350 350 350 351 351 351 349 349 349 349 349 349 351 351 351 352 352 352 348 348 348 349 349 349 352 352 352 348 348 348 352 352 352 353 353 353 336 336 336 348 348 348 353 353 353 338 338 338 336 336 336 353 353 353 354 354 354 338 338 338 353 353 353 355 355 355 338 338 338 354 354 354 338 338 338 355 355 355 339 339 339 356 356 356 355 355 355 354 354 354 339 339 339 355 355 355 357 357 357 339 339 339 357 357 357 343 343 343 358 358 358 343 343 343 357 357 357 359 359 359 358 358 358 357 357 357 360 360 360 359 359 359 357 357 357 361 361 361 355 355 355 356 356 356 355 355 355 361 361 361 357 357 357 361 361 361 360 360 360 357 357 357 362 362 362 361 361 361 356 356 356 363 363 363 360 360 360 361 361 361 362 362 362 363 363 363 361 361 361 364 364 364 365 365 365 366 366 366 365 365 365 367 367 367 366 366 366 367 367 367 368 368 368 366 366 366 368 368 368 369 369 369 366 366 366 369 369 369 368 368 368 370 370 370 368 368 368 371 371 371 370 370 370 371 371 371 372 372 372 370 370 370 372 372 372 373 373 373 370 370 370 373 373 373 372 372 372 374 374 374 372 372 372 375 375 375 374 374 374 375 375 375 376 376 376 374 374 374 376 376 376 377 377 377 374 374 374 377 377 377 376 376 376 378 378 378 376 376 376 379 379 379 378 378 378 378 378 378 379 379 379 380 380 380 381 381 381 378 378 378 380 380 380 382 382 382 383 383 383 384 384 384 385 385 385 383 383 383 382 382 382 382 382 382 386 386 386 385 385 385 383 383 383 385 385 385 387 387 387 386 386 386 388 388 388 385 385 385 389 389 389 388 388 388 386 386 386 385 385 385 390 390 390 387 387 387 385 385 385 388 388 388 390 390 390 390 390 390 391 391 391 387 387 387 389 389 389 392 392 392 388 388 388 390 390 390 393 393 393 391 391 391 393 393 393 394 394 394 391 391 391 395 395 395 394 394 394 393 393 393 390 390 390 388 388 388 396 396 396 393 393 393 390 390 390 396 396 396 392 392 392 397 397 397 388 388 388 388 388 388 397 397 397 396 396 396 398 398 398 397 397 397 392 392 392 397 397 397 398 398 398 396 396 396 399 399 399 398 398 398 392 392 392 398 398 398 399 399 399 400 400 400 401 401 401 398 398 398 400 400 400 401 401 401 400 400 400 402 402 402 403 403 403 401 401 401 402 402 402 403 403 403 402 402 402 404 404 404 398 398 398 401 401 401 405 405 405 401 401 401 403 403 403 405 405 405 405 405 405 396 396 396 398 398 398 406 406 406 403 403 403 404 404 404 403 403 403 406 406 406 405 405 405 406 406 406 404 404 404 407 407 407 405 405 405 406 406 406 407 407 407 404 404 404 408 408 408 407 407 407 407 407 407 408 408 408 409 409 409 405 405 405 407 407 407 409 409 409 408 408 408 410 410 410 409 409 409 411 411 411 409 409 409 410 410 410 412 412 412 411 411 411 410 410 410 411 411 411 412 412 412 413 413 413 409 409 409 411 411 411 414 414 414 409 409 409 414 414 414 405 405 405 415 415 415 411 411 411 413 413 413 414 414 414 411 411 411 415 415 415 415 415 415 413 413 413 416 416 416 415 415 415 416 416 416 414 414 414 413 413 413 417 417 417 416 416 416 418 418 418 416 416 416 417 417 417 416 416 416 418 418 418 414 414 414 419 419 419 418 418 418 417 417 417 418 418 418 419 419 419 420 420 420 414 414 414 418 418 418 420 420 420 419 419 419 421 421 421 420 420 420 420 420 420 422 422 422 414 414 414 420 420 420 421 421 421 422 422 422 405 405 405 414 414 414 422 422 422 421 421 421 423 423 423 422 422 422 422 422 422 423 423 423 424 424 424 425 425 425 422 422 422 424 424 424 405 405 405 422 422 422 425 425 425 424 424 424 426 426 426 425 425 425 426 426 426 427 427 427 425 425 425 425 425 425 427 427 427 405 405 405 427 427 427 426 426 426 428 428 428 429 429 429 427 427 427 428 428 428 429 429 429 428 428 428 430 430 430 431 431 431 405 405 405 427 427 427 431 431 431 427 427 427 429 429 429 396 396 396 405 405 405 431 431 431 432 432 432 429 429 429 430 430 430 431 431 431 429 429 429 432 432 432 432 432 432 430 430 430 433 433 433 431 431 431 432 432 432 433 433 433 430 430 430 434 434 434 433 433 433 433 433 433 434 434 434 435 435 435 436 436 436 433 433 433 435 435 435 436 436 436 431 431 431 433 433 433 436 436 436 435 435 435 437 437 437 431 431 431 436 436 436 438 438 438 438 438 438 436 436 436 437 437 437 439 439 439 396 396 396 431 431 431 439 439 439 393 393 393 396 396 396 438 438 438 437 437 437 440 440 440 437 437 437 441 441 441 440 440 440 442 442 442 431 431 431 438 438 438 438 438 438 440 440 440 442 442 442 442 442 442 439 439 439 431 431 431 443 443 443 440 440 440 441 441 441 443 443 443 442 442 442 440 440 440 444 444 444 443 443 443 441 441 441 444 444 444 445 445 445 443 443 443 445 445 445 446 446 446 443 443 443 443 443 443 446 446 446 442 442 442 446 446 446 445 445 445 447 447 447 448 448 448 442 442 442 446 446 446 448 448 448 446 446 446 447 447 447 448 448 448 447 447 447 449 449 449 447 447 447 450 450 450 449 449 449 442 442 442 448 448 448 451 451 451 451 451 451 448 448 448 449 449 449 442 442 442 451 451 451 439 439 439 452 452 452 449 449 449 450 450 450 449 449 449 452 452 452 451 451 451 453 453 453 452 452 452 450 450 450 453 453 453 454 454 454 452 452 452 454 454 454 455 455 455 452 452 452 451 451 451 452 452 452 455 455 455 455 455 455 454 454 454 456 456 456 451 451 451 455 455 455 456 456 456 454 454 454 457 457 457 456 456 456 456 456 456 457 457 457 458 458 458 451 451 451 456 456 456 458 458 458 457 457 457 459 459 459 458 458 458 458 458 458 459 459 459 460 460 460 459 459 459 461 461 461 460 460 460 451 451 451 458 458 458 462 462 462 460 460 460 462 462 462 458 458 458 460 460 460 461 461 461 463 463 463 462 462 462 460 460 460 463 463 463 461 461 461 464 464 464 463 463 463 464 464 464 465 465 465 463 463 463 465 465 465 466 466 466 463 463 463 465 465 465 467 467 467 466 466 466 466 466 466 468 468 468 463 463 463 462 462 462 463 463 463 468 468 468 467 467 467 469 469 469 466 466 466 468 468 468 466 466 466 469 469 469 467 467 467 470 470 470 469 469 469 470 470 470 471 471 471 469 469 469 471 471 471 468 468 468 469 469 469 470 470 470 472 472 472 471 471 471 473 473 473 468 468 468 471 471 471 472 472 472 473 473 473 471 471 471 473 473 473 472 472 472 474 474 474 468 468 468 473 473 473 474 474 474 472 472 472 475 475 475 474 474 474 475 475 475 476 476 476 474 474 474 477 477 477 468 468 468 474 474 474 476 476 476 477 477 477 474 474 474 477 477 477 462 462 462 468 468 468 476 476 476 478 478 478 477 477 477 478 478 478 479 479 479 477 477 477 462 462 462 477 477 477 479 479 479 478 478 478 480 480 480 479 479 479 480 480 480 481 481 481 479 479 479 462 462 462 479 479 479 481 481 481 481 481 481 480 480 480 482 482 482 482 482 482 462 462 462 481 481 481 480 480 480 483 483 483 482 482 482 482 482 482 483 483 483 484 484 484 484 484 484 462 462 462 482 482 482 483 483 483 485 485 485 484 484 484 486 486 486 484 484 484 485 485 485 486 486 486 462 462 462 484 484 484 487 487 487 486 486 486 485 485 485 486 486 486 487 487 487 488 488 488 462 462 462 486 486 486 489 489 489 489 489 489 451 451 451 462 462 462 439 439 439 451 451 451 489 489 489 393 393 393 439 439 439 489 489 489 490 490 490 486 486 486 488 488 488 490 490 490 489 489 489 486 486 486 490 490 490 488 488 488 491 491 491 490 490 490 491 491 491 489 489 489 488 488 488 492 492 492 491 491 491 492 492 492 493 493 493 491 491 491 494 494 494 393 393 393 489 489 489 491 491 491 494 494 494 489 489 489 494 494 494 395 395 395 393 393 393 494 494 494 495 495 495 395 395 395 493 493 493 496 496 496 491 491 491 496 496 496 494 494 494 491 491 491 496 496 496 495 495 495 494 494 494 497 497 497 496 496 496 493 493 493 498 498 498 495 495 495 496 496 496 496 496 496 497 497 497 498 498 498 497 497 497 499 499 499 498 498 498 500 500 500 501 501 501 502 502 502 500 500 500 502 502 502 503 503 503 504 504 504 500 500 500 503 503 503 503 503 503 502 502 502 505 505 505 502 502 502 506 506 506 505 505 505 503 503 503 507 507 507 504 504 504 505 505 505 506 506 506 508 508 508 506 506 506 509 509 509 508 508 508 503 503 503 505 505 505 510 510 510 507 507 507 503 503 503 510 510 510 505 505 505 508 508 508 510 510 510 508 508 508 509 509 509 511 511 511 504 504 504 507 507 507 512 512 512 512 512 512 513 513 513 504 504 504 514 514 514 513 513 513 512 512 512 507 507 507 510 510 510 515 515 515 512 512 512 507 507 507 515 515 515 508 508 508 516 516 516 510 510 510 516 516 516 515 515 515 510 510 510 517 517 517 514 514 514 512 512 512 514 514 514 517 517 517 518 518 518 515 515 515 519 519 519 512 512 512 519 519 519 517 517 517 512 512 512 517 517 517 520 520 520 518 518 518 520 520 520 517 517 517 519 519 519 520 520 520 521 521 521 518 518 518 521 521 521 522 522 522 518 518 518 522 522 522 521 521 521 523 523 523 524 524 524 519 519 519 515 515 515 516 516 516 524 524 524 515 515 515 525 525 525 520 520 520 519 519 519 519 519 519 524 524 524 525 525 525 526 526 526 521 521 521 520 520 520 526 526 526 520 520 520 525 525 525 521 521 521 527 527 527 523 523 523 521 521 521 526 526 526 527 527 527 523 523 523 527 527 527 528 528 528 527 527 527 529 529 529 528 528 528 528 528 528 529 529 529 530 530 530 526 526 526 531 531 531 527 527 527 531 531 531 529 529 529 527 527 527 529 529 529 532 532 532 530 530 530 532 532 532 529 529 529 531 531 531 530 530 530 532 532 532 533 533 533 534 534 534 530 530 530 533 533 533 532 532 532 531 531 531 535 535 535 533 533 533 532 532 532 535 535 535 534 534 534 533 533 533 536 536 536 537 537 537 534 534 534 536 536 536 533 533 533 535 535 535 538 538 538 536 536 536 533 533 533 538 538 538 536 536 536 539 539 539 537 537 537 539 539 539 540 540 540 537 537 537 536 536 536 538 538 538 541 541 541 539 539 539 536 536 536 541 541 541 540 540 540 539 539 539 542 542 542 543 543 543 540 540 540 542 542 542 539 539 539 541 541 541 544 544 544 542 542 542 539 539 539 544 544 544 543 543 543 542 542 542 545 545 545 546 546 546 543 543 543 545 545 545 546 546 546 545 545 545 547 547 547 545 545 545 542 542 542 548 548 548 542 542 542 544 544 544 548 548 548 545 545 545 549 549 549 547 547 547 545 545 545 548 548 548 549 549 549 547 547 547 549 549 549 550 550 550 549 549 549 551 551 551 550 550 550 550 550 550 551 551 551 552 552 552 548 548 548 553 553 553 549 549 549 549 549 549 553 553 553 551 551 551 551 551 551 554 554 554 552 552 552 552 552 552 554 554 554 555 555 555 553 553 553 556 556 556 551 551 551 551 551 551 556 556 556 554 554 554 548 548 548 557 557 557 553 553 553 548 548 548 544 544 544 557 557 557 556 556 556 553 553 553 558 558 558 557 557 557 558 558 558 553 553 553 556 556 556 559 559 559 554 554 554 554 554 554 560 560 560 555 555 555 554 554 554 559 559 559 560 560 560 555 555 555 560 560 560 561 561 561 559 559 559 556 556 556 562 562 562 562 562 562 556 556 556 558 558 558 560 560 560 563 563 563 561 561 561 561 561 561 563 563 563 564 564 564 559 559 559 565 565 565 560 560 560 560 560 560 565 565 565 563 563 563 566 566 566 559 559 559 562 562 562 559 559 559 566 566 566 565 565 565 563 563 563 567 567 567 564 564 564 564 564 564 567 567 567 568 568 568 565 565 565 569 569 569 563 563 563 567 567 567 563 563 563 569 569 569 566 566 566 570 570 570 565 565 565 565 565 565 570 570 570 569 569 569 567 567 567 571 571 571 568 568 568 568 568 568 571 571 571 572 572 572 573 573 573 567 567 567 569 569 569 573 573 573 571 571 571 567 567 567 570 570 570 574 574 574 569 569 569 573 573 573 569 569 569 574 574 574 571 571 571 575 575 575 572 572 572 572 572 572 575 575 575 576 576 576 573 573 573 577 577 577 571 571 571 577 577 577 575 575 575 571 571 571 575 575 575 578 578 578 576 576 576 578 578 578 575 575 575 577 577 577 576 576 576 578 578 578 579 579 579 580 580 580 576 576 576 579 579 579 577 577 577 581 581 581 578 578 578 579 579 579 582 582 582 580 580 580 582 582 582 583 583 583 580 580 580 584 584 584 583 583 583 582 582 582 585 585 585 579 579 579 578 578 578 581 581 581 585 585 585 578 578 578 586 586 586 582 582 582 579 579 579 585 585 585 586 586 586 579 579 579 587 587 587 584 584 584 582 582 582 587 587 587 582 582 582 586 586 586 584 584 584 587 587 587 588 588 588 586 586 586 585 585 585 589 589 589 590 590 590 587 587 587 586 586 586 586 586 586 589 589 589 590 590 590 587 587 587 591 591 591 588 588 588 587 587 587 590 590 590 591 591 591 591 591 591 592 592 592 588 588 588 592 592 592 593 593 593 588 588 588 590 590 590 594 594 594 591 591 591 592 592 592 595 595 595 593 593 593 595 595 595 596 596 596 593 593 593 591 591 591 597 597 597 592 592 592 595 595 595 592 592 592 597 597 597 597 597 597 591 591 591 594 594 594 595 595 595 598 598 598 596 596 596 598 598 598 599 599 599 596 596 596 600 600 600 595 595 595 597 597 597 600 600 600 598 598 598 595 595 595 598 598 598 601 601 601 599 599 599 601 601 601 602 602 602 599 599 599 600 600 600 603 603 603 598 598 598 598 598 598 603 603 603 601 601 601 601 601 601 604 604 604 602 602 602 604 604 604 605 605 605 602 602 602 603 603 603 606 606 606 601 601 601 606 606 606 604 604 604 601 601 601 604 604 604 607 607 607 605 605 605 607 607 607 608 608 608 605 605 605 606 606 606 609 609 609 604 604 604 609 609 609 607 607 607 604 604 604 607 607 607 610 610 610 608 608 608 610 610 610 611 611 611 608 608 608 609 609 609 612 612 612 607 607 607 612 612 612 610 610 610 607 607 607 610 610 610 613 613 613 611 611 611 613 613 613 614 614 614 611 611 611 610 610 610 612 612 612 615 615 615 613 613 613 610 610 610 615 615 615 613 613 613 616 616 616 614 614 614 616 616 616 617 617 617 614 614 614 617 617 617 616 616 616 618 618 618 616 616 616 613 613 613 619 619 619 613 613 613 615 615 615 619 619 619 616 616 616 620 620 620 618 618 618 616 616 616 619 619 619 620 620 620 618 618 618 620 620 620 621 621 621 620 620 620 622 622 622 621 621 621 623 623 623 621 621 621 622 622 622 619 619 619 624 624 624 620 620 620 620 620 620 624 624 624 622 622 622 625 625 625 623 623 623 622 622 622 623 623 623 625 625 625 626 626 626 624 624 624 627 627 627 622 622 622 622 622 622 627 627 627 625 625 625 624 624 624 619 619 619 628 628 628 628 628 628 619 619 619 615 615 615 624 624 624 629 629 629 627 627 627 629 629 629 624 624 624 628 628 628 627 627 627 630 630 630 625 625 625 625 625 625 631 631 631 626 626 626 631 631 631 625 625 625 630 630 630 626 626 626 631 631 631 632 632 632 627 627 627 633 633 633 630 630 630 629 629 629 633 633 633 627 627 627 634 634 634 631 631 631 630 630 630 631 631 631 635 635 635 632 632 632 631 631 631 634 634 634 635 635 635 635 635 635 636 636 636 632 632 632 636 636 636 637 637 637 632 632 632 635 635 635 638 638 638 636 636 636 635 635 635 634 634 634 638 638 638 636 636 636 639 639 639 637 637 637 638 638 638 639 639 639 636 636 636 639 639 639 640 640 640 637 637 637 639 639 639 641 641 641 640 640 640 641 641 641 642 642 642 640 640 640 643 643 643 642 642 642 641 641 641 641 641 641 639 639 639 644 644 644 644 644 644 639 639 639 638 638 638 645 645 645 643 643 643 641 641 641 644 644 644 645 645 645 641 641 641 645 645 645 646 646 646 643 643 643 646 646 646 647 647 647 643 643 643 644 644 644 648 648 648 645 645 645 646 646 646 649 649 649 647 647 647 649 649 649 650 650 650 647 647 647 651 651 651 646 646 646 645 645 645 649 649 649 646 646 646 651 651 651 648 648 648 651 651 651 645 645 645 649 649 649 652 652 652 650 650 650 644 644 644 653 653 653 648 648 648 653 653 653 644 644 644 638 638 638 652 652 652 649 649 649 654 654 654 655 655 655 653 653 653 638 638 638 634 634 634 655 655 655 638 638 638 656 656 656 652 652 652 654 654 654 652 652 652 656 656 656 657 657 657 657 657 657 658 658 658 659 659 659 657 657 657 656 656 656 658 658 658 658 658 658 656 656 656 660 660 660 661 661 661 658 658 658 660 660 660 654 654 654 662 662 662 656 656 656 662 662 662 660 660 660 656 656 656 661 661 661 660 660 660 663 663 663 660 660 660 662 662 662 663 663 663 664 664 664 661 661 661 663 663 663 665 665 665 664 664 664 663 663 663 662 662 662 654 654 654 666 666 666 654 654 654 649 649 649 666 666 666 666 666 666 649 649 649 651 651 651 663 663 663 662 662 662 667 667 667 667 667 667 662 662 662 666 666 666 668 668 668 665 665 665 663 663 663 667 667 667 668 668 668 663 663 663 665 665 665 668 668 668 669 669 669 651 651 651 670 670 670 666 666 666 670 670 670 667 667 667 666 666 666 670 670 670 651 651 651 648 648 648 671 671 671 668 668 668 667 667 667 670 670 670 671 671 671 667 667 667 672 672 672 670 670 670 648 648 648 648 648 648 653 653 653 672 672 672 673 673 673 671 671 671 670 670 670 672 672 672 673 673 673 670 670 670 672 672 672 653 653 653 674 674 674 674 674 674 673 673 673 672 672 672 671 671 671 673 673 673 675 675 675 673 673 673 674 674 674 675 675 675 674 674 674 653 653 653 676 676 676 676 676 676 653 653 653 655 655 655 674 674 674 677 677 677 675 675 675 676 676 676 677 677 677 674 674 674 678 678 678 671 671 671 675 675 675 668 668 668 671 671 671 678 678 678 679 679 679 675 675 675 677 677 677 679 679 679 678 678 678 675 675 675 680 680 680 668 668 668 678 678 678 668 668 668 680 680 680 669 669 669 669 669 669 680 680 680 681 681 681 681 681 681 680 680 680 678 678 678 682 682 682 669 669 669 681 681 681 683 683 683 682 682 682 681 681 681 684 684 684 678 678 678 679 679 679 681 681 681 678 678 678 684 684 684 685 685 685 683 683 683 681 681 681 686 686 686 683 683 683 685 685 685 681 681 681 684 684 684 687 687 687 685 685 685 681 681 681 687 687 687 688 688 688 686 686 686 685 685 685 687 687 687 688 688 688 685 685 685 689 689 689 686 686 686 688 688 688 687 687 687 684 684 684 690 690 690 684 684 684 679 679 679 690 690 690 691 691 691 689 689 689 688 688 688 689 689 689 691 691 691 692 692 692 687 687 687 693 693 693 688 688 688 688 688 688 693 693 693 691 691 691 687 687 687 690 690 690 694 694 694 693 693 693 687 687 687 694 694 694 690 690 690 679 679 679 695 695 695 679 679 679 677 677 677 695 695 695 696 696 696 690 690 690 695 695 695 690 690 690 696 696 696 694 694 694 695 695 695 677 677 677 697 697 697 696 696 696 695 695 695 697 697 697 677 677 677 698 698 698 697 697 697 677 677 677 676 676 676 698 698 698 696 696 696 697 697 697 699 699 699 698 698 698 676 676 676 700 700 700 655 655 655 700 700 700 676 676 676 697 697 697 698 698 698 701 701 701 701 701 701 699 699 699 697 697 697 702 702 702 700 700 700 655 655 655 634 634 634 702 702 702 655 655 655 703 703 703 698 698 698 700 700 700 702 702 702 703 703 703 700 700 700 702 702 702 634 634 634 704 704 704 704 704 704 703 703 703 702 702 702 634 634 634 630 630 630 704 704 704 633 633 633 704 704 704 630 630 630 705 705 705 703 703 703 704 704 704 705 705 705 704 704 704 633 633 633 698 698 698 703 703 703 706 706 706 703 703 703 705 705 705 706 706 706 701 701 701 698 698 698 706 706 706 707 707 707 705 705 705 633 633 633 706 706 706 705 705 705 707 707 707 633 633 633 629 629 629 707 707 707 701 701 701 706 706 706 708 708 708 708 708 708 706 706 706 707 707 707 629 629 629 709 709 709 707 707 707 707 707 707 709 709 709 708 708 708 709 709 709 629 629 629 628 628 628 710 710 710 701 701 701 708 708 708 701 701 701 710 710 710 699 699 699 709 709 709 711 711 711 708 708 708 710 710 710 708 708 708 711 711 711 709 709 709 628 628 628 712 712 712 709 709 709 712 712 712 711 711 711 699 699 699 710 710 710 713 713 713 696 696 696 699 699 699 713 713 713 710 710 710 711 711 711 714 714 714 710 710 710 714 714 714 713 713 713 712 712 712 715 715 715 711 711 711 714 714 714 711 711 711 715 715 715 712 712 712 716 716 716 715 715 715 628 628 628 716 716 716 712 712 712 714 714 714 715 715 715 717 717 717 716 716 716 717 717 717 715 715 715 628 628 628 718 718 718 716 716 716 718 718 718 628 628 628 615 615 615 615 615 615 612 612 612 718 718 718 716 716 716 718 718 718 719 719 719 719 719 719 717 717 717 716 716 716 612 612 612 720 720 720 718 718 718 718 718 718 720 720 720 719 719 719 720 720 720 612 612 612 609 609 609 717 717 717 719 719 719 721 721 721 722 722 722 720 720 720 609 609 609 609 609 609 606 606 606 722 722 722 720 720 720 723 723 723 719 719 719 722 722 722 723 723 723 720 720 720 721 721 721 719 719 719 723 723 723 606 606 606 724 724 724 722 722 722 606 606 606 603 603 603 724 724 724 722 722 722 725 725 725 723 723 723 724 724 724 725 725 725 722 722 722 725 725 725 721 721 721 723 723 723 603 603 603 726 726 726 724 724 724 724 724 724 726 726 726 725 725 725 603 603 603 600 600 600 726 726 726 721 721 721 725 725 725 727 727 727 600 600 600 728 728 728 726 726 726 726 726 726 729 729 729 725 725 725 726 726 726 728 728 728 729 729 729 727 727 727 725 725 725 729 729 729 600 600 600 597 597 597 728 728 728 730 730 730 721 721 721 727 727 727 730 730 730 717 717 717 721 721 721 730 730 730 714 714 714 717 717 717 713 713 713 714 714 714 730 730 730 730 730 730 727 727 727 731 731 731 713 713 713 730 730 730 731 731 731 727 727 727 729 729 729 732 732 732 732 732 732 731 731 731 727 727 727 733 733 733 713 713 713 731 731 731 696 696 696 713 713 713 733 733 733 734 734 734 731 731 731 732 732 732 733 733 733 731 731 731 734 734 734 729 729 729 735 735 735 732 732 732 728 728 728 735 735 735 729 729 729 733 733 733 736 736 736 696 696 696 696 696 696 736 736 736 694 694 694 736 736 736 733 733 733 737 737 737 737 737 737 733 733 733 734 734 734 736 736 736 738 738 738 694 694 694 736 736 736 737 737 737 739 739 739 738 738 738 736 736 736 739 739 739 740 740 740 737 737 737 734 734 734 739 739 739 737 737 737 740 740 740 738 738 738 741 741 741 694 694 694 694 694 694 741 741 741 693 693 693 738 738 738 739 739 739 742 742 742 738 738 738 742 742 742 741 741 741 741 741 741 743 743 743 693 693 693 693 693 693 743 743 743 691 691 691 741 741 741 744 744 744 743 743 743 742 742 742 744 744 744 741 741 741 745 745 745 691 691 691 743 743 743 691 691 691 745 745 745 692 692 692 744 744 744 746 746 746 743 743 743 746 746 746 745 745 745 743 743 743 747 747 747 746 746 746 744 744 744 745 745 745 746 746 746 747 747 747 745 745 745 748 748 748 692 692 692 748 748 748 745 745 745 747 747 747 748 748 748 749 749 749 692 692 692 750 750 750 747 747 747 744 744 744 750 750 750 744 744 744 742 742 742 748 748 748 747 747 747 751 751 751 747 747 747 750 750 750 751 751 751 749 749 749 748 748 748 752 752 752 752 752 752 748 748 748 751 751 751 753 753 753 749 749 749 752 752 752 753 753 753 752 752 752 754 754 754 755 755 755 753 753 753 754 754 754 756 756 756 752 752 752 751 751 751 756 756 756 754 754 754 752 752 752 754 754 754 757 757 757 755 755 755 757 757 757 754 754 754 756 756 756 757 757 757 758 758 758 755 755 755 758 758 758 757 757 757 759 759 759 751 751 751 760 760 760 756 756 756 750 750 750 760 760 760 751 751 751 761 761 761 757 757 757 756 756 756 750 750 750 762 762 762 760 760 760 762 762 762 750 750 750 742 742 742 760 760 760 763 763 763 756 756 756 761 761 761 756 756 756 763 763 763 762 762 762 764 764 764 760 760 760 765 765 765 762 762 762 742 742 742 764 764 764 762 762 762 765 765 765 766 766 766 765 765 765 742 742 742 739 739 739 766 766 766 742 742 742 764 764 764 767 767 767 760 760 760 767 767 767 763 763 763 760 760 760 739 739 739 768 768 768 766 766 766 768 768 768 739 739 739 740 740 740 768 768 768 769 769 769 766 766 766 770 770 770 768 768 768 740 740 740 769 769 769 768 768 768 770 770 770 769 769 769 771 771 771 766 766 766 771 771 771 765 765 765 766 766 766 772 772 772 771 771 771 769 769 769 765 765 765 771 771 771 773 773 773 772 772 772 773 773 773 771 771 771 774 774 774 764 764 764 765 765 765 774 774 774 765 765 765 773 773 773 764 764 764 774 774 774 775 775 775 775 775 775 767 767 767 764 764 764 774 774 774 773 773 773 776 776 776 775 775 775 774 774 774 776 776 776 772 772 772 777 777 777 773 773 773 775 775 775 776 776 776 778 778 778 773 773 773 777 777 777 779 779 779 776 776 776 773 773 773 779 779 779 780 780 780 777 777 777 772 772 772 780 780 780 779 779 779 777 777 777 776 776 776 779 779 779 781 781 781 776 776 776 781 781 781 778 778 778 782 782 782 779 779 779 780 780 780 779 779 779 783 783 783 781 781 781 779 779 779 782 782 782 783 783 783 783 783 783 784 784 784 781 781 781 783 783 783 782 782 782 785 785 785 783 783 783 785 785 785 784 784 784 781 781 781 786 786 786 778 778 778 786 786 786 781 781 781 784 784 784 775 775 775 778 778 778 787 787 787 767 767 767 775 775 775 787 787 787 788 788 788 778 778 778 786 786 786 787 787 787 778 778 778 788 788 788 786 786 786 784 784 784 789 789 789 788 788 788 786 786 786 790 790 790 789 789 789 790 790 790 786 786 786 784 784 784 574 574 574 789 789 789 785 785 785 574 574 574 784 784 784 574 574 574 570 570 570 789 789 789 785 785 785 573 573 573 574 574 574 570 570 570 566 566 566 789 789 789 573 573 573 785 785 785 577 577 577 789 789 789 566 566 566 791 791 791 790 790 790 789 789 789 791 791 791 566 566 566 562 562 562 791 791 791 785 785 785 792 792 792 577 577 577 792 792 792 785 785 785 782 782 782 577 577 577 792 792 792 793 793 793 792 792 792 782 782 782 793 793 793 793 793 793 581 581 581 577 577 577 782 782 782 780 780 780 793 793 793 793 793 793 794 794 794 581 581 581 794 794 794 793 793 793 780 780 780 794 794 794 585 585 585 581 581 581 585 585 585 794 794 794 589 589 589 795 795 795 794 794 794 780 780 780 589 589 589 794 794 794 795 795 795 772 772 772 795 795 795 780 780 780 795 795 795 796 796 796 589 589 589 795 795 795 772 772 772 797 797 797 797 797 797 796 796 796 795 795 795 797 797 797 772 772 772 769 769 769 797 797 797 769 769 769 770 770 770 797 797 797 798 798 798 796 796 796 798 798 798 589 589 589 796 796 796 798 798 798 797 797 797 770 770 770 589 589 589 798 798 798 799 799 799 590 590 590 589 589 589 799 799 799 799 799 799 594 594 594 590 590 590 770 770 770 800 800 800 798 798 798 798 798 798 800 800 800 799 799 799 801 801 801 594 594 594 799 799 799 799 799 799 800 800 800 801 801 801 801 801 801 597 597 597 594 594 594 800 800 800 770 770 770 802 802 802 770 770 770 740 740 740 802 802 802 597 597 597 801 801 801 803 803 803 597 597 597 803 803 803 728 728 728 803 803 803 801 801 801 804 804 804 803 803 803 804 804 804 728 728 728 804 804 804 801 801 801 800 800 800 735 735 735 728 728 728 804 804 804 804 804 804 800 800 800 805 805 805 805 805 805 735 735 735 804 804 804 800 800 800 802 802 802 805 805 805 805 805 805 802 802 802 740 740 740 735 735 735 805 805 805 732 732 732 734 734 734 805 805 805 740 740 740 734 734 734 732 732 732 805 805 805 806 806 806 807 807 807 808 808 808 809 809 809 806 806 806 808 808 808 806 806 806 809 809 809 810 810 810 809 809 809 811 811 811 810 810 810 812 812 812 809 809 809 808 808 808 809 809 809 812 812 812 811 811 811 813 813 813 812 812 812 808 808 808 812 812 812 814 814 814 811 811 811 813 813 813 815 815 815 812 812 812 812 812 812 816 816 816 814 814 814 815 815 815 816 816 816 812 812 812 816 816 816 817 817 817 814 814 814 818 818 818 816 816 816 815 815 815 816 816 816 818 818 818 817 817 817 819 819 819 818 818 818 815 815 815 818 818 818 820 820 820 817 817 817 818 818 818 819 819 819 821 821 821 822 822 822 820 820 820 818 818 818 823 823 823 818 818 818 821 821 821 823 823 823 822 822 822 818 818 818 824 824 824 823 823 823 821 821 821 823 823 823 824 824 824 822 822 822 825 825 825 824 824 824 821 821 821 824 824 824 826 826 826 822 822 822 824 824 824 825 825 825 827 827 827 824 824 824 828 828 828 826 826 826 828 828 828 824 824 824 827 827 827 828 828 828 829 829 829 826 826 826 830 830 830 828 828 828 827 827 827 828 828 828 830 830 830 829 829 829 831 831 831 830 830 830 827 827 827 830 830 830 832 832 832 829 829 829 833 833 833 834 834 834 835 835 835 836 836 836 833 833 833 835 835 835 835 835 835 837 837 837 836 836 836 837 837 837 838 838 838 836 836 836 833 833 833 836 836 836 839 839 839 836 836 836 838 838 838 839 839 839 840 840 840 833 833 833 839 839 839 838 838 838 841 841 841 839 839 839 842 842 842 840 840 840 839 839 839 839 839 839 841 841 841 843 843 843 843 843 843 842 842 842 839 839 839 841 841 841 844 844 844 843 843 843 843 843 843 845 845 845 842 842 842 843 843 843 844 844 844 845 845 845 845 845 845 846 846 846 842 842 842 844 844 844 847 847 847 845 845 845 848 848 848 846 846 846 845 845 845 847 847 847 849 849 849 845 845 845 849 849 849 850 850 850 845 845 845 850 850 850 848 848 848 845 845 845 850 850 850 849 849 849 851 851 851 848 848 848 850 850 850 852 852 852 852 852 852 850 850 850 851 851 851 853 853 853 848 848 848 852 852 852 854 854 854 853 853 853 852 852 852 852 852 852 851 851 851 855 855 855 855 855 855 854 854 854 852 852 852 851 851 851 856 856 856 855 855 855 854 854 854 855 855 855 857 857 857 855 855 855 856 856 856 857 857 857 858 858 858 854 854 854 857 857 857 856 856 856 859 859 859 857 857 857 791 791 791 562 562 562 860 860 860 860 860 860 790 790 790 791 791 791 562 562 562 558 558 558 860 860 860 861 861 861 790 790 790 860 860 860 788 788 788 790 790 790 861 861 861 558 558 558 862 862 862 860 860 860 860 860 860 862 862 862 861 861 861 557 557 557 862 862 862 558 558 558 788 788 788 861 861 861 863 863 863 787 787 787 788 788 788 863 863 863 864 864 864 861 861 861 862 862 862 861 861 861 864 864 864 863 863 863 865 865 865 864 864 864 862 862 862 557 557 557 865 865 865 862 862 862 863 863 863 864 864 864 866 866 866 864 864 864 865 865 865 866 866 866 867 867 867 787 787 787 863 863 863 867 867 867 863 863 863 866 866 866 868 868 868 865 865 865 557 557 557 865 865 865 868 868 868 866 866 866 869 869 869 787 787 787 867 867 867 767 767 767 787 787 787 869 869 869 867 867 867 866 866 866 870 870 870 866 866 866 868 868 868 870 870 870 871 871 871 869 869 869 867 867 867 871 871 871 867 867 867 870 870 870 767 767 767 869 869 869 872 872 872 871 871 871 872 872 872 869 869 869 767 767 767 872 872 872 873 873 873 763 763 763 767 767 767 873 873 873 872 872 872 871 871 871 874 874 874 875 875 875 763 763 763 873 873 873 875 875 875 761 761 761 763 763 763 873 873 873 872 872 872 876 876 876 875 875 875 873 873 873 876 876 876 876 876 876 872 872 872 874 874 874 761 761 761 875 875 875 877 877 877 757 757 757 761 761 761 877 877 877 875 875 875 876 876 876 878 878 878 875 875 875 878 878 878 877 877 877 757 757 757 877 877 877 879 879 879 757 757 757 879 879 879 759 759 759 879 879 879 880 880 880 759 759 759 879 879 879 877 877 877 880 880 880 880 880 880 511 511 511 759 759 759 880 880 880 508 508 508 511 511 511 516 516 516 508 508 508 880 880 880 877 877 877 881 881 881 880 880 880 881 881 881 516 516 516 880 880 880 877 877 877 878 878 878 881 881 881 524 524 524 516 516 516 881 881 881 878 878 878 882 882 882 881 881 881 882 882 882 524 524 524 881 881 881 883 883 883 882 882 882 878 878 878 876 876 876 883 883 883 878 878 878 884 884 884 524 524 524 882 882 882 883 883 883 884 884 884 882 882 882 524 524 524 884 884 884 525 525 525 885 885 885 883 883 883 876 876 876 876 876 876 874 874 874 885 885 885 884 884 884 883 883 883 886 886 886 525 525 525 884 884 884 886 886 886 883 883 883 885 885 885 886 886 886 526 526 526 525 525 525 886 886 886 526 526 526 886 886 886 531 531 531 886 886 886 887 887 887 531 531 531 885 885 885 887 887 887 886 886 886 535 535 535 531 531 531 887 887 887 887 887 887 885 885 885 888 888 888 874 874 874 888 888 888 885 885 885 535 535 535 887 887 887 889 889 889 889 889 889 887 887 887 888 888 888 535 535 535 889 889 889 890 890 890 538 538 538 535 535 535 890 890 890 889 889 889 888 888 888 891 891 891 891 891 891 888 888 888 874 874 874 890 890 890 889 889 889 891 891 891 891 891 891 874 874 874 892 892 892 871 871 871 892 892 892 874 874 874 892 892 892 871 871 871 870 870 870 893 893 893 890 890 890 891 891 891 893 893 893 891 891 891 892 892 892 538 538 538 890 890 890 894 894 894 890 890 890 893 893 893 894 894 894 541 541 541 538 538 538 894 894 894 893 893 893 892 892 892 895 895 895 892 892 892 870 870 870 895 895 895 893 893 893 895 895 895 894 894 894 868 868 868 895 895 895 870 870 870 541 541 541 894 894 894 896 896 896 896 896 896 894 894 894 895 895 895 868 868 868 896 896 896 895 895 895 544 544 544 541 541 541 896 896 896 868 868 868 557 557 557 896 896 896 544 544 544 896 896 896 557 557 557 897 897 897 898 898 898 899 899 899 900 900 900 897 897 897 899 899 899 899 899 899 898 898 898 901 901 901 902 902 902 900 900 900 899 899 899 903 903 903 900 900 900 902 902 902 904 904 904 903 903 903 902 902 902 902 902 902 905 905 905 904 904 904 905 905 905 902 902 902 899 899 899 905 905 905 906 906 906 904 904 904 899 899 899 901 901 901 907 907 907 905 905 905 899 899 899 907 907 907 905 905 905 908 908 908 906 906 906 907 907 907 908 908 908 905 905 905 908 908 908 909 909 909 906 906 906 910 910 910 909 909 909 908 908 908 911 911 911 907 907 907 901 901 901 908 908 908 907 907 907 911 911 911 912 912 912 911 911 911 901 901 901 913 913 913 910 910 910 908 908 908 913 913 913 908 908 908 911 911 911 910 910 910 913 913 913 914 914 914 912 912 912 915 915 915 911 911 911 911 911 911 915 915 915 913 913 913 913 913 913 916 916 916 914 914 914 915 915 915 916 916 916 913 913 913 916 916 916 917 917 917 914 914 914 915 915 915 917 917 917 916 916 916 917 917 917 918 918 918 914 914 914 917 917 917 919 919 919 918 918 918 919 919 919 917 917 917 915 915 915 919 919 919 920 920 920 918 918 918 915 915 915 912 912 912 921 921 921 919 919 919 915 915 915 921 921 921 921 921 921 912 912 912 922 922 922 920 920 920 919 919 919 923 923 923 919 919 919 921 921 921 923 923 923 924 924 924 920 920 920 923 923 923 921 921 921 922 922 922 925 925 925 923 923 923 926 926 926 924 924 924 921 921 921 926 926 926 923 923 923 926 926 926 927 927 927 924 924 924 928 928 928 927 927 927 926 926 926 929 929 929 928 928 928 926 926 926 921 921 921 929 929 929 926 926 926 928 928 928 929 929 929 930 930 930 929 929 929 931 931 931 930 930 930 931 931 931 929 929 929 921 921 921 932 932 932 930 930 930 931 931 931 931 931 931 921 921 921 933 933 933 933 933 933 921 921 921 925 925 925 934 934 934 932 932 932 931 931 931 931 931 931 933 933 933 934 934 934 935 935 935 932 932 932 934 934 934 933 933 933 936 936 936 934 934 934 936 936 936 935 935 935 934 934 934 925 925 925 937 937 937 933 933 933 936 936 936 938 938 938 935 935 935 936 936 936 933 933 933 938 938 938 933 933 933 937 937 937 938 938 938 938 938 938 939 939 939 935 935 935 937 937 937 925 925 925 940 940 940 939 939 939 938 938 938 941 941 941 941 941 941 938 938 938 937 937 937 942 942 942 939 939 939 941 941 941 943 943 943 942 942 942 941 941 941 944 944 944 937 937 937 940 940 940 944 944 944 941 941 941 937 937 937 945 945 945 943 943 943 941 941 941 944 944 944 945 945 945 941 941 941 946 946 946 943 943 943 945 945 945 947 947 947 944 944 944 940 940 940 945 945 945 944 944 944 947 947 947 947 947 947 940 940 940 948 948 948 949 949 949 947 947 947 948 948 948 947 947 947 949 949 949 950 950 950 951 951 951 946 946 946 945 945 945 945 945 945 947 947 947 951 951 951 951 951 951 947 947 947 950 950 950 946 946 946 951 951 951 952 952 952 951 951 951 950 950 950 952 952 952 953 953 953 954 954 954 955 955 955 954 954 954 956 956 956 955 955 955 953 953 953 957 957 957 954 954 954 958 958 958 957 957 957 953 953 953 959 959 959 956 956 956 954 954 954 960 960 960 956 956 956 959 959 959 957 957 957 961 961 961 954 954 954 954 954 954 961 961 961 959 959 959 962 962 962 957 957 957 958 958 958 963 963 963 962 962 962 958 958 958 957 957 957 964 964 964 961 961 961 962 962 962 964 964 964 957 957 957 961 961 961 965 965 965 959 959 959 964 964 964 965 965 965 961 961 961 966 966 966 960 960 960 959 959 959 959 959 959 965 965 965 966 966 966 966 966 966 967 967 967 960 960 960 964 964 964 968 968 968 965 965 965 966 966 966 969 969 969 967 967 967 970 970 970 967 967 967 969 969 969 965 965 965 971 971 971 966 966 966 966 966 966 971 971 971 969 969 969 971 971 971 965 965 965 968 968 968 972 972 972 970 970 970 969 969 969 970 970 970 972 972 972 973 973 973 971 971 971 974 974 974 969 969 969 974 974 974 971 971 971 968 968 968 969 969 969 975 975 975 972 972 972 974 974 974 975 975 975 969 969 969 972 972 972 976 976 976 973 973 973 975 975 975 977 977 977 972 972 972 977 977 977 976 976 976 972 972 972 974 974 974 978 978 978 975 975 975 978 978 978 977 977 977 975 975 975 973 973 973 976 976 976 979 979 979 980 980 980 973 973 973 979 979 979 977 977 977 981 981 981 976 976 976 981 981 981 979 979 979 976 976 976 981 981 981 977 977 977 978 978 978 979 979 979 982 982 982 980 980 980 982 982 982 983 983 983 980 980 980 979 979 979 981 981 981 984 984 984 982 982 982 979 979 979 984 984 984 983 983 983 982 982 982 985 985 985 986 986 986 983 983 983 985 985 985 986 986 986 985 985 985 987 987 987 984 984 984 988 988 988 982 982 982 988 988 988 985 985 985 982 982 982 985 985 985 989 989 989 987 987 987 985 985 985 988 988 988 989 989 989 987 987 987 989 989 989 990 990 990 988 988 988 984 984 984 991 991 991 991 991 991 984 984 984 981 981 981 989 989 989 992 992 992 990 990 990 993 993 993 990 990 990 992 992 992 988 988 988 994 994 994 989 989 989 992 992 992 989 989 989 994 994 994 994 994 994 988 988 988 995 995 995 995 995 995 988 988 988 991 991 991 996 996 996 992 992 992 994 994 994 997 997 997 994 994 994 995 995 995 996 996 996 994 994 994 997 997 997 998 998 998 993 993 993 992 992 992 998 998 998 992 992 992 996 996 996 993 993 993 998 998 998 999 999 999 1000 1000 1000 993 993 993 999 999 999 1000 1000 1000 999 999 999 1001 1001 1001 1002 1002 1002 998 998 998 996 996 996 999 999 999 998 998 998 1003 1003 1003 998 998 998 1002 1002 1002 1003 1003 1003 999 999 999 1004 1004 1004 1001 1001 1001 999 999 999 1003 1003 1003 1004 1004 1004 1004 1004 1004 1005 1005 1005 1001 1001 1001 1005 1005 1005 1006 1006 1006 1001 1001 1001 1003 1003 1003 1007 1007 1007 1004 1004 1004 1006 1006 1006 1005 1005 1005 1008 1008 1008 1009 1009 1009 1006 1006 1006 1008 1008 1008 1005 1005 1005 1004 1004 1004 1010 1010 1010 1004 1004 1004 1007 1007 1007 1010 1010 1010 1011 1011 1011 1008 1008 1008 1005 1005 1005 1010 1010 1010 1011 1011 1011 1005 1005 1005 1009 1009 1009 1008 1008 1008 1012 1012 1012 1013 1013 1013 1009 1009 1009 1012 1012 1012 1014 1014 1014 1013 1013 1013 1012 1012 1012 1012 1012 1012 1008 1008 1008 1015 1015 1015 1008 1008 1008 1011 1011 1011 1015 1015 1015 1016 1016 1016 1014 1014 1014 1012 1012 1012 1016 1016 1016 1012 1012 1012 1015 1015 1015 1014 1014 1014 1016 1016 1016 1017 1017 1017 1016 1016 1016 1018 1018 1018 1017 1017 1017 1017 1017 1017 1018 1018 1018 1019 1019 1019 1020 1020 1020 1016 1016 1016 1015 1015 1015 1018 1018 1018 1016 1016 1016 1020 1020 1020 1015 1015 1015 1011 1011 1011 1021 1021 1021 1018 1018 1018 1022 1022 1022 1019 1019 1019 1020 1020 1020 1015 1015 1015 1023 1023 1023 1015 1015 1015 1021 1021 1021 1023 1023 1023 1024 1024 1024 1018 1018 1018 1020 1020 1020 1022 1022 1022 1018 1018 1018 1024 1024 1024 1024 1024 1024 1020 1020 1020 1023 1023 1023 1019 1019 1019 1022 1022 1022 1025 1025 1025 1026 1026 1026 1019 1019 1019 1025 1025 1025 1027 1027 1027 1022 1022 1022 1024 1024 1024 1022 1022 1022 1027 1027 1027 1025 1025 1025 1025 1025 1025 1028 1028 1028 1026 1026 1026 1028 1028 1028 1029 1029 1029 1026 1026 1026 1027 1027 1027 1030 1030 1030 1025 1025 1025 1028 1028 1028 1025 1025 1025 1030 1030 1030 1031 1031 1031 1027 1027 1027 1024 1024 1024 1027 1027 1027 1031 1031 1031 1030 1030 1030 1032 1032 1032 1029 1029 1029 1028 1028 1028 1032 1032 1032 1033 1033 1033 1029 1029 1029 1028 1028 1028 1030 1030 1030 1034 1034 1034 1031 1031 1031 1034 1034 1034 1030 1030 1030 1032 1032 1032 1028 1028 1028 1035 1035 1035 1035 1035 1035 1028 1028 1028 1034 1034 1034 1032 1032 1032 1036 1036 1036 1033 1033 1033 1036 1036 1036 1037 1037 1037 1033 1033 1033 1038 1038 1038 1032 1032 1032 1035 1035 1035 1036 1036 1036 1032 1032 1032 1038 1038 1038 1035 1035 1035 1034 1034 1034 1039 1039 1039 1038 1038 1038 1035 1035 1035 1039 1039 1039 1036 1036 1036 1040 1040 1040 1037 1037 1037 1040 1040 1040 1041 1041 1041 1037 1037 1037 1042 1042 1042 1041 1041 1041 1040 1040 1040 1043 1043 1043 1036 1036 1036 1038 1038 1038 1040 1040 1040 1036 1036 1036 1043 1043 1043 1042 1042 1042 1040 1040 1040 1044 1044 1044 1044 1044 1044 1040 1040 1040 1043 1043 1043 1045 1045 1045 1042 1042 1042 1044 1044 1044 1046 1046 1046 1043 1043 1043 1038 1038 1038 1044 1044 1044 1043 1043 1043 1046 1046 1046 1046 1046 1046 1038 1038 1038 1039 1039 1039 1045 1045 1045 1044 1044 1044 1047 1047 1047 1047 1047 1047 1044 1044 1044 1046 1046 1046 1048 1048 1048 1045 1045 1045 1047 1047 1047 1049 1049 1049 1046 1046 1046 1039 1039 1039 1047 1047 1047 1046 1046 1046 1049 1049 1049 1048 1048 1048 1047 1047 1047 1050 1050 1050 1050 1050 1050 1047 1047 1047 1049 1049 1049 1051 1051 1051 1048 1048 1048 1050 1050 1050 1049 1049 1049 1039 1039 1039 1052 1052 1052 1039 1039 1039 1034 1034 1034 1052 1052 1052 1034 1034 1034 1031 1031 1031 1052 1052 1052 1050 1050 1050 1053 1053 1053 1051 1051 1051 1053 1053 1053 1054 1054 1054 1051 1051 1051 1050 1050 1050 1049 1049 1049 1055 1055 1055 1053 1053 1053 1050 1050 1050 1055 1055 1055 1049 1049 1049 1052 1052 1052 1055 1055 1055 1056 1056 1056 1054 1054 1054 1053 1053 1053 1056 1056 1056 1057 1057 1057 1054 1054 1054 1058 1058 1058 1057 1057 1057 1056 1056 1056 1053 1053 1053 1055 1055 1055 1059 1059 1059 1056 1056 1056 1053 1053 1053 1059 1059 1059 1060 1060 1060 1058 1058 1058 1056 1056 1056 1061 1061 1061 1058 1058 1058 1060 1060 1060 1056 1056 1056 1059 1059 1059 1062 1062 1062 1060 1060 1060 1056 1056 1056 1062 1062 1062 1055 1055 1055 1063 1063 1063 1059 1059 1059 1062 1062 1062 1059 1059 1059 1063 1063 1063 1064 1064 1064 1061 1061 1061 1060 1060 1060 1065 1065 1065 1061 1061 1061 1064 1064 1064 1066 1066 1066 1060 1060 1060 1062 1062 1062 1066 1066 1066 1064 1064 1064 1060 1060 1060 1067 1067 1067 1065 1065 1065 1064 1064 1064 1065 1065 1065 1067 1067 1067 1068 1068 1068 1064 1064 1064 1069 1069 1069 1067 1067 1067 1064 1064 1064 1066 1066 1066 1069 1069 1069 1067 1067 1067 1070 1070 1070 1068 1068 1068 1067 1067 1067 1069 1069 1069 1070 1070 1070 1070 1070 1070 1071 1071 1071 1068 1068 1068 1071 1071 1071 1072 1072 1072 1068 1068 1068 1072 1072 1072 1071 1071 1071 1073 1073 1073 1069 1069 1069 1074 1074 1074 1070 1070 1070 1071 1071 1071 1070 1070 1070 1075 1075 1075 1070 1070 1070 1074 1074 1074 1075 1075 1075 1071 1071 1071 1076 1076 1076 1073 1073 1073 1071 1071 1071 1075 1075 1075 1076 1076 1076 1073 1073 1073 1076 1076 1076 1077 1077 1077 1078 1078 1078 1073 1073 1073 1077 1077 1077 1075 1075 1075 1079 1079 1079 1076 1076 1076 1077 1077 1077 1080 1080 1080 1078 1078 1078 1080 1080 1080 1081 1081 1081 1078 1078 1078 1082 1082 1082 1077 1077 1077 1076 1076 1076 1080 1080 1080 1077 1077 1077 1082 1082 1082 1079 1079 1079 1082 1082 1082 1076 1076 1076 1080 1080 1080 1083 1083 1083 1081 1081 1081 1083 1083 1083 1084 1084 1084 1081 1081 1081 1080 1080 1080 1082 1082 1082 1085 1085 1085 1085 1085 1085 1083 1083 1083 1080 1080 1080 1083 1083 1083 1086 1086 1086 1084 1084 1084 1086 1086 1086 1087 1087 1087 1084 1084 1084 1086 1086 1086 1088 1088 1088 1087 1087 1087 1085 1085 1085 1089 1089 1089 1083 1083 1083 1083 1083 1083 1089 1089 1089 1086 1086 1086 1086 1086 1086 1090 1090 1090 1088 1088 1088 1088 1088 1088 1090 1090 1090 1091 1091 1091 1086 1086 1086 1089 1089 1089 1092 1092 1092 1086 1086 1086 1092 1092 1092 1090 1090 1090 1090 1090 1090 1093 1093 1093 1091 1091 1091 1091 1091 1091 1093 1093 1093 963 963 963 1093 1093 1093 962 962 962 963 963 963 1092 1092 1092 1094 1094 1094 1090 1090 1090 1093 1093 1093 1090 1090 1090 1094 1094 1094 1093 1093 1093 1095 1095 1095 962 962 962 1095 1095 1095 1093 1093 1093 1094 1094 1094 962 962 962 1095 1095 1095 964 964 964 1095 1095 1095 968 968 968 964 964 964 1095 1095 1095 1096 1096 1096 968 968 968 1096 1096 1096 1095 1095 1095 1094 1094 1094 974 974 974 968 968 968 1096 1096 1096 978 978 978 974 974 974 1096 1096 1096 1097 1097 1097 1096 1096 1096 1094 1094 1094 1098 1098 1098 978 978 978 1096 1096 1096 1097 1097 1097 1098 1098 1098 1096 1096 1096 1098 1098 1098 981 981 981 978 978 978 1098 1098 1098 991 991 991 981 981 981 1094 1094 1094 1099 1099 1099 1097 1097 1097 1098 1098 1098 1097 1097 1097 1099 1099 1099 1094 1094 1094 1092 1092 1092 1099 1099 1099 991 991 991 1098 1098 1098 1099 1099 1099 1089 1089 1089 1099 1099 1099 1092 1092 1092 1100 1100 1100 991 991 991 1099 1099 1099 1089 1089 1089 1100 1100 1100 1099 1099 1099 995 995 995 991 991 991 1100 1100 1100 1100 1100 1100 1089 1089 1089 1085 1085 1085 997 997 997 995 995 995 1100 1100 1100 1100 1100 1100 1085 1085 1085 1101 1101 1101 997 997 997 1100 1100 1100 1101 1101 1101 1085 1085 1085 1102 1102 1102 1101 1101 1101 1085 1085 1085 1082 1082 1082 1102 1102 1102 997 997 997 1101 1101 1101 1103 1103 1103 1101 1101 1101 1102 1102 1102 1103 1103 1103 1103 1103 1103 996 996 996 997 997 997 1102 1102 1102 1082 1082 1082 1079 1079 1079 1002 1002 1002 996 996 996 1103 1103 1103 1104 1104 1104 1102 1102 1102 1079 1079 1079 1105 1105 1105 1103 1103 1103 1102 1102 1102 1104 1104 1104 1105 1105 1105 1102 1102 1102 1105 1105 1105 1002 1002 1002 1103 1103 1103 1104 1104 1104 1079 1079 1079 1106 1106 1106 1105 1105 1105 1104 1104 1104 1106 1106 1106 1079 1079 1079 1075 1075 1075 1106 1106 1106 1105 1105 1105 1107 1107 1107 1002 1002 1002 1107 1107 1107 1105 1105 1105 1106 1106 1106 1107 1107 1107 1003 1003 1003 1002 1002 1002 1075 1075 1075 1074 1074 1074 1106 1106 1106 1003 1003 1003 1107 1107 1107 1007 1007 1007 1074 1074 1074 1108 1108 1108 1106 1106 1106 1107 1107 1107 1106 1106 1106 1109 1109 1109 1106 1106 1106 1108 1108 1108 1109 1109 1109 1107 1107 1107 1109 1109 1109 1007 1007 1007 1110 1110 1110 1108 1108 1108 1074 1074 1074 1108 1108 1108 1110 1110 1110 1109 1109 1109 1069 1069 1069 1110 1110 1110 1074 1074 1074 1066 1066 1066 1110 1110 1110 1069 1069 1069 1109 1109 1109 1111 1111 1111 1007 1007 1007 1110 1110 1110 1111 1111 1111 1109 1109 1109 1111 1111 1111 1010 1010 1010 1007 1007 1007 1066 1066 1066 1112 1112 1112 1110 1110 1110 1110 1110 1110 1112 1112 1112 1111 1111 1111 1010 1010 1010 1111 1111 1111 1113 1113 1113 1112 1112 1112 1113 1113 1113 1111 1111 1111 1011 1011 1011 1010 1010 1010 1113 1113 1113 1011 1011 1011 1113 1113 1113 1021 1021 1021 1114 1114 1114 1112 1112 1112 1066 1066 1066 1113 1113 1113 1112 1112 1112 1114 1114 1114 1113 1113 1113 1114 1114 1114 1021 1021 1021 1114 1114 1114 1066 1066 1066 1062 1062 1062 1021 1021 1021 1114 1114 1114 1023 1023 1023 1062 1062 1062 1063 1063 1063 1114 1114 1114 1114 1114 1114 1063 1063 1063 1023 1023 1023 1023 1023 1023 1063 1063 1063 1115 1115 1115 1115 1115 1115 1024 1024 1024 1023 1023 1023 1115 1115 1115 1031 1031 1031 1024 1024 1024 1052 1052 1052 1031 1031 1031 1115 1115 1115 1063 1063 1063 1116 1116 1116 1115 1115 1115 1116 1116 1116 1052 1052 1052 1115 1115 1115 1055 1055 1055 1116 1116 1116 1063 1063 1063 1052 1052 1052 1116 1116 1116 1055 1055 1055 1117 1117 1117 1118 1118 1118 1119 1119 1119 1119 1119 1119 1120 1120 1120 1117 1117 1117 1118 1118 1118 1117 1117 1117 1121 1121 1121 1122 1122 1122 1118 1118 1118 1121 1121 1121 1120 1120 1120 1123 1123 1123 1117 1117 1117 1124 1124 1124 1122 1122 1122 1121 1121 1121 1122 1122 1122 1124 1124 1124 1125 1125 1125 1117 1117 1117 1126 1126 1126 1121 1121 1121 1123 1123 1123 1126 1126 1126 1117 1117 1117 1124 1124 1124 1121 1121 1121 1127 1127 1127 1126 1126 1126 1128 1128 1128 1121 1121 1121 1128 1128 1128 1127 1127 1127 1121 1121 1121 1123 1123 1123 1129 1129 1129 1126 1126 1126 1129 1129 1129 1128 1128 1128 1126 1126 1126 1130 1130 1130 1123 1123 1123 1120 1120 1120 1131 1131 1131 1130 1130 1130 1120 1120 1120 1131 1131 1131 1132 1132 1132 1130 1130 1130 1130 1130 1130 1133 1133 1133 1123 1123 1123 1123 1123 1123 1133 1133 1133 1129 1129 1129 1132 1132 1132 1134 1134 1134 1130 1130 1130 1130 1130 1130 1134 1134 1134 1133 1133 1133 1135 1135 1135 1134 1134 1134 1132 1132 1132 1136 1136 1136 1135 1135 1135 1132 1132 1132 1134 1134 1134 1137 1137 1137 1133 1133 1133 1137 1137 1137 1134 1134 1134 1135 1135 1135 1133 1133 1133 1138 1138 1138 1129 1129 1129 1133 1133 1133 1137 1137 1137 1138 1138 1138 1129 1129 1129 1138 1138 1138 1139 1139 1139 1128 1128 1128 1129 1129 1129 1139 1139 1139 1139 1139 1139 1138 1138 1138 1140 1140 1140 1139 1139 1139 1141 1141 1141 1128 1128 1128 1139 1139 1139 1140 1140 1140 1141 1141 1141 1128 1128 1128 1141 1141 1141 1127 1127 1127 1142 1142 1142 1140 1140 1140 1138 1138 1138 1137 1137 1137 1142 1142 1142 1138 1138 1138 1141 1141 1141 1143 1143 1143 1127 1127 1127 1143 1143 1143 1124 1124 1124 1127 1127 1127 1142 1142 1142 1137 1137 1137 1144 1144 1144 1124 1124 1124 1143 1143 1143 1145 1145 1145 1124 1124 1124 1145 1145 1145 1125 1125 1125 1144 1144 1144 1137 1137 1137 1146 1146 1146 1146 1146 1146 1137 1137 1137 1135 1135 1135 1145 1145 1145 1147 1147 1147 1125 1125 1125 1147 1147 1147 1148 1148 1148 1125 1125 1125 1143 1143 1143 1149 1149 1149 1145 1145 1145 1147 1147 1147 1150 1150 1150 1148 1148 1148 1150 1150 1150 1151 1151 1151 1148 1148 1148 1152 1152 1152 1147 1147 1147 1145 1145 1145 1149 1149 1149 1152 1152 1152 1145 1145 1145 1150 1150 1150 1147 1147 1147 1153 1153 1153 1147 1147 1147 1152 1152 1152 1153 1153 1153 1154 1154 1154 1149 1149 1149 1143 1143 1143 1154 1154 1154 1152 1152 1152 1149 1149 1149 1141 1141 1141 1154 1154 1154 1143 1143 1143 1152 1152 1152 1155 1155 1155 1153 1153 1153 1152 1152 1152 1154 1154 1154 1155 1155 1155 1141 1141 1141 1156 1156 1156 1154 1154 1154 1154 1154 1154 1156 1156 1156 1155 1155 1155 1141 1141 1141 1140 1140 1140 1156 1156 1156 1157 1157 1157 1153 1153 1153 1155 1155 1155 1150 1150 1150 1153 1153 1153 1157 1157 1157 1140 1140 1140 1158 1158 1158 1156 1156 1156 1142 1142 1142 1158 1158 1158 1140 1140 1140 1151 1151 1151 1150 1150 1150 1159 1159 1159 1159 1159 1159 1150 1150 1150 1157 1157 1157 1160 1160 1160 1151 1151 1151 1159 1159 1159 1161 1161 1161 1160 1160 1160 1159 1159 1159 1162 1162 1162 1159 1159 1159 1157 1157 1157 1162 1162 1162 1161 1161 1161 1159 1159 1159 1163 1163 1163 1162 1162 1162 1157 1157 1157 1163 1163 1163 1157 1157 1157 1155 1155 1155 1162 1162 1162 1164 1164 1164 1161 1161 1161 1164 1164 1164 1165 1165 1165 1161 1161 1161 1165 1165 1165 1164 1164 1164 1166 1166 1166 1162 1162 1162 1163 1163 1163 1167 1167 1167 1164 1164 1164 1162 1162 1162 1167 1167 1167 1163 1163 1163 1155 1155 1155 1168 1168 1168 1163 1163 1163 1168 1168 1168 1167 1167 1167 1156 1156 1156 1168 1168 1168 1155 1155 1155 1164 1164 1164 1169 1169 1169 1166 1166 1166 1166 1166 1166 1169 1169 1169 1170 1170 1170 1156 1156 1156 1171 1171 1171 1168 1168 1168 1156 1156 1156 1158 1158 1158 1171 1171 1171 1169 1169 1169 1172 1172 1172 1170 1170 1170 1173 1173 1173 1170 1170 1170 1172 1172 1172 1174 1174 1174 1169 1169 1169 1164 1164 1164 1169 1169 1169 1174 1174 1174 1172 1172 1172 1167 1167 1167 1174 1174 1174 1164 1164 1164 1175 1175 1175 1173 1173 1173 1172 1172 1172 1175 1175 1175 1176 1176 1176 1173 1173 1173 1174 1174 1174 1177 1177 1177 1172 1172 1172 1175 1175 1175 1172 1172 1172 1177 1177 1177 1174 1174 1174 1167 1167 1167 1178 1178 1178 1167 1167 1167 1168 1168 1168 1178 1178 1178 1174 1174 1174 1178 1178 1178 1177 1177 1177 1171 1171 1171 1178 1178 1178 1168 1168 1168 1179 1179 1179 1176 1176 1176 1175 1175 1175 1176 1176 1176 1179 1179 1179 1180 1180 1180 1178 1178 1178 1171 1171 1171 1181 1181 1181 1179 1179 1179 1182 1182 1182 1180 1180 1180 1183 1183 1183 1180 1180 1180 1182 1182 1182 1179 1179 1179 1175 1175 1175 1184 1184 1184 1179 1179 1179 1184 1184 1184 1182 1182 1182 1185 1185 1185 1183 1183 1183 1182 1182 1182 1186 1186 1186 1183 1183 1183 1185 1185 1185 1184 1184 1184 1187 1187 1187 1182 1182 1182 1185 1185 1185 1182 1182 1182 1187 1187 1187 1175 1175 1175 1188 1188 1188 1184 1184 1184 1188 1188 1188 1175 1175 1175 1177 1177 1177 1189 1189 1189 1187 1187 1187 1184 1184 1184 1188 1188 1188 1189 1189 1189 1184 1184 1184 1190 1190 1190 1188 1188 1188 1177 1177 1177 1178 1178 1178 1190 1190 1190 1177 1177 1177 1188 1188 1188 1190 1190 1190 1189 1189 1189 1190 1190 1190 1178 1178 1178 1181 1181 1181 1189 1189 1189 1190 1190 1190 1181 1181 1181 1189 1189 1189 1191 1191 1191 1187 1187 1187 1191 1191 1191 1185 1185 1185 1187 1187 1187 1189 1189 1189 1181 1181 1181 1192 1192 1192 1189 1189 1189 1192 1192 1192 1191 1191 1191 1193 1193 1193 1185 1185 1185 1191 1191 1191 1193 1193 1193 1186 1186 1186 1185 1185 1185 1194 1194 1194 1193 1193 1193 1191 1191 1191 1191 1191 1191 1192 1192 1192 1194 1194 1194 1186 1186 1186 1193 1193 1193 1195 1195 1195 1195 1195 1195 1193 1193 1193 1194 1194 1194 1196 1196 1196 1186 1186 1186 1195 1195 1195 1192 1192 1192 1197 1197 1197 1194 1194 1194 1197 1197 1197 1195 1195 1195 1194 1194 1194 1195 1195 1195 1198 1198 1198 1196 1196 1196 1198 1198 1198 1199 1199 1199 1196 1196 1196 1195 1195 1195 1197 1197 1197 1200 1200 1200 1198 1198 1198 1195 1195 1195 1200 1200 1200 1192 1192 1192 1201 1201 1201 1197 1197 1197 1201 1201 1201 1200 1200 1200 1197 1197 1197 1198 1198 1198 1200 1200 1200 1202 1202 1202 1201 1201 1201 1202 1202 1202 1200 1200 1200 1199 1199 1199 1198 1198 1198 1203 1203 1203 1203 1203 1203 1198 1198 1198 1202 1202 1202 1201 1201 1201 1192 1192 1192 1204 1204 1204 1204 1204 1204 1192 1192 1192 1181 1181 1181 1204 1204 1204 1181 1181 1181 1171 1171 1171 1158 1158 1158 1204 1204 1204 1171 1171 1171 1142 1142 1142 1204 1204 1204 1158 1158 1158 1144 1144 1144 1204 1204 1204 1142 1142 1142 1205 1205 1205 1201 1201 1201 1204 1204 1204 1205 1205 1205 1204 1204 1204 1144 1144 1144 1205 1205 1205 1202 1202 1202 1201 1201 1201 1202 1202 1202 1205 1205 1205 1203 1203 1203 1205 1205 1205 1144 1144 1144 1146 1146 1146 1206 1206 1206 1205 1205 1205 1146 1146 1146 1203 1203 1203 1205 1205 1205 1206 1206 1206 1206 1206 1206 1146 1146 1146 1135 1135 1135 1203 1203 1203 1206 1206 1206 1207 1207 1207 1207 1207 1207 1199 1199 1199 1203 1203 1203 1208 1208 1208 1199 1199 1199 1207 1207 1207 1208 1208 1208 1207 1207 1207 1209 1209 1209 1210 1210 1210 1206 1206 1206 1135 1135 1135 1207 1207 1207 1206 1206 1206 1210 1210 1210 1207 1207 1207 1210 1210 1210 1209 1209 1209 1210 1210 1210 1135 1135 1135 1136 1136 1136 1209 1209 1209 1210 1210 1210 1136 1136 1136 1211 1211 1211 1212 1212 1212 1213 1213 1213 1214 1214 1214 1213 1213 1213 1212 1212 1212 1215 1215 1215 1212 1212 1212 1211 1211 1211 1211 1211 1211 1216 1216 1216 1215 1215 1215 1217 1217 1217 1214 1214 1214 1212 1212 1212 1214 1214 1214 1217 1217 1217 1218 1218 1218 1215 1215 1215 1219 1219 1219 1212 1212 1212 1219 1219 1219 1217 1217 1217 1212 1212 1212 1217 1217 1217 1220 1220 1220 1218 1218 1218 1221 1221 1221 1218 1218 1218 1220 1220 1220 1222 1222 1222 1220 1220 1220 1217 1217 1217 1219 1219 1219 1222 1222 1222 1217 1217 1217 1223 1223 1223 1221 1221 1221 1220 1220 1220 1220 1220 1220 1222 1222 1222 1223 1223 1223 1224 1224 1224 1221 1221 1221 1223 1223 1223 1224 1224 1224 1225 1225 1225 1221 1221 1221 1222 1222 1222 1226 1226 1226 1223 1223 1223 1226 1226 1226 1224 1224 1224 1223 1223 1223 1225 1225 1225 1224 1224 1224 1227 1227 1227 1228 1228 1228 1225 1225 1225 1227 1227 1227 1229 1229 1229 1227 1227 1227 1224 1224 1224 1228 1228 1228 1227 1227 1227 1230 1230 1230 1229 1229 1229 1230 1230 1230 1227 1227 1227 1231 1231 1231 1228 1228 1228 1230 1230 1230 1232 1232 1232 1231 1231 1231 1230 1230 1230 1233 1233 1233 1229 1229 1229 1224 1224 1224 1226 1226 1226 1233 1233 1233 1224 1224 1224 1234 1234 1234 1232 1232 1232 1230 1230 1230 1232 1232 1232 1234 1234 1234 1235 1235 1235 1229 1229 1229 1236 1236 1236 1230 1230 1230 1230 1230 1230 1236 1236 1236 1234 1234 1234 1236 1236 1236 1229 1229 1229 1233 1233 1233 1234 1234 1234 1237 1237 1237 1235 1235 1235 1237 1237 1237 1234 1234 1234 1236 1236 1236 1238 1238 1238 1235 1235 1235 1237 1237 1237 1236 1236 1236 1233 1233 1233 1239 1239 1239 1233 1233 1233 1226 1226 1226 1239 1239 1239 1240 1240 1240 1237 1237 1237 1236 1236 1236 1240 1240 1240 1236 1236 1236 1239 1239 1239 1241 1241 1241 1238 1238 1238 1237 1237 1237 1237 1237 1237 1240 1240 1240 1241 1241 1241 1238 1238 1238 1241 1241 1241 1242 1242 1242 1240 1240 1240 1243 1243 1243 1241 1241 1241 1240 1240 1240 1239 1239 1239 1243 1243 1243 1241 1241 1241 1244 1244 1244 1242 1242 1242 1245 1245 1245 1242 1242 1242 1244 1244 1244 1243 1243 1243 1246 1246 1246 1241 1241 1241 1246 1246 1246 1244 1244 1244 1241 1241 1241 1247 1247 1247 1245 1245 1245 1244 1244 1244 1247 1247 1247 1244 1244 1244 1246 1246 1246 1248 1248 1248 1245 1245 1245 1247 1247 1247 1248 1248 1248 1247 1247 1247 1246 1246 1246 1248 1248 1248 1249 1249 1249 1245 1245 1245 1250 1250 1250 1246 1246 1246 1243 1243 1243 1248 1248 1248 1246 1246 1246 1250 1250 1250 1250 1250 1250 1243 1243 1243 1239 1239 1239 1248 1248 1248 1251 1251 1251 1249 1249 1249 1249 1249 1249 1251 1251 1251 1252 1252 1252 1248 1248 1248 1250 1250 1250 1253 1253 1253 1248 1248 1248 1253 1253 1253 1251 1251 1251 1250 1250 1250 1239 1239 1239 1253 1253 1253 1251 1251 1251 1254 1254 1254 1252 1252 1252 1251 1251 1251 1253 1253 1253 1254 1254 1254 1254 1254 1254 1255 1255 1255 1252 1252 1252 1255 1255 1255 1254 1254 1254 1256 1256 1256 1253 1253 1253 1239 1239 1239 1257 1257 1257 1239 1239 1239 1226 1226 1226 1257 1257 1257 1258 1258 1258 1257 1257 1257 1226 1226 1226 1257 1257 1257 1258 1258 1258 1253 1253 1253 1222 1222 1222 1258 1258 1258 1226 1226 1226 1253 1253 1253 1259 1259 1259 1254 1254 1254 1258 1258 1258 1259 1259 1259 1253 1253 1253 1254 1254 1254 1260 1260 1260 1256 1256 1256 1256 1256 1256 1260 1260 1260 1261 1261 1261 1259 1259 1259 1262 1262 1262 1254 1254 1254 1262 1262 1262 1260 1260 1260 1254 1254 1254 1259 1259 1259 1258 1258 1258 1262 1262 1262 1260 1260 1260 1263 1263 1263 1261 1261 1261 1260 1260 1260 1262 1262 1262 1263 1263 1263 1258 1258 1258 1222 1222 1222 1264 1264 1264 1258 1258 1258 1264 1264 1264 1262 1262 1262 1222 1222 1222 1219 1219 1219 1264 1264 1264 1263 1263 1263 1265 1265 1265 1261 1261 1261 1265 1265 1265 1266 1266 1266 1261 1261 1261 1267 1267 1267 1263 1263 1263 1262 1262 1262 1267 1267 1267 1265 1265 1265 1263 1263 1263 1266 1266 1266 1265 1265 1265 1268 1268 1268 1268 1268 1268 1265 1265 1265 1267 1267 1267 1269 1269 1269 1266 1266 1266 1268 1268 1268 1268 1268 1268 1270 1270 1270 1269 1269 1269 1267 1267 1267 1270 1270 1270 1268 1268 1268 1269 1269 1269 1270 1270 1270 1271 1271 1271 1267 1267 1267 1262 1262 1262 1272 1272 1272 1267 1267 1267 1272 1272 1272 1270 1270 1270 1272 1272 1272 1262 1262 1262 1264 1264 1264 1219 1219 1219 1272 1272 1272 1264 1264 1264 1271 1271 1271 1270 1270 1270 1273 1273 1273 1272 1272 1272 1273 1273 1273 1270 1270 1270 1274 1274 1274 1271 1271 1271 1273 1273 1273 1275 1275 1275 1272 1272 1272 1219 1219 1219 1219 1219 1219 1215 1215 1215 1275 1275 1275 1272 1272 1272 1276 1276 1276 1273 1273 1273 1276 1276 1276 1274 1274 1274 1273 1273 1273 1276 1276 1276 1272 1272 1272 1275 1275 1275 1276 1276 1276 1277 1277 1277 1274 1274 1274 1276 1276 1276 1216 1216 1216 1277 1277 1277 1215 1215 1215 1278 1278 1278 1275 1275 1275 1276 1276 1276 1275 1275 1275 1278 1278 1278 1215 1215 1215 1216 1216 1216 1278 1278 1278 1216 1216 1216 1276 1276 1276 1278 1278 1278 1279 1279 1279 1280 1280 1280 1281 1281 1281 1282 1282 1282 1281 1281 1281 1280 1280 1280 1279 1279 1279 1283 1283 1283 1280 1280 1280 1284 1284 1284 1283 1283 1283 1279 1279 1279 1285 1285 1285 1282 1282 1282 1280 1280 1280 1284 1284 1284 1286 1286 1286 1283 1283 1283 1286 1286 1286 1284 1284 1284 1287 1287 1287 1280 1280 1280 1283 1283 1283 1288 1288 1288 1280 1280 1280 1288 1288 1288 1285 1285 1285 1289 1289 1289 1283 1283 1283 1286 1286 1286 1289 1289 1289 1288 1288 1288 1283 1283 1283 1286 1286 1286 1287 1287 1287 1290 1290 1290 1289 1289 1289 1291 1291 1291 1288 1288 1288 1288 1288 1288 1291 1291 1291 1285 1285 1285 1286 1286 1286 1292 1292 1292 1289 1289 1289 1286 1286 1286 1290 1290 1290 1292 1292 1292 1289 1289 1289 1293 1293 1293 1291 1291 1291 1289 1289 1289 1292 1292 1292 1293 1293 1293 1287 1287 1287 1294 1294 1294 1290 1290 1290 1294 1294 1294 1292 1292 1292 1290 1290 1290 1287 1287 1287 1295 1295 1295 1294 1294 1294 1294 1294 1294 1295 1295 1295 1296 1296 1296 1295 1295 1295 1297 1297 1297 1296 1296 1296 1298 1298 1298 1292 1292 1292 1294 1294 1294 1298 1298 1298 1294 1294 1294 1296 1296 1296 1299 1299 1299 1296 1296 1296 1297 1297 1297 1298 1298 1298 1296 1296 1296 1299 1299 1299 1300 1300 1300 1299 1299 1299 1297 1297 1297 1299 1299 1299 1300 1300 1300 1301 1301 1301 1301 1301 1301 1298 1298 1298 1299 1299 1299 1301 1301 1301 1300 1300 1300 1302 1302 1302 1302 1302 1302 1303 1303 1303 1301 1301 1301 1304 1304 1304 1292 1292 1292 1298 1298 1298 1293 1293 1293 1292 1292 1292 1304 1304 1304 1301 1301 1301 1305 1305 1305 1298 1298 1298 1305 1305 1305 1304 1304 1304 1298 1298 1298 1303 1303 1303 1306 1306 1306 1301 1301 1301 1306 1306 1306 1305 1305 1305 1301 1301 1301 1306 1306 1306 1303 1303 1303 1307 1307 1307 1308 1308 1308 1306 1306 1306 1307 1307 1307 1305 1305 1305 1306 1306 1306 1308 1308 1308 1308 1308 1308 1307 1307 1307 1309 1309 1309 1304 1304 1304 1305 1305 1305 1310 1310 1310 1310 1310 1310 1305 1305 1305 1308 1308 1308 1311 1311 1311 1308 1308 1308 1309 1309 1309 1311 1311 1311 1310 1310 1310 1308 1308 1308 1312 1312 1312 1311 1311 1311 1309 1309 1309 1313 1313 1313 1312 1312 1312 1309 1309 1309 1314 1314 1314 1312 1312 1312 1313 1313 1313 1315 1315 1315 1310 1310 1310 1311 1311 1311 1315 1315 1315 1311 1311 1311 1312 1312 1312 1316 1316 1316 1304 1304 1304 1310 1310 1310 1316 1316 1316 1310 1310 1310 1315 1315 1315 1293 1293 1293 1304 1304 1304 1316 1316 1316 1312 1312 1312 1314 1314 1314 1317 1317 1317 1314 1314 1314 1318 1318 1318 1317 1317 1317 1319 1319 1319 1315 1315 1315 1312 1312 1312 1317 1317 1317 1319 1319 1319 1312 1312 1312 1318 1318 1318 1320 1320 1320 1317 1317 1317 1317 1317 1317 1320 1320 1320 1319 1319 1319 1320 1320 1320 1318 1318 1318 1321 1321 1321 1322 1322 1322 1320 1320 1320 1321 1321 1321 1322 1322 1322 1319 1319 1319 1320 1320 1320 1321 1321 1321 1323 1323 1323 1322 1322 1322 1319 1319 1319 1324 1324 1324 1315 1315 1315 1324 1324 1324 1316 1316 1316 1315 1315 1315 1322 1322 1322 1325 1325 1325 1319 1319 1319 1319 1319 1319 1325 1325 1325 1324 1324 1324 1323 1323 1323 1326 1326 1326 1322 1322 1322 1322 1322 1322 1326 1326 1326 1325 1325 1325 1323 1323 1323 1327 1327 1327 1326 1326 1326 1327 1327 1327 1325 1325 1325 1326 1326 1326 1323 1323 1323 1328 1328 1328 1327 1327 1327 1329 1329 1329 1325 1325 1325 1327 1327 1327 1329 1329 1329 1324 1324 1324 1325 1325 1325 1330 1330 1330 1327 1327 1327 1328 1328 1328 1329 1329 1329 1327 1327 1327 1330 1330 1330 1330 1330 1330 1328 1328 1328 1331 1331 1331 1316 1316 1316 1324 1324 1324 1332 1332 1332 1332 1332 1332 1293 1293 1293 1316 1316 1316 1330 1330 1330 1331 1331 1331 1333 1333 1333 1333 1333 1333 1331 1331 1331 1334 1334 1334 1333 1333 1333 1334 1334 1334 1335 1335 1335 1330 1330 1330 1333 1333 1333 1336 1336 1336 1336 1336 1336 1329 1329 1329 1330 1330 1330 1337 1337 1337 1333 1333 1333 1335 1335 1335 1333 1333 1333 1337 1337 1337 1336 1336 1336 1337 1337 1337 1335 1335 1335 1338 1338 1338 1337 1337 1337 1339 1339 1339 1336 1336 1336 1339 1339 1339 1329 1329 1329 1336 1336 1336 1340 1340 1340 1337 1337 1337 1338 1338 1338 1337 1337 1337 1340 1340 1340 1339 1339 1339 1340 1340 1340 1338 1338 1338 1341 1341 1341 1339 1339 1339 1342 1342 1342 1329 1329 1329 1339 1339 1339 1340 1340 1340 1342 1342 1342 1343 1343 1343 1340 1340 1340 1341 1341 1341 1340 1340 1340 1343 1343 1343 1342 1342 1342 1343 1343 1343 1341 1341 1341 1344 1344 1344 1329 1329 1329 1342 1342 1342 1345 1345 1345 1329 1329 1329 1345 1345 1345 1324 1324 1324 1324 1324 1324 1345 1345 1345 1332 1332 1332 1342 1342 1342 1346 1346 1346 1345 1345 1345 1346 1346 1346 1332 1332 1332 1345 1345 1345 1342 1342 1342 1343 1343 1343 1346 1346 1346 1347 1347 1347 1343 1343 1343 1344 1344 1344 1343 1343 1343 1347 1347 1347 1346 1346 1346 1347 1347 1347 1344 1344 1344 1282 1282 1282 1285 1285 1285 1347 1347 1347 1282 1282 1282 1348 1348 1348 1332 1332 1332 1346 1346 1346 1347 1347 1347 1348 1348 1348 1346 1346 1346 1347 1347 1347 1285 1285 1285 1348 1348 1348 1348 1348 1348 1293 1293 1293 1332 1332 1332 1285 1285 1285 1291 1291 1291 1348 1348 1348 1291 1291 1291 1293 1293 1293 1348 1348 1348 1349 1349 1349 1350 1350 1350 1351 1351 1351 1350 1350 1350 1352 1352 1352 1351 1351 1351 1353 1353 1353 1349 1349 1349 1351 1351 1351 1349 1349 1349 1353 1353 1353 1354 1354 1354 1352 1352 1352 1355 1355 1355 1351 1351 1351 1354 1354 1354 1353 1353 1353 1356 1356 1356 1355 1355 1355 1352 1352 1352 1357 1357 1357 1352 1352 1352 1358 1358 1358 1357 1357 1357 1357 1357 1357 1358 1358 1358 1359 1359 1359 1351 1351 1351 1355 1355 1355 1360 1360 1360 1360 1360 1360 1353 1353 1353 1351 1351 1351 1357 1357 1357 1361 1361 1361 1355 1355 1355 1355 1355 1355 1361 1361 1361 1360 1360 1360 1357 1357 1357 1359 1359 1359 1362 1362 1362 1359 1359 1359 1363 1363 1363 1362 1362 1362 1357 1357 1357 1362 1362 1362 1364 1364 1364 1364 1364 1364 1361 1361 1361 1357 1357 1357 1363 1363 1363 1365 1365 1365 1362 1362 1362 1364 1364 1364 1362 1362 1362 1365 1365 1365 1366 1366 1366 1365 1365 1365 1363 1363 1363 1367 1367 1367 1366 1366 1366 1363 1363 1363 1364 1364 1364 1365 1365 1365 1368 1368 1368 1368 1368 1368 1361 1361 1361 1364 1364 1364 1368 1368 1368 1365 1365 1365 1366 1366 1366 1369 1369 1369 1361 1361 1361 1368 1368 1368 1361 1361 1361 1369 1369 1369 1360 1360 1360 1368 1368 1368 1366 1366 1366 1370 1370 1370 1370 1370 1370 1369 1369 1369 1368 1368 1368 1371 1371 1371 1366 1366 1366 1367 1367 1367 1371 1371 1371 1370 1370 1370 1366 1366 1366 1372 1372 1372 1371 1371 1371 1367 1367 1367 1372 1372 1372 1373 1373 1373 1371 1371 1371 1374 1374 1374 1369 1369 1369 1370 1370 1370 1373 1373 1373 1375 1375 1375 1371 1371 1371 1376 1376 1376 1370 1370 1370 1371 1371 1371 1375 1375 1375 1376 1376 1376 1371 1371 1371 1374 1374 1374 1370 1370 1370 1376 1376 1376 1377 1377 1377 1375 1375 1375 1373 1373 1373 1376 1376 1376 1375 1375 1375 1377 1377 1377 1378 1378 1378 1377 1377 1377 1373 1373 1373 1379 1379 1379 1377 1377 1377 1378 1378 1378 1380 1380 1380 1379 1379 1379 1378 1378 1378 1376 1376 1376 1377 1377 1377 1381 1381 1381 1381 1381 1381 1377 1377 1377 1379 1379 1379 1382 1382 1382 1379 1379 1379 1380 1380 1380 1381 1381 1381 1379 1379 1379 1382 1382 1382 1383 1383 1383 1382 1382 1382 1380 1380 1380 1382 1382 1382 1383 1383 1383 1384 1384 1384 1385 1385 1385 1382 1382 1382 1384 1384 1384 1381 1381 1381 1382 1382 1382 1385 1385 1385 1384 1384 1384 1386 1386 1386 1385 1385 1385 1387 1387 1387 1376 1376 1376 1381 1381 1381 1387 1387 1387 1374 1374 1374 1376 1376 1376 1385 1385 1385 1388 1388 1388 1381 1381 1381 1387 1387 1387 1381 1381 1381 1388 1388 1388 1386 1386 1386 1389 1389 1389 1385 1385 1385 1385 1385 1385 1389 1389 1389 1388 1388 1388 1386 1386 1386 1390 1390 1390 1389 1389 1389 1390 1390 1390 1391 1391 1391 1389 1389 1389 1391 1391 1391 1388 1388 1388 1389 1389 1389 1391 1391 1391 1390 1390 1390 1392 1392 1392 1393 1393 1393 1388 1388 1388 1391 1391 1391 1387 1387 1387 1388 1388 1388 1393 1393 1393 1394 1394 1394 1391 1391 1391 1392 1392 1392 1393 1393 1393 1391 1391 1391 1394 1394 1394 1392 1392 1392 1395 1395 1395 1394 1394 1394 1395 1395 1395 1396 1396 1396 1394 1394 1394 1393 1393 1393 1394 1394 1394 1396 1396 1396 1396 1396 1396 1395 1395 1395 1397 1397 1397 1393 1393 1393 1396 1396 1396 1398 1398 1398 1398 1398 1398 1396 1396 1396 1397 1397 1397 1399 1399 1399 1387 1387 1387 1393 1393 1393 1399 1399 1399 1393 1393 1393 1398 1398 1398 1400 1400 1400 1398 1398 1398 1397 1397 1397 1400 1400 1400 1399 1399 1399 1398 1398 1398 1401 1401 1401 1400 1400 1400 1397 1397 1397 1399 1399 1399 1402 1402 1402 1387 1387 1387 1402 1402 1402 1399 1399 1399 1400 1400 1400 1387 1387 1387 1402 1402 1402 1374 1374 1374 1400 1400 1400 1401 1401 1401 1403 1403 1403 1403 1403 1403 1402 1402 1402 1400 1400 1400 1401 1401 1401 1404 1404 1404 1403 1403 1403 1403 1403 1403 1404 1404 1404 1405 1405 1405 1402 1402 1402 1403 1403 1403 1405 1405 1405 1404 1404 1404 1406 1406 1406 1405 1405 1405 1405 1405 1405 1406 1406 1406 1407 1407 1407 1408 1408 1408 1402 1402 1402 1405 1405 1405 1409 1409 1409 1405 1405 1405 1407 1407 1407 1409 1409 1409 1408 1408 1408 1405 1405 1405 1409 1409 1409 1407 1407 1407 1410 1410 1410 1411 1411 1411 1402 1402 1402 1408 1408 1408 1374 1374 1374 1402 1402 1402 1411 1411 1411 1412 1412 1412 1408 1408 1408 1409 1409 1409 1411 1411 1411 1408 1408 1408 1412 1412 1412 1413 1413 1413 1409 1409 1409 1410 1410 1410 1413 1413 1413 1412 1412 1412 1409 1409 1409 1413 1413 1413 1410 1410 1410 1354 1354 1354 1356 1356 1356 1413 1413 1413 1354 1354 1354 1413 1413 1413 1356 1356 1356 1412 1412 1412 1356 1356 1356 1414 1414 1414 1412 1412 1412 1411 1411 1411 1412 1412 1412 1414 1414 1414 1353 1353 1353 1414 1414 1414 1356 1356 1356 1414 1414 1414 1353 1353 1353 1360 1360 1360 1411 1411 1411 1414 1414 1414 1415 1415 1415 1415 1415 1415 1414 1414 1414 1360 1360 1360 1374 1374 1374 1411 1411 1411 1415 1415 1415 1369 1369 1369 1415 1415 1415 1360 1360 1360 1369 1369 1369 1374 1374 1374 1415 1415 1415 </p>
        </triangles>
      </mesh>
    </geometry>
  </library_geometries>
  <library_controllers>
    <controller id="Armature_ComforterA_low__mReBody-mesh">
      <skin source="#ComforterA_low__mReBody-mesh">
        <bind_shape_matrix>1 0 0 0 0 1 0 0 0 0 1 0 0 0 0 1</bind_shape_matrix>
        <source id="ComforterA_low__mReBody-mesh-joint">
          <Name_array id="ComforterA_low__mReBody-mesh-joint-array" count="1">Root</Name_array>
          <technique_common>
            <accessor source="#ComforterA_low__mReBody-mesh-joint-array" count="1" stride="1">
              <param name="JOINT" type="name" />
            </accessor>
          </technique_common>
        </source>
        <source id="ComforterA_low__mReBody-mesh-inv_bind_matrix">
          <float_array id="ComforterA_low__mReBody-mesh-inv_bind_matrix-array" count="16">1 0 0 0 0 1 0 0 0 0 1 0 0 0 0 1</float_array>
          <technique_common>
            <accessor source="#ComforterA_low__mReBody-mesh-inv_bind_matrix-array" count="1" stride="16">
              <param name="TRANSFORM" type="float4x4" />
            </accessor>
          </technique_common>
        </source>
        <source id="ComforterA_low__mReBody-mesh-weight">
          <float_array id="ComforterA_low__mReBody-mesh-weight-array" count="1">1</float_array>
          <technique_common>
            <accessor source="#ComforterA_low__mReBody-mesh-weight-array" count="1" stride="1">
              <param name="WEIGHT" type="float" />
            </accessor>
          </technique_common>
        </source>
        <joints>
          <input semantic="JOINT" source="#ComforterA_low__mReBody-mesh-joint" />
          <input semantic="INV_BIND_MATRIX" source="#ComforterA_low__mReBody-mesh-inv_bind_matrix" />
        </joints>
        <vertex_weights count="1416">
          <input semantic="JOINT" source="#ComforterA_low__mReBody-mesh-joint" offset="0" />
          <input semantic="WEIGHT" source="#ComforterA_low__mReBody-mesh-weight" offset="1" />
          <vcount>1 1 1 1 1 1 1 1 1 1 1 1 1 1 1 1 1 1 1 1 1 1 1 1 1 1 1 1 1 1 1 1 1 1 1 1 1 1 1 1 1 1 1 1 1 1 1 1 1 1 1 1 1 1 1 1 1 1 1 1 1 1 1 1 1 1 1 1 1 1 1 1 1 1 1 1 1 1 1 1 1 1 1 1 1 1 1 1 1 1 1 1 1 1 1 1 1 1 1 1 1 1 1 1 1 1 1 1 1 1 1 1 1 1 1 1 1 1 1 1 1 1 1 1 1 1 1 1 1 1 1 1 1 1 1 1 1 1 1 1 1 1 1 1 1 1 1 1 1 1 1 1 1 1 1 1 1 1 1 1 1 1 1 1 1 1 1 1 1 1 1 1 1 1 1 1 1 1 1 1 1 1 1 1 1 1 1 1 1 1 1 1 1 1 1 1 1 1 1 1 1 1 1 1 1 1 1 1 1 1 1 1 1 1 1 1 1 1 1 1 1 1 1 1 1 1 1 1 1 1 1 1 1 1 1 1 1 1 1 1 1 1 1 1 1 1 1 1 1 1 1 1 1 1 1 1 1 1 1 1 1 1 1 1 1 1 1 1 1 1 1 1 1 1 1 1 1 1 1 1 1 1 1 1 1 1 1 1 1 1 1 1 1 1 1 1 1 1 1 1 1 1 1 1 1 1 1 1 1 1 1 1 1 1 1 1 1 1 1 1 1 1 1 1 1 1 1 1 1 1 1 1 1 1 1 1 1 1 1 1 1 1 1 1 1 1 1 1 1 1 1 1 1 1 1 1 1 1 1 1 1 1 1 1 1 1 1 1 1 1 1 1 1 1 1 1 1 1 1 1 1 1 1 1 1 1 1 1 1 1 1 1 1 1 1 1 1 1 1 1 1 1 1 1 1 1 1 1 1 1 1 1 1 1 1 1 1 1 1 1 1 1 1 1 1 1 1 1 1 1 1 1 1 1 1 1 1 1 1 1 1 1 1 1 1 1 1 1 1 1 1 1 1 1 1 1 1 1 1 1 1 1 1 1 1 1 1 1 1 1 1 1 1 1 1 1 1 1 1 1 1 1 1 1 1 1 1 1 1 1 1 1 1 1 1 1 1 1 1 1 1 1 1 1 1 1 1 1 1 1 1 1 1 1 1 1 1 1 1 1 1 1 1 1 1 1 1 1 1 1 1 1 1 1 1 1 1 1 1 1 1 1 1 1 1 1 1 1 1 1 1 1 1 1 1 1 1 1 1 1 1 1 1 1 1 1 1 1 1 1 1 1 1 1 1 1 1 1 1 1 1 1 1 1 1 1 1 1 1 1 1 1 1 1 1 1 1 1 1 1 1 1 1 1 1 1 1 1 1 1 1 1 1 1 1 1 1 1 1 1 1 1 1 1 1 1 1 1 1 1 1 1 1 1 1 1 1 1 1 1 1 1 1 1 1 1 1 1 1 1 1 1 1 1 1 1 1 1 1 1 1 1 1 1 1 1 1 1 1 1 1 1 1 1 1 1 1 1 1 1 1 1 1 1 1 1 1 1 1 1 1 1 1 1 1 1 1 1 1 1 1 1 1 1 1 1 1 1 1 1 1 1 1 1 1 1 1 1 1 1 1 1 1 1 1 1 1 1 1 1 1 1 1 1 1 1 1 1 1 1 1 1 1 1 1 1 1 1 1 1 1 1 1 1 1 1 1 1 1 1 1 1 1 1 1 1 1 1 1 1 1 1 1 1 1 1 1 1 1 1 1 1 1 1 1 1 1 1 1 1 1 1 1 1 1 1 1 1 1 1 1 1 1 1 1 1 1 1 1 1 1 1 1 1 1 1 1 1 1 1 1 1 1 1 1 1 1 1 1 1 1 1 1 1 1 1 1 1 1 1 1 1 1 1 1 1 1 1 1 1 1 1 1 1 1 1 1 1 1 1 1 1 1 1 1 1 1 1 1 1 1 1 1 1 1 1 1 1 1 1 1 1 1 1 1 1 1 1 1 1 1 1 1 1 1 1 1 1 1 1 1 1 1 1 1 1 1 1 1 1 1 1 1 1 1 1 1 1 1 1 1 1 1 1 1 1 1 1 1 1 1 1 1 1 1 1 1 1 1 1 1 1 1 1 1 1 1 1 1 1 1 1 1 1 1 1 1 1 1 1 1 1 1 1 1 1 1 1 1 1 1 1 1 1 1 1 1 1 1 1 1 1 1 1 1 1 1 1 1 1 1 1 1 1 1 1 1 1 1 1 1 1 1 1 1 1 1 1 1 1 1 1 1 1 1 1 1 1 1 1 1 1 1 1 1 1 1 1 1 1 1 1 1 1 1 1 1 1 1 1 1 1 1 1 1 1 1 1 1 1 1 1 1 1 1 1 1 1 1 1 1 1 1 1 1 1 1 1 1 1 1 1 1 1 1 1 1 1 1 1 1 1 1 1 1 1 1 1 1 1 1 1 1 1 1 1 1 1 1 1 1 1 1 1 1 1 1 1 1 1 1 1 1 1 1 1 1 1 1 1 1 1 1 1 1 1 1 1 1 1 1 1 1 1 1 1 1 1 1 1 1 1 1 1 1 1 1 1 1 1 1 1 1 1 1 1 1 1 1 1 1 1 1 1 1 1 1 1 1 1 1 1 1 1 1 1 1 1 1 1 1 1 1 1 1 1 1 1 1 1 1 1 1 1 1 1 1 1 1 1 1 1 1 1 1 1 1 1 1 1 1 1 1 1 1 1 1 1 1 1 1 1 1 1 1 1 1 1 1 1 1 1 1 1 1 1 1 1 1 1 1 1 1 1 1 1 1 1 1 1 1 1 1 1 1 1 1 1 1 1 1 1 1 1 1 1 1 1 1 1 1 1 1 1 1 1 1 1 1 1 1 1 1 1 1 1 1 1 1 1 1 1 1 1 1 1 1 1 1 1 1 1 1 1 1 1 1 1 1 1 1 1 1 1 1 1 1 1 1 1 1 1 1 1 1 1 1 1 1 1 1 1 1 1 1 1 1 1 1 1 1 1 1 1 1 1 1 1 1 1 1 1 1 1 1 1 1 1 1 1 1 1 1 1 1 1 1 1 1 1 1 1 1 1 1 1 1 1 1 1 1 1 1 1 1 1 1 1 1 1 1 1 1 1 1 1 1 1 1 1 1 1 1 1 1 1 1 1 1 1 1 1 1 1 1 1 </vcount>
          <v>0 0 0 0 0 0 0 0 0 0 0 0 0 0 0 0 0 0 0 0 0 0 0 0 0 0 0 0 0 0 0 0 0 0 0 0 0 0 0 0 0 0 0 0 0 0 0 0 0 0 0 0 0 0 0 0 0 0 0 0 0 0 0 0 0 0 0 0 0 0 0 0 0 0 0 0 0 0 0 0 0 0 0 0 0 0 0 0 0 0 0 0 0 0 0 0 0 0 0 0 0 0 0 0 0 0 0 0 0 0 0 0 0 0 0 0 0 0 0 0 0 0 0 0 0 0 0 0 0 0 0 0 0 0 0 0 0 0 0 0 0 0 0 0 0 0 0 0 0 0 0 0 0 0 0 0 0 0 0 0 0 0 0 0 0 0 0 0 0 0 0 0 0 0 0 0 0 0 0 0 0 0 0 0 0 0 0 0 0 0 0 0 0 0 0 0 0 0 0 0 0 0 0 0 0 0 0 0 0 0 0 0 0 0 0 0 0 0 0 0 0 0 0 0 0 0 0 0 0 0 0 0 0 0 0 0 0 0 0 0 0 0 0 0 0 0 0 0 0 0 0 0 0 0 0 0 0 0 0 0 0 0 0 0 0 0 0 0 0 0 0 0 0 0 0 0 0 0 0 0 0 0 0 0 0 0 0 0 0 0 0 0 0 0 0 0 0 0 0 0 0 0 0 0 0 0 0 0 0 0 0 0 0 0 0 0 0 0 0 0 0 0 0 0 0 0 0 0 0 0 0 0 0 0 0 0 0 0 0 0 0 0 0 0 0 0 0 0 0 0 0 0 0 0 0 0 0 0 0 0 0 0 0 0 0 0 0 0 0 0 0 0 0 0 0 0 0 0 0 0 0 0 0 0 0 0 0 0 0 0 0 0 0 0 0 0 0 0 0 0 0 0 0 0 0 0 0 0 0 0 0 0 0 0 0 0 0 0 0 0 0 0 0 0 0 0 0 0 0 0 0 0 0 0 0 0 0 0 0 0 0 0 0 0 0 0 0 0 0 0 0 0 0 0 0 0 0 0 0 0 0 0 0 0 0 0 0 0 0 0 0 0 0 0 0 0 0 0 0 0 0 0 0 0 0 0 0 0 0 0 0 0 0 0 0 0 0 0 0 0 0 0 0 0 0 0 0 0 0 0 0 0 0 0 0 0 0 0 0 0 0 0 0 0 0 0 0 0 0 0 0 0 0 0 0 0 0 0 0 0 0 0 0 0 0 0 0 0 0 0 0 0 0 0 0 0 0 0 0 0 0 0 0 0 0 0 0 0 0 0 0 0 0 0 0 0 0 0 0 0 0 0 0 0 0 0 0 0 0 0 0 0 0 0 0 0 0 0 0 0 0 0 0 0 0 0 0 0 0 0 0 0 0 0 0 0 0 0 0 0 0 0 0 0 0 0 0 0 0 0 0 0 0 0 0 0 0 0 0 0 0 0 0 0 0 0 0 0 0 0 0 0 0 0 0 0 0 0 0 0 0 0 0 0 0 0 0 0 0 0 0 0 0 0 0 0 0 0 0 0 0 0 0 0 0 0 0 0 0 0 0 0 0 0 0 0 0 0 0 0 0 0 0 0 0 0 0 0 0 0 0 0 0 0 0 0 0 0 0 0 0 0 0 0 0 0 0 0 0 0 0 0 0 0 0 0 0 0 0 0 0 0 0 0 0 0 0 0 0 0 0 0 0 0 0 0 0 0 0 0 0 0 0 0 0 0 0 0 0 0 0 0 0 0 0 0 0 0 0 0 0 0 0 0 0 0 0 0 0 0 0 0 0 0 0 0 0 0 0 0 0 0 0 0 0 0 0 0 0 0 0 0 0 0 0 0 0 0 0 0 0 0 0 0 0 0 0 0 0 0 0 0 0 0 0 0 0 0 0 0 0 0 0 0 0 0 0 0 0 0 0 0 0 0 0 0 0 0 0 0 0 0 0 0 0 0 0 0 0 0 0 0 0 0 0 0 0 0 0 0 0 0 0 0 0 0 0 0 0 0 0 0 0 0 0 0 0 0 0 0 0 0 0 0 0 0 0 0 0 0 0 0 0 0 0 0 0 0 0 0 0 0 0 0 0 0 0 0 0 0 0 0 0 0 0 0 0 0 0 0 0 0 0 0 0 0 0 0 0 0 0 0 0 0 0 0 0 0 0 0 0 0 0 0 0 0 0 0 0 0 0 0 0 0 0 0 0 0 0 0 0 0 0 0 0 0 0 0 0 0 0 0 0 0 0 0 0 0 0 0 0 0 0 0 0 0 0 0 0 0 0 0 0 0 0 0 0 0 0 0 0 0 0 0 0 0 0 0 0 0 0 0 0 0 0 0 0 0 0 0 0 0 0 0 0 0 0 0 0 0 0 0 0 0 0 0 0 0 0 0 0 0 0 0 0 0 0 0 0 0 0 0 0 0 0 0 0 0 0 0 0 0 0 0 0 0 0 0 0 0 0 0 0 0 0 0 0 0 0 0 0 0 0 0 0 0 0 0 0 0 0 0 0 0 0 0 0 0 0 0 0 0 0 0 0 0 0 0 0 0 0 0 0 0 0 0 0 0 0 0 0 0 0 0 0 0 0 0 0 0 0 0 0 0 0 0 0 0 0 0 0 0 0 0 0 0 0 0 0 0 0 0 0 0 0 0 0 0 0 0 0 0 0 0 0 0 0 0 0 0 0 0 0 0 0 0 0 0 0 0 0 0 0 0 0 0 0 0 0 0 0 0 0 0 0 0 0 0 0 0 0 0 0 0 0 0 0 0 0 0 0 0 0 0 0 0 0 0 0 0 0 0 0 0 0 0 0 0 0 0 0 0 0 0 0 0 0 0 0 0 0 0 0 0 0 0 0 0 0 0 0 0 0 0 0 0 0 0 0 0 0 0 0 0 0 0 0 0 0 0 0 0 0 0 0 0 0 0 0 0 0 0 0 0 0 0 0 0 0 0 0 0 0 0 0 0 0 0 0 0 0 0 0 0 0 0 0 0 0 0 0 0 0 0 0 0 0 0 0 0 0 0 0 0 0 0 0 0 0 0 0 0 0 0 0 0 0 0 0 0 0 0 0 0 0 0 0 0 0 0 0 0 0 0 0 0 0 0 0 0 0 0 0 0 0 0 0 0 0 0 0 0 0 0 0 0 0 0 0 0 0 0 0 0 0 0 0 0 0 0 0 0 0 0 0 0 0 0 0 0 0 0 0 0 0 0 0 0 0 0 0 0 0 0 0 0 0 0 0 0 0 0 0 0 0 0 0 0 0 0 0 0 0 0 0 0 0 0 0 0 0 0 0 0 0 0 0 0 0 0 0 0 0 0 0 0 0 0 0 0 0 0 0 0 0 0 0 0 0 0 0 0 0 0 0 0 0 0 0 0 0 0 0 0 0 0 0 0 0 0 0 0 0 0 0 0 0 0 0 0 0 0 0 0 0 0 0 0 0 0 0 0 0 0 0 0 0 0 0 0 0 0 0 0 0 0 0 0 0 0 0 0 0 0 0 0 0 0 0 0 0 0 0 0 0 0 0 0 0 0 0 0 0 0 0 0 0 0 0 0 0 0 0 0 0 0 0 0 0 0 0 0 0 0 0 0 0 0 0 0 0 0 0 0 0 0 0 0 0 0 0 0 0 0 0 0 0 0 0 0 0 0 0 0 0 0 0 0 0 0 0 0 0 0 0 0 0 0 0 0 0 0 0 0 0 0 0 0 0 0 0 0 0 0 0 0 0 0 0 0 0 0 0 0 0 0 0 0 0 0 0 0 0 0 0 0 0 0 0 0 0 0 0 0 0 0 0 0 0 0 0 0 0 0 0 0 0 0 0 0 0 0 0 0 0 0 0 0 0 0 0 0 0 0 0 0 0 0 0 0 0 0 0 0 0 0 0 0 0 0 0 0 0 0 0 0 0 0 0 0 0 0 0 0 0 0 0 0 0 0 0 0 0 0 0 0 0 0 0 0 0 0 0 0 0 0 0 0 0 0 0 0 0 0 0 0 0 0 0 0 0 0 0 0 0 0 0 0 0 0 0 0 0 0 0 0 0 0 0 0 0 0 0 0 0 0 0 0 0 0 0 0 0 0 0 0 0 0 0 0 0 0 0 0 0 0 0 0 0 0 0 0 0 0 0 0 0 0 0 0 0 0 0 0 0 0 0 0 0 0 0 0 0 0 0 0 0 0 0 0 0 0 0 0 0 0 0 0 0 0 0 0 0 0 0 0 0 0 0 0 0 0 0 0 0 0 0 0 0 0 0 0 0 0 0 0 0 0 0 0 0 0 0 0 0 0 0 0 0 0 0 0 0 0 0 0 0 0 0 0 0 0 0 0 0 0 0 0 0 0 0 0 0 0 0 0 0 0 0 0 0 0 0 0 0 0 0 0 0 0 0 0 0 0 0 0 0 0 0 0 0 0 0 0 0 0 0 0 0 0 0 0 0 0 0 0 0 0 0 0 0 0 0 0 0 0 0 0 0 0 0 0 0 0 0 0 0 0 0 0 0 0 0 0 0 0 0 0 0 0 0 0 0 0 0 0 0 0 0 0 0 0 0 0 0 0 0 0 0 0 0 0 0 0 0 0 0 0 0 0 0 0 0 0 0 0 0 0 0 0 0 0 0 0 0 0 0 0 0 0 0 0 0 0 0 0 0 0 0 0 0 0 0 0 0 0 0 0 0 0 0 0 0 0 0 0 0 0 0 0 0 0 0 0 0 0 0 0 0 0 0 0 0 0 0 0 0 0 0 0 0 0 0 0 0 0 0 0 0 0 0 0 0 0 0 0 0 0 0 0 0 0 0 0 0 0 0 0 0 0 0 0 0 0 0 0 0 0 0 0 0 0 0 0 0 0 0 0 0 0 0 0 0 0 0 0 0 0 0 0 0 0 0 0 0 0 0 0 0 0 0 0 0 0 0 0 0 0 0 0 0 0 0 0 0 0 0 0 0 0 0 0 0 0 0 0 0 0 0 0 0 0 0 0 0 0 0 0 0 0 0 0 0 0 0 0 0 0 0 0 0 0 0 0 0 0 0 0 0 0 0 0 0 0 0 0 0 0 0 0 0 0 0 0 0 0 0 0 0 0 0 0 0 0 0 0 0 0 0 0 0 0 0 0 0 0 0 0 0 0 0 0 0 0 0 0 0 0 0 0 0 0 0 0 0 0 0 0 0 0 0 0 0 0 0 0 0 0 0 0 0 0 0 0 0 0 0 0 0 0 0 0 0 0 0 0 0 0 0 0 0 0 0 0 0 0 0 0 0 0 0 0 0 0 0 0 0 0 0 0 0 0 0 0 0 0 0 0 0 0 0 0 0 0 0 0 0 0 0 0 0 0 0 0 0 0 0 0 0 0 0 0 0 0 0 0 0 0 0 0 0 0 0 0 0 0 0 0 0 0 0 0 0 0 0 0 0 0 0 0 0 0 0 0 0 0 0 0 0 0 0 0 0 0 0 0 0 0 0 0 0 0 0 0 0 0 0 0 0 0 0 0 0 0 0 0 0 0 0 0 0 0 0 0 0 0 0 0 0 0 0 0 0 0 0 0 0 0 0 0 0 0 0 0 0 0 0 0 0 0 0 0 0 0 0 0 0 0 0 0 0 0 0 0 0 0 0 0 0 0 0 0 0 0 0 0 0 0 0 0 0 0 0 0 0 0 0 0 0 0 0 0 0 0 0 0 0 0 0 0 0 0 0 0 0 0 0 0 0 0 0 0 0 0 0 0 0 0 0 0 0 0 0 0 0 0 0 0 0 0 0 0 0 0 0 0 0 0 0 0 0 0 0 0 0 0 0 0 0 0 0 0 0 0 0 0 0 0 0 0 0 0 0 0 0 0 0 0 0 0 0 0 0 0 0 0 0 0 0 0 0 0 0 0 0 0 0 0 0 0 0 0 0 0 0 0 0 0 0 0 0 0 0 0 0 0 0 0 0 0 0 0 0 0 0 0 0 0 0 0 0 0 0 0 0 0 0 0 0 0 0 0 0 0 0 0 0 0 0 0 0 0 0 0 0 0 0 0 0 0 0 0 0 0 0 0 0 0 0 0 0 0 0 0 0 0 0 0 0 0 0 0 0 0 0 0 0 0 0 0 0 0 0 0 0 0 0 0 0 0 0 0 0 0 0 0 0 0 0 0 0 0 0 0 0 0 0 0 0 0 0 0 0 0 0 0 0 0 0 0 0 0 0 0 0 0 0 0 0 0 0 0 0 0 0 0 0 0 0 0 0 0 0 0 0 0 0 0 0 0 0 0 0 0 0 0 0 0 0 0 0 0 0 0 0 0 0 0 0 0 0 0 0 0 0 0 0 0 0 0 0 0 0 0 0 0 0 0 0 0 0 0 0 0 0 0 0 0 0 0 0 0 </v>
        </vertex_weights>
      </skin>
    </controller>
  </library_controllers>
  <library_visual_scenes>
    <visual_scene id="Scene" name="Scene">
      <node id="Armature" name="Armature" type="NODE">
        <matrix sid="transform">1 0 0 0 0 1 0 0 0 0 1 0 0 0 0 1</matrix>
        <node id="Armature_Root" name="Root" sid="Root" type="JOINT">
          <matrix sid="transform">1 0 0 0 0 1 0 0 0 0 1 0 0 0 0 1</matrix>
        </node>
      </node>
      <node id="ComforterA_low__mReBody" name="ComforterA_low__mReBody" type="NODE">
        <instance_controller url="#Armature_ComforterA_low__mReBody-mesh">
          <skeleton>#Armature_Root</skeleton>
          <bind_material>
            <technique_common>
              <instance_material symbol="mReBody" target="#mReBody" />
              <bind_vertex_input semantic="CHANNEL0" input_semantic="TEXCOORD" input_set="0" />
              <bind_vertex_input semantic="CHANNEL1" input_semantic="TEXCOORD" input_set="1" />
              <bind_vertex_input semantic="CHANNEL2" input_semantic="TEXCOORD" input_set="2" />
            </technique_common>
          </bind_material>
        </instance_controller>
      </node>
    </visual_scene>
  </library_visual_scenes>
  <scene>
    <instance_visual_scene url="#Scene" />
  </scene>
</COLLADA>